<?xml version='1.0' encoding='UTF-8'?>
<smallbismark>
 <comment name='WARNING'>This is a draft version of small-BiSMark. Specification is the subject to change!</comment>
 <motif name='brk' id='BRK.MTF'>
  <PPM length='13'>
   <pm-column position='1'>
    <a>0.0</a>
    <c>0.2</c>
    <g>0.1</g>
    <t>0.7</t>
   </pm-column>
   <pm-column position='2'>
    <a>0.2</a>
    <c>0.1</c>
    <g>0.3</g>
    <t>0.4</t>
   </pm-column>
   <pm-column position='3'>
    <a>0.2</a>
    <c>0.4</c>
    <g>0.3</g>
    <t>0.1</t>
   </pm-column>
   <pm-column position='4'>
    <a>0.2</a>
    <c>0.6</c>
    <g>0.2</g>
    <t>0.0</t>
   </pm-column>
   <pm-column position='5'>
    <a>0.0</a>
    <c>0.1</c>
    <g>0.0</g>
    <t>0.9</t>
   </pm-column>
   <pm-column position='6'>
    <a>0.0</a>
    <c>0.0</c>
    <g>1.0</g>
    <t>0.0</t>
   </pm-column>
   <pm-column position='7'>
    <a>0.0</a>
    <c>0.0</c>
    <g>1.0</g>
    <t>0.0</t>
   </pm-column>
   <pm-column position='8'>
    <a>0.0</a>
    <c>0.9</c>
    <g>0.1</g>
    <t>0.0</t>
   </pm-column>
   <pm-column position='9'>
    <a>0.1</a>
    <c>0.0</c>
    <g>0.9</g>
    <t>0.0</t>
   </pm-column>
   <pm-column position='10'>
    <a>0.1</a>
    <c>0.5</c>
    <g>0.3</g>
    <t>0.1</t>
   </pm-column>
   <pm-column position='11'>
    <a>0.0</a>
    <c>0.6</c>
    <g>0.1</g>
    <t>0.3</t>
   </pm-column>
   <pm-column position='12'>
    <a>0.3</a>
    <c>0.0</c>
    <g>0.5</g>
    <t>0.2</t>
   </pm-column>
   <pm-column position='13'>
    <a>0.2</a>
    <c>0.7</c>
    <g>0.0</g>
    <t>0.1</t>
   </pm-column>
  </PPM>
  <PWM length='13'>
   <pm-column position='1'>
    <a>-2.39789527279837</a>
    <c>-0.200670695462151</c>
    <g>-0.78845736036427</g>
    <t>0.969400557188103</t>
   </pm-column>
   <pm-column position='2'>
    <a>-0.200670695462151</a>
    <c>-0.78845736036427</c>
    <g>0.167054084663166</g>
    <t>0.435318071257846</t>
   </pm-column>
   <pm-column position='3'>
    <a>-0.200670695462151</a>
    <c>0.435318071257846</c>
    <g>0.167054084663166</g>
    <t>-0.78845736036427</t>
   </pm-column>
   <pm-column position='4'>
    <a>-0.200670695462151</a>
    <c>0.82098055206983</c>
    <g>-0.200670695462151</g>
    <t>-2.39789527279837</t>
   </pm-column>
   <pm-column position='5'>
    <a>-2.39789527279837</a>
    <c>-0.78845736036427</c>
    <g>-2.39789527279837</g>
    <t>1.21302263984585</t>
   </pm-column>
   <pm-column position='6'>
    <a>-2.39789527279837</a>
    <c>-2.39789527279837</c>
    <g>1.31567679390594</g>
    <t>-2.39789527279837</t>
   </pm-column>
   <pm-column position='7'>
    <a>-2.39789527279837</a>
    <c>-2.39789527279837</c>
    <g>1.31567679390594</g>
    <t>-2.39789527279837</t>
   </pm-column>
   <pm-column position='8'>
    <a>-2.39789527279837</a>
    <c>1.21302263984585</c>
    <g>-0.78845736036427</g>
    <t>-2.39789527279837</t>
   </pm-column>
   <pm-column position='9'>
    <a>-0.78845736036427</a>
    <c>-2.39789527279837</c>
    <g>1.21302263984585</g>
    <t>-2.39789527279837</t>
   </pm-column>
   <pm-column position='10'>
    <a>-0.78845736036427</a>
    <c>0.646627164925052</c>
    <g>0.167054084663166</g>
    <t>-0.78845736036427</t>
   </pm-column>
   <pm-column position='11'>
    <a>-2.39789527279837</a>
    <c>0.82098055206983</c>
    <g>-0.78845736036427</g>
    <t>0.167054084663166</t>
   </pm-column>
   <pm-column position='12'>
    <a>0.167054084663166</a>
    <c>-2.39789527279837</c>
    <g>0.646627164925052</g>
    <t>-0.200670695462151</t>
   </pm-column>
   <pm-column position='13'>
    <a>-0.200670695462151</a>
    <c>0.969400557188103</c>
    <g>-2.39789527279837</g>
    <t>-0.78845736036427</t>
   </pm-column>
  </PWM>
  <word-list size='10'>
   <word score='9.87786110371724'>TTGGTGGCGCCTC</word>
   <word score='8.68985215038031'>TTCATGGCGCTAA</word>
   <word score='8.24410588363243'>TTGATGGGGGCGC</word>
   <word score='8.57525895877604'>TGCCCGGCGCCGA</word>
   <word score='7.09197233166884'>CGACTGGCACCTC</word>
   <word score='6.30844108964063'>GATCTGGCGTTGC</word>
   <word score='7.8549899135258'>TACCTGGCGAGAC</word>
   <word score='7.85173919957018'>CCGGTGGCGGCGC</word>
   <word score='8.48772796629018'>TTACTGGCGCTAT</word>
   <word score='11.2672371313745'>TGCCTGGCGGCGC</word>
  </word-list>
 </motif>
</smallbismark>