<?xml version='1.0' encoding='UTF-8'?>
<smallbismark>
 <comment name='WARNING'>This is a draft version of small-BiSMark. Specification is the subject to change!</comment>
 <motif name='brk' id='BRK.MTF'>
  <PPM length='12'>
   <pm-column position='1'>
    <a>0.2</a>
    <c>0.0</c>
    <g>0.3</g>
    <t>0.5</t>
   </pm-column>
   <pm-column position='2'>
    <a>0.2</a>
    <c>0.4</c>
    <g>0.3</g>
    <t>0.1</t>
   </pm-column>
   <pm-column position='3'>
    <a>0.1</a>
    <c>0.5</c>
    <g>0.4</g>
    <t>0.0</t>
   </pm-column>
   <pm-column position='4'>
    <a>0.0</a>
    <c>0.2</c>
    <g>0.2</g>
    <t>0.6</t>
   </pm-column>
   <pm-column position='5'>
    <a>0.0</a>
    <c>0.0</c>
    <g>1.0</g>
    <t>0.0</t>
   </pm-column>
   <pm-column position='6'>
    <a>0.0</a>
    <c>0.0</c>
    <g>1.0</g>
    <t>0.0</t>
   </pm-column>
   <pm-column position='7'>
    <a>0.0</a>
    <c>1.0</c>
    <g>0.0</g>
    <t>0.0</t>
   </pm-column>
   <pm-column position='8'>
    <a>0.1</a>
    <c>0.0</c>
    <g>0.9</g>
    <t>0.0</t>
   </pm-column>
   <pm-column position='9'>
    <a>0.1</a>
    <c>0.8</c>
    <g>0.0</g>
    <t>0.1</t>
   </pm-column>
   <pm-column position='10'>
    <a>0.0</a>
    <c>0.5</c>
    <g>0.1</g>
    <t>0.4</t>
   </pm-column>
   <pm-column position='11'>
    <a>0.3</a>
    <c>0.0</c>
    <g>0.5</g>
    <t>0.2</t>
   </pm-column>
   <pm-column position='12'>
    <a>0.3</a>
    <c>0.6</c>
    <g>0.0</g>
    <t>0.1</t>
   </pm-column>
  </PPM>
  <PWM length='12'>
   <pm-column position='1'>
    <a>-0.200670695462151</a>
    <c>-2.39789527279837</c>
    <g>0.167054084663166</g>
    <t>0.646627164925052</t>
   </pm-column>
   <pm-column position='2'>
    <a>-0.200670695462151</a>
    <c>0.435318071257846</c>
    <g>0.167054084663166</g>
    <t>-0.78845736036427</t>
   </pm-column>
   <pm-column position='3'>
    <a>-0.78845736036427</a>
    <c>0.646627164925052</c>
    <g>0.435318071257846</g>
    <t>-2.39789527279837</t>
   </pm-column>
   <pm-column position='4'>
    <a>-2.39789527279837</a>
    <c>-0.200670695462151</c>
    <g>-0.200670695462151</g>
    <t>0.82098055206983</t>
   </pm-column>
   <pm-column position='5'>
    <a>-2.39789527279837</a>
    <c>-2.39789527279837</c>
    <g>1.31567679390594</g>
    <t>-2.39789527279837</t>
   </pm-column>
   <pm-column position='6'>
    <a>-2.39789527279837</a>
    <c>-2.39789527279837</c>
    <g>1.31567679390594</g>
    <t>-2.39789527279837</t>
   </pm-column>
   <pm-column position='7'>
    <a>-2.39789527279837</a>
    <c>1.31567679390594</c>
    <g>-2.39789527279837</g>
    <t>-2.39789527279837</t>
   </pm-column>
   <pm-column position='8'>
    <a>-0.78845736036427</a>
    <c>-2.39789527279837</c>
    <g>1.21302263984585</g>
    <t>-2.39789527279837</t>
   </pm-column>
   <pm-column position='9'>
    <a>-0.78845736036427</a>
    <c>1.09861228866811</c>
    <g>-2.39789527279837</g>
    <t>-0.78845736036427</t>
   </pm-column>
   <pm-column position='10'>
    <a>-2.39789527279837</a>
    <c>0.646627164925052</c>
    <g>-0.78845736036427</g>
    <t>0.435318071257846</t>
   </pm-column>
   <pm-column position='11'>
    <a>0.167054084663166</a>
    <c>-2.39789527279837</c>
    <g>0.646627164925052</g>
    <t>-0.200670695462151</t>
   </pm-column>
   <pm-column position='12'>
    <a>0.167054084663166</a>
    <c>0.82098055206983</c>
    <g>-2.39789527279837</g>
    <t>-0.78845736036427</t>
   </pm-column>
  </PWM>
  <word-list size='10'>
   <word score='9.5955822046804'>TGGTGGCGCCTC</word>
   <word score='8.14255997870441'>TCATGGCGCTAA</word>
   <word score='9.42122881753562'>TGGGGGCGCCGC</word>
   <word score='8.76730235012896'>GCCCGGCGCCGA</word>
   <word score='6.95811343775028'>GACTGGCACCTC</word>
   <word score='6.75300111062059'>ATCTGGCGTTGC</word>
   <word score='6.2734280303587'>ACCTGGCGAGAC</word>
   <word score='8.55599325646175'>TGGCGGCGCTGA</word>
   <word score='7.9861442922463'>TACTGGCGCTAT</word>
   <word score='9.20991972386842'>GCGGGGCGCCGC</word>
  </word-list>
 </motif>
</smallbismark>