<?xml version='1.0' encoding='UTF-8'?>
<smallbismark>
 <comment name='WARNING'>This is a draft version of small-BiSMark. Specification is the subject to change!</comment>
 <motif name='brk' id='BRK.MTF'>
  <comment name='discrete information content by position'>[-0.713886699994546, -0.552942908751142, 0.0, 0.0, -0.230258509299405, -0.230258509299405, -0.380666248971164, -0.534710753071741]</comment>
  <comment name='discrete information content'>-2.6427236293874</comment>
  <comment name='number of sequences in the corresponding alignment'>10</comment>
  <PPM length='8'>
   <pm-column position='1'>
    <a>0.1</a>
    <c>0.5</c>
    <g>0.4</g>
    <t>0.0</t>
   </pm-column>
   <pm-column position='2'>
    <a>0.0</a>
    <c>0.5</c>
    <g>0.0</g>
    <t>0.5</t>
   </pm-column>
   <pm-column position='3'>
    <a>0.0</a>
    <c>0.0</c>
    <g>1.0</g>
    <t>0.0</t>
   </pm-column>
   <pm-column position='4'>
    <a>0.0</a>
    <c>0.0</c>
    <g>1.0</g>
    <t>0.0</t>
   </pm-column>
   <pm-column position='5'>
    <a>0.1</a>
    <c>0.9</c>
    <g>0.0</g>
    <t>0.0</t>
   </pm-column>
   <pm-column position='6'>
    <a>0.1</a>
    <c>0.0</c>
    <g>0.9</g>
    <t>0.0</t>
   </pm-column>
   <pm-column position='7'>
    <a>0.0</a>
    <c>0.8</c>
    <g>0.0</g>
    <t>0.2</t>
   </pm-column>
   <pm-column position='8'>
    <a>0.0</a>
    <c>0.6</c>
    <g>0.0</g>
    <t>0.4</t>
   </pm-column>
  </PPM>
  <PWM length='8'>
   <pm-column position='1'>
    <a>-0.78845736036427</a>
    <c>0.646627164925052</c>
    <g>0.435318071257846</g>
    <t>-2.39789527279837</t>
   </pm-column>
   <pm-column position='2'>
    <a>-2.39789527279837</a>
    <c>0.646627164925052</c>
    <g>-2.39789527279837</g>
    <t>0.646627164925052</t>
   </pm-column>
   <pm-column position='3'>
    <a>-2.39789527279837</a>
    <c>-2.39789527279837</c>
    <g>1.31567679390594</g>
    <t>-2.39789527279837</t>
   </pm-column>
   <pm-column position='4'>
    <a>-2.39789527279837</a>
    <c>-2.39789527279837</c>
    <g>1.31567679390594</g>
    <t>-2.39789527279837</t>
   </pm-column>
   <pm-column position='5'>
    <a>-0.78845736036427</a>
    <c>1.21302263984585</c>
    <g>-2.39789527279837</g>
    <t>-2.39789527279837</t>
   </pm-column>
   <pm-column position='6'>
    <a>-0.78845736036427</a>
    <c>-2.39789527279837</c>
    <g>1.21302263984585</g>
    <t>-2.39789527279837</t>
   </pm-column>
   <pm-column position='7'>
    <a>-2.39789527279837</a>
    <c>1.09861228866811</c>
    <g>-2.39789527279837</g>
    <t>-0.200670695462151</t>
   </pm-column>
   <pm-column position='8'>
    <a>-2.39789527279837</a>
    <c>0.82098055206983</c>
    <g>-2.39789527279837</g>
    <t>0.435318071257846</t>
   </pm-column>
  </PWM>
  <word-list size='10'>
   <word score='8.05893694442442'>GTGGCGCC</word>
   <word score='6.44949903199032'>ATGGCGCT</word>
   <word score='8.05893694442442'>GCGGCGCC</word>
   <word score='8.27024603809163'>CCGGCGCC</word>
   <word score='6.2687660378815'>CTGGCACC</word>
   <word score='6.58530057314938'>CTGGCGTT</word>
   <word score='4.96948305375124'>CCGGAGTC</word>
   <word score='7.67327446361244'>GCGGCGCT</word>
   <word score='7.88458355727964'>CTGGCGCT</word>
   <word score='8.05893694442442'>GCGGCGCC</word>
  </word-list>
 </motif>
</smallbismark>