<?xml version='1.0' encoding='UTF-8'?>
<smallbismark>
 <comment name='WARNING'>This is a draft version of small-BiSMark. Specification is the subject to change!</comment>
 <motif name='brk' id='BRK.MTF'>
  <PPM length='9'>
   <pm-column position='1'>
    <a>0.0</a>
    <c>0.1</c>
    <g>0.1</g>
    <t>0.8</t>
   </pm-column>
   <pm-column position='2'>
    <a>0.0</a>
    <c>0.0</c>
    <g>1.0</g>
    <t>0.0</t>
   </pm-column>
   <pm-column position='3'>
    <a>0.0</a>
    <c>0.0</c>
    <g>1.0</g>
    <t>0.0</t>
   </pm-column>
   <pm-column position='4'>
    <a>0.0</a>
    <c>1.0</c>
    <g>0.0</g>
    <t>0.0</t>
   </pm-column>
   <pm-column position='5'>
    <a>0.1</a>
    <c>0.0</c>
    <g>0.9</g>
    <t>0.0</t>
   </pm-column>
   <pm-column position='6'>
    <a>0.1</a>
    <c>0.6</c>
    <g>0.2</g>
    <t>0.1</t>
   </pm-column>
   <pm-column position='7'>
    <a>0.0</a>
    <c>0.6</c>
    <g>0.1</g>
    <t>0.3</t>
   </pm-column>
   <pm-column position='8'>
    <a>0.3</a>
    <c>0.0</c>
    <g>0.5</g>
    <t>0.2</t>
   </pm-column>
   <pm-column position='9'>
    <a>0.2</a>
    <c>0.7</c>
    <g>0.0</g>
    <t>0.1</t>
   </pm-column>
  </PPM>
  <PWM length='9'>
   <pm-column position='1'>
    <a>-2.39789527279837</a>
    <c>-0.78845736036427</c>
    <g>-0.78845736036427</g>
    <t>1.09861228866811</t>
   </pm-column>
   <pm-column position='2'>
    <a>-2.39789527279837</a>
    <c>-2.39789527279837</c>
    <g>1.31567679390594</g>
    <t>-2.39789527279837</t>
   </pm-column>
   <pm-column position='3'>
    <a>-2.39789527279837</a>
    <c>-2.39789527279837</c>
    <g>1.31567679390594</g>
    <t>-2.39789527279837</t>
   </pm-column>
   <pm-column position='4'>
    <a>-2.39789527279837</a>
    <c>1.31567679390594</c>
    <g>-2.39789527279837</g>
    <t>-2.39789527279837</t>
   </pm-column>
   <pm-column position='5'>
    <a>-0.78845736036427</a>
    <c>-2.39789527279837</c>
    <g>1.21302263984585</g>
    <t>-2.39789527279837</t>
   </pm-column>
   <pm-column position='6'>
    <a>-0.78845736036427</a>
    <c>0.82098055206983</c>
    <g>-0.200670695462151</g>
    <t>-0.78845736036427</t>
   </pm-column>
   <pm-column position='7'>
    <a>-2.39789527279837</a>
    <c>0.82098055206983</c>
    <g>-0.78845736036427</g>
    <t>0.167054084663166</t>
   </pm-column>
   <pm-column position='8'>
    <a>0.167054084663166</a>
    <c>-2.39789527279837</c>
    <g>0.646627164925052</g>
    <t>-0.200670695462151</t>
   </pm-column>
   <pm-column position='9'>
    <a>-0.200670695462151</a>
    <c>0.969400557188103</c>
    <g>-2.39789527279837</g>
    <t>-0.78845736036427</t>
   </pm-column>
  </PWM>
  <word-list size='10'>
   <word score='8.66935627609739'>TGGCGCCTC</word>
   <word score='7.21308333616579'>TGGCGCTAA</word>
   <word score='7.62958448745221'>GGGCGCCGC</word>
   <word score='6.45951323480196'>CGGCGCCGA</word>
   <word score='6.66787627588726'>TGGCACCTC</word>
   <word score='7.25328975664383'>TGGCGTTGC</word>
   <word score='5.81820523135451'>TGGCGAGAC</word>
   <word score='8.49500288895261'>TGGCGGCGC</word>
   <word score='6.62529667126367'>TGGCGCTAT</word>
   <word score='8.49500288895261'>TGGCGGCGC</word>
  </word-list>
 </motif>
</smallbismark>