<?xml version='1.0' encoding='UTF-8'?>
<smallbismark>
 <comment name='WARNING'>This is a draft version of small-BiSMark. Specification is the subject to change!</comment>
 <motif name='byn' id='BYN.MTF'>
  <PPM length='7'>
   <pm-column position='1'>
    <a>1.0</a>
    <c>0.0</c>
    <g>0.0</g>
    <t>0.0</t>
   </pm-column>
   <pm-column position='2'>
    <a>0.555555555555556</a>
    <c>0.222222222222222</c>
    <g>0.0</g>
    <t>0.222222222222222</t>
   </pm-column>
   <pm-column position='3'>
    <a>0.777777777777778</a>
    <c>0.111111111111111</c>
    <g>0.111111111111111</g>
    <t>0.0</t>
   </pm-column>
   <pm-column position='4'>
    <a>0.0</a>
    <c>0.0</c>
    <g>0.111111111111111</g>
    <t>0.888888888888889</t>
   </pm-column>
   <pm-column position='5'>
    <a>0.0</a>
    <c>0.555555555555556</c>
    <g>0.0</g>
    <t>0.444444444444444</t>
   </pm-column>
   <pm-column position='6'>
    <a>0.0</a>
    <c>0.0</c>
    <g>0.888888888888889</g>
    <t>0.111111111111111</t>
   </pm-column>
   <pm-column position='7'>
    <a>0.111111111111111</a>
    <c>0.888888888888889</c>
    <g>0.0</g>
    <t>0.0</t>
   </pm-column>
  </PPM>
  <PWM length='7'>
   <pm-column position='1'>
    <a>1.30833281965018</a>
    <c>-2.30258509299405</c>
    <g>-2.30258509299405</g>
    <t>-2.30258509299405</t>
   </pm-column>
   <pm-column position='2'>
    <a>0.741937344729377</a>
    <c>-0.105360515657826</c>
    <g>-2.30258509299405</g>
    <t>-0.105360515657826</t>
   </pm-column>
   <pm-column position='3'>
    <a>1.06471073699243</a>
    <c>-0.693147180559945</c>
    <g>-0.693147180559945</g>
    <t>-2.30258509299405</t>
   </pm-column>
   <pm-column position='4'>
    <a>-2.30258509299405</a>
    <c>-2.30258509299405</c>
    <g>-0.693147180559945</g>
    <t>1.19392246847243</t>
   </pm-column>
   <pm-column position='5'>
    <a>-2.30258509299405</a>
    <c>0.741937344729377</c>
    <g>-2.30258509299405</g>
    <t>0.53062825106217</t>
   </pm-column>
   <pm-column position='6'>
    <a>-2.30258509299405</a>
    <c>-2.30258509299405</c>
    <g>1.19392246847243</g>
    <t>-0.693147180559945</t>
   </pm-column>
   <pm-column position='7'>
    <a>-0.693147180559945</a>
    <c>1.19392246847243</c>
    <g>-2.30258509299405</g>
    <t>-2.30258509299405</t>
   </pm-column>
  </PWM>
  <word-list size='9'>
   <word score='5.34030690881908'>AAAGTGC</word>
   <word score='6.59138779113146'>ATATCGC</word>
   <word score='5.68082773396629'>AAGTCGC</word>
   <word score='7.43868565151867'>AAATCGC</word>
   <word score='4.83352987357909'>ACCTCGC</word>
   <word score='2.6059393993995'>ATATTTA</word>
   <word score='7.22737655785146'>AAATTGC</word>
   <word score='7.43868565151867'>AAATCGC</word>
   <word score='6.38007869746426'>ACATTGC</word>
  </word-list>
 </motif>
</smallbismark>