<?xml version='1.0' encoding='UTF-8'?>
<smallbismark>
 <comment name='WARNING'>This is a draft version of small-BiSMark. Specification is the subject to change!</comment>
 <motif name='br-Z4' id='BR_Z4.MTF'>
  <comment name='discrete information content by position'>[-0.416525563764566, -0.25993019270998, -0.503168961341894, -0.640495497418073, -0.503168961341719, -0.640495497418073, -0.755031838894999, -0.531061905256154, -0.25993019270998, -0.503168961341719, 0.0, -0.25993019270998, -0.640495497418073, -0.640495497418073, -0.640495497418073]</comment>
  <comment name='discrete information content'>-7.19439425716136</comment>
  <comment name='number of sequences in the corresponding alignment'>8</comment>
  <PPM length='15'>
   <pm-column position='1'>
    <a>0.75</a>
    <c>0.0</c>
    <g>0.0</g>
    <t>0.25</t>
   </pm-column>
   <pm-column position='2'>
    <a>0.125</a>
    <c>0.0</c>
    <g>0.0</g>
    <t>0.875</t>
   </pm-column>
   <pm-column position='3'>
    <a>0.75</a>
    <c>0.125</c>
    <g>0.0</g>
    <t>0.125</t>
   </pm-column>
   <pm-column position='4'>
    <a>0.25</a>
    <c>0.125</c>
    <g>0.625</g>
    <t>0.0</t>
   </pm-column>
   <pm-column position='5'>
    <a>0.375</a>
    <c>0.0</c>
    <g>0.0</g>
    <t>0.625</t>
   </pm-column>
   <pm-column position='6'>
    <a>0.0</a>
    <c>0.125</c>
    <g>0.625</g>
    <t>0.25</t>
   </pm-column>
   <pm-column position='7'>
    <a>0.25</a>
    <c>0.25</c>
    <g>0.0</g>
    <t>0.5</t>
   </pm-column>
   <pm-column position='8'>
    <a>0.5</a>
    <c>0.0</c>
    <g>0.0</g>
    <t>0.5</t>
   </pm-column>
   <pm-column position='9'>
    <a>0.875</a>
    <c>0.125</c>
    <g>0.0</g>
    <t>0.0</t>
   </pm-column>
   <pm-column position='10'>
    <a>0.625</a>
    <c>0.0</c>
    <g>0.0</g>
    <t>0.375</t>
   </pm-column>
   <pm-column position='11'>
    <a>0.0</a>
    <c>0.0</c>
    <g>0.0</g>
    <t>1.0</t>
   </pm-column>
   <pm-column position='12'>
    <a>0.875</a>
    <c>0.125</c>
    <g>0.0</g>
    <t>0.0</t>
   </pm-column>
   <pm-column position='13'>
    <a>0.625</a>
    <c>0.0</c>
    <g>0.125</g>
    <t>0.25</t>
   </pm-column>
   <pm-column position='14'>
    <a>0.0</a>
    <c>0.125</c>
    <g>0.25</g>
    <t>0.625</t>
   </pm-column>
   <pm-column position='15'>
    <a>0.625</a>
    <c>0.125</c>
    <g>0.0</g>
    <t>0.25</t>
   </pm-column>
  </PPM>
  <PWM length='15'>
   <pm-column position='1'>
    <a>1.02165124753198</a>
    <c>-2.19722457733622</c>
    <g>-2.19722457733622</g>
    <t>0.0</t>
   </pm-column>
   <pm-column position='2'>
    <a>-0.587786664902119</a>
    <c>-2.19722457733622</c>
    <g>-2.19722457733622</g>
    <t>1.17007125265025</t>
   </pm-column>
   <pm-column position='3'>
    <a>1.02165124753198</a>
    <c>-0.587786664902119</c>
    <g>-2.19722457733622</g>
    <t>-0.587786664902119</t>
   </pm-column>
   <pm-column position='4'>
    <a>0.0</a>
    <c>-0.587786664902119</c>
    <g>0.847297860387204</g>
    <t>-2.19722457733622</t>
   </pm-column>
   <pm-column position='5'>
    <a>0.367724780125317</a>
    <c>-2.19722457733622</c>
    <g>-2.19722457733622</g>
    <t>0.847297860387204</t>
   </pm-column>
   <pm-column position='6'>
    <a>-2.19722457733622</a>
    <c>-0.587786664902119</c>
    <g>0.847297860387204</g>
    <t>0.0</t>
   </pm-column>
   <pm-column position='7'>
    <a>0.0</a>
    <c>0.0</c>
    <g>-2.19722457733622</g>
    <t>0.635988766719997</t>
   </pm-column>
   <pm-column position='8'>
    <a>0.635988766719997</a>
    <c>-2.19722457733622</c>
    <g>-2.19722457733622</g>
    <t>0.635988766719997</t>
   </pm-column>
   <pm-column position='9'>
    <a>1.17007125265025</a>
    <c>-0.587786664902119</c>
    <g>-2.19722457733622</g>
    <t>-2.19722457733622</t>
   </pm-column>
   <pm-column position='10'>
    <a>0.847297860387204</a>
    <c>-2.19722457733622</c>
    <g>-2.19722457733622</g>
    <t>0.367724780125317</t>
   </pm-column>
   <pm-column position='11'>
    <a>-2.19722457733622</a>
    <c>-2.19722457733622</c>
    <g>-2.19722457733622</g>
    <t>1.29928298413026</t>
   </pm-column>
   <pm-column position='12'>
    <a>1.17007125265025</a>
    <c>-0.587786664902119</c>
    <g>-2.19722457733622</g>
    <t>-2.19722457733622</t>
   </pm-column>
   <pm-column position='13'>
    <a>0.847297860387204</a>
    <c>-2.19722457733622</c>
    <g>-0.587786664902119</g>
    <t>0.0</t>
   </pm-column>
   <pm-column position='14'>
    <a>-2.19722457733622</a>
    <c>-0.587786664902119</c>
    <g>0.0</g>
    <t>0.847297860387204</t>
   </pm-column>
   <pm-column position='15'>
    <a>0.847297860387204</a>
    <c>-0.587786664902119</c>
    <g>-2.19722457733622</g>
    <t>0.0</t>
   </pm-column>
  </PWM>
  <word-list size='8'>
   <word score='10.657917560637'>ATAAACAAAATAATA</word>
   <word score='7.07931263698332'>TTAGTTTACTTAACC</word>
   <word score='9.31674363479758'>ATTCTGTAAATATTT</word>
   <word score='10.2240529780071'>TTAGAGCTAATATGA</word>
   <word score='11.8184307954811'>AAAGTGTTATTAATA</word>
   <word score='9.96741938824863'>ATAGTGCTAATCAGT</word>
   <word score='9.20489533466101'>ATCAAGTAATTAGTA</word>
   <word score='12.5725751661882'>ATAGTTATAATAATA</word>
  </word-list>
 </motif>
</smallbismark>