<?xml version='1.0' encoding='UTF-8'?>
<smallbismark>
 <comment name='WARNING'>This is a draft version of small-BiSMark. Specification is the subject to change!</comment>
 <motif name='br-Z4' id='BR_Z4.MTF'>
  <comment name='discrete information content by position'>[-0.25993019270998, 0.0, 0.0, -0.25993019270998, -0.640495497418073, -0.503168961341719]</comment>
  <comment name='discrete information content'>-1.66352484417975</comment>
  <comment name='number of sequences in the corresponding alignment'>8</comment>
  <PPM length='6'>
   <pm-column position='1'>
    <a>0.875</a>
    <c>0.0</c>
    <g>0.0</g>
    <t>0.125</t>
   </pm-column>
   <pm-column position='2'>
    <a>0.0</a>
    <c>0.0</c>
    <g>0.0</g>
    <t>1.0</t>
   </pm-column>
   <pm-column position='3'>
    <a>0.0</a>
    <c>0.0</c>
    <g>0.0</g>
    <t>1.0</t>
   </pm-column>
   <pm-column position='4'>
    <a>0.875</a>
    <c>0.0</c>
    <g>0.0</g>
    <t>0.125</t>
   </pm-column>
   <pm-column position='5'>
    <a>0.125</a>
    <c>0.0</c>
    <g>0.625</g>
    <t>0.25</t>
   </pm-column>
   <pm-column position='6'>
    <a>0.0</a>
    <c>0.375</c>
    <g>0.0</g>
    <t>0.625</t>
   </pm-column>
  </PPM>
  <PWM length='6'>
   <pm-column position='1'>
    <a>1.17007125265025</a>
    <c>-2.19722457733622</c>
    <g>-2.19722457733622</g>
    <t>-0.587786664902119</t>
   </pm-column>
   <pm-column position='2'>
    <a>-2.19722457733622</a>
    <c>-2.19722457733622</c>
    <g>-2.19722457733622</g>
    <t>1.29928298413026</t>
   </pm-column>
   <pm-column position='3'>
    <a>-2.19722457733622</a>
    <c>-2.19722457733622</c>
    <g>-2.19722457733622</g>
    <t>1.29928298413026</t>
   </pm-column>
   <pm-column position='4'>
    <a>1.17007125265025</a>
    <c>-2.19722457733622</c>
    <g>-2.19722457733622</g>
    <t>-0.587786664902119</t>
   </pm-column>
   <pm-column position='5'>
    <a>-0.587786664902119</a>
    <c>-2.19722457733622</c>
    <g>0.847297860387204</g>
    <t>0.0</t>
   </pm-column>
   <pm-column position='6'>
    <a>-2.19722457733622</a>
    <c>0.367724780125317</c>
    <g>-2.19722457733622</g>
    <t>0.847297860387204</t>
   </pm-column>
  </PWM>
  <word-list size='10'>
   <word score='5.78600633394823'>ATTATT</word>
   <word score='5.78600633394823'>ATTATT</word>
   <word score='4.87544627678306'>TTTAGT</word>
   <word score='4.87544627678306'>ATTTGT</word>
   <word score='6.15373111407355'>ATTAGC</word>
   <word score='5.19821966904612'>ATTAAT</word>
   <word score='5.19821966904612'>ATTAAT</word>
   <word score='6.15373111407355'>ATTAGC</word>
   <word score='6.63330419433544'>ATTAGT</word>
   <word score='5.30643325368635'>ATTATC</word>
  </word-list>
 </motif>
</smallbismark>