<?xml version='1.0' encoding='UTF-8'?>
<smallbismark>
 <comment name='WARNING'>This is a draft version of small-BiSMark. Specification is the subject to change!</comment>
 <motif name='br-Z4' id='BR_Z4.MTF'>
  <PPM length='7'>
   <pm-column position='1'>
    <a>0.875</a>
    <c>0.0</c>
    <g>0.0</g>
    <t>0.125</t>
   </pm-column>
   <pm-column position='2'>
    <a>0.25</a>
    <c>0.0</c>
    <g>0.0</g>
    <t>0.75</t>
   </pm-column>
   <pm-column position='3'>
    <a>0.0</a>
    <c>0.0</c>
    <g>0.0</g>
    <t>1.0</t>
   </pm-column>
   <pm-column position='4'>
    <a>1.0</a>
    <c>0.0</c>
    <g>0.0</g>
    <t>0.0</t>
   </pm-column>
   <pm-column position='5'>
    <a>0.125</a>
    <c>0.0</c>
    <g>0.625</g>
    <t>0.25</t>
   </pm-column>
   <pm-column position='6'>
    <a>0.0</a>
    <c>0.25</c>
    <g>0.0</g>
    <t>0.75</t>
   </pm-column>
   <pm-column position='7'>
    <a>0.375</a>
    <c>0.0</c>
    <g>0.0</g>
    <t>0.625</t>
   </pm-column>
  </PPM>
  <PWM length='7'>
   <pm-column position='1'>
    <a>1.17007125265025</a>
    <c>-2.19722457733622</c>
    <g>-2.19722457733622</g>
    <t>-0.587786664902119</t>
   </pm-column>
   <pm-column position='2'>
    <a>0.0</a>
    <c>-2.19722457733622</c>
    <g>-2.19722457733622</g>
    <t>1.02165124753198</t>
   </pm-column>
   <pm-column position='3'>
    <a>-2.19722457733622</a>
    <c>-2.19722457733622</c>
    <g>-2.19722457733622</g>
    <t>1.29928298413026</t>
   </pm-column>
   <pm-column position='4'>
    <a>1.29928298413026</a>
    <c>-2.19722457733622</c>
    <g>-2.19722457733622</g>
    <t>-2.19722457733622</t>
   </pm-column>
   <pm-column position='5'>
    <a>-0.587786664902119</a>
    <c>-2.19722457733622</c>
    <g>0.847297860387204</g>
    <t>0.0</t>
   </pm-column>
   <pm-column position='6'>
    <a>-2.19722457733622</a>
    <c>0.0</c>
    <g>-2.19722457733622</g>
    <t>1.02165124753198</t>
   </pm-column>
   <pm-column position='7'>
    <a>0.367724780125317</a>
    <c>-2.19722457733622</c>
    <g>-2.19722457733622</g>
    <t>0.847297860387204</t>
   </pm-column>
  </PWM>
  <word-list size='11'>
   <word score='6.65923757636194'>ATTATTT</word>
   <word score='6.65923757636194'>ATTATTT</word>
   <word score='5.74867751919677'>TTTAGTT</word>
   <word score='5.63758632882996'>AATATTT</word>
   <word score='5.63758632882996'>AATATTT</word>
   <word score='6.48488418921716'>ATTAGCT</word>
   <word score='5.59187783119794'>ATTAATA</word>
   <word score='5.59187783119794'>ATTAATA</word>
   <word score='6.00531110895528'>ATTAGCA</word>
   <word score='7.02696235648726'>ATTAGTA</word>
   <word score='6.48488418921716'>AATAGTT</word>
  </word-list>
 </motif>
</smallbismark>