<?xml version='1.0' encoding='UTF-8'?>
<smallbismark>
 <comment name='WARNING'>This is a draft version of small-BiSMark. Specification is the subject to change!</comment>
 <motif name='br-Z4' id='BR_Z4.MTF'>
  <PPM length='14'>
   <pm-column position='1'>
    <a>0.75</a>
    <c>0.0</c>
    <g>0.0</g>
    <t>0.25</t>
   </pm-column>
   <pm-column position='2'>
    <a>0.125</a>
    <c>0.0</c>
    <g>0.0</g>
    <t>0.875</t>
   </pm-column>
   <pm-column position='3'>
    <a>0.75</a>
    <c>0.125</c>
    <g>0.0</g>
    <t>0.125</t>
   </pm-column>
   <pm-column position='4'>
    <a>0.25</a>
    <c>0.125</c>
    <g>0.625</g>
    <t>0.0</t>
   </pm-column>
   <pm-column position='5'>
    <a>0.375</a>
    <c>0.0</c>
    <g>0.0</g>
    <t>0.625</t>
   </pm-column>
   <pm-column position='6'>
    <a>0.0</a>
    <c>0.125</c>
    <g>0.625</g>
    <t>0.25</t>
   </pm-column>
   <pm-column position='7'>
    <a>0.25</a>
    <c>0.25</c>
    <g>0.0</g>
    <t>0.5</t>
   </pm-column>
   <pm-column position='8'>
    <a>0.5</a>
    <c>0.0</c>
    <g>0.0</g>
    <t>0.5</t>
   </pm-column>
   <pm-column position='9'>
    <a>0.875</a>
    <c>0.125</c>
    <g>0.0</g>
    <t>0.0</t>
   </pm-column>
   <pm-column position='10'>
    <a>0.625</a>
    <c>0.0</c>
    <g>0.0</g>
    <t>0.375</t>
   </pm-column>
   <pm-column position='11'>
    <a>0.0</a>
    <c>0.0</c>
    <g>0.0</g>
    <t>1.0</t>
   </pm-column>
   <pm-column position='12'>
    <a>0.875</a>
    <c>0.125</c>
    <g>0.0</g>
    <t>0.0</t>
   </pm-column>
   <pm-column position='13'>
    <a>0.625</a>
    <c>0.0</c>
    <g>0.125</g>
    <t>0.25</t>
   </pm-column>
   <pm-column position='14'>
    <a>0.0</a>
    <c>0.125</c>
    <g>0.25</g>
    <t>0.625</t>
   </pm-column>
  </PPM>
  <PWM length='14'>
   <pm-column position='1'>
    <a>1.02165124753198</a>
    <c>-2.19722457733622</c>
    <g>-2.19722457733622</g>
    <t>0.0</t>
   </pm-column>
   <pm-column position='2'>
    <a>-0.587786664902119</a>
    <c>-2.19722457733622</c>
    <g>-2.19722457733622</g>
    <t>1.17007125265025</t>
   </pm-column>
   <pm-column position='3'>
    <a>1.02165124753198</a>
    <c>-0.587786664902119</c>
    <g>-2.19722457733622</g>
    <t>-0.587786664902119</t>
   </pm-column>
   <pm-column position='4'>
    <a>0.0</a>
    <c>-0.587786664902119</c>
    <g>0.847297860387204</g>
    <t>-2.19722457733622</t>
   </pm-column>
   <pm-column position='5'>
    <a>0.367724780125317</a>
    <c>-2.19722457733622</c>
    <g>-2.19722457733622</g>
    <t>0.847297860387204</t>
   </pm-column>
   <pm-column position='6'>
    <a>-2.19722457733622</a>
    <c>-0.587786664902119</c>
    <g>0.847297860387204</g>
    <t>0.0</t>
   </pm-column>
   <pm-column position='7'>
    <a>0.0</a>
    <c>0.0</c>
    <g>-2.19722457733622</g>
    <t>0.635988766719997</t>
   </pm-column>
   <pm-column position='8'>
    <a>0.635988766719997</a>
    <c>-2.19722457733622</c>
    <g>-2.19722457733622</g>
    <t>0.635988766719997</t>
   </pm-column>
   <pm-column position='9'>
    <a>1.17007125265025</a>
    <c>-0.587786664902119</c>
    <g>-2.19722457733622</g>
    <t>-2.19722457733622</t>
   </pm-column>
   <pm-column position='10'>
    <a>0.847297860387204</a>
    <c>-2.19722457733622</c>
    <g>-2.19722457733622</g>
    <t>0.367724780125317</t>
   </pm-column>
   <pm-column position='11'>
    <a>-2.19722457733622</a>
    <c>-2.19722457733622</c>
    <g>-2.19722457733622</g>
    <t>1.29928298413026</t>
   </pm-column>
   <pm-column position='12'>
    <a>1.17007125265025</a>
    <c>-0.587786664902119</c>
    <g>-2.19722457733622</g>
    <t>-2.19722457733622</t>
   </pm-column>
   <pm-column position='13'>
    <a>0.847297860387204</a>
    <c>-2.19722457733622</c>
    <g>-0.587786664902119</g>
    <t>0.0</t>
   </pm-column>
   <pm-column position='14'>
    <a>-2.19722457733622</a>
    <c>-0.587786664902119</c>
    <g>0.0</g>
    <t>0.847297860387204</t>
   </pm-column>
  </PWM>
  <word-list size='8'>
   <word score='9.81061970024979'>ATAAACAAAATAAT</word>
   <word score='7.66709930188543'>TTAGTTTACTTAAC</word>
   <word score='9.31674363479758'>ATTCTGTAAATATT</word>
   <word score='9.37675511761993'>TTAGAGCTAATATG</word>
   <word score='10.9711329350939'>AAAGTGTTATTAAT</word>
   <word score='9.96741938824863'>ATAGTGCTAATCAG</word>
   <word score='8.3575974742738'>ATCAAGTAATTAGT</word>
   <word score='11.725277305801'>ATAGTTATAATAAT</word>
  </word-list>
 </motif>
</smallbismark>