<?xml version='1.0' encoding='UTF-8'?>
<smallbismark>
 <comment name='WARNING'>This is a draft version of small-BiSMark. Specification is the subject to change!</comment>
 <motif name='br-Z4' id='BR_Z4.MTF'>
  <comment name='discrete information content by position'>[0.0, -0.727138894995401, -0.503168961341719, -0.790992097958467, -0.790992097958467, -0.25993019270998, -0.25993019270998, -0.503168961341719, 0.0, -0.640495497418073, -0.25993019270998]</comment>
  <comment name='discrete information content'>-4.73574708914379</comment>
  <comment name='number of sequences in the corresponding alignment'>8</comment>
  <PPM length='11'>
   <pm-column position='1'>
    <a>1.0</a>
    <c>0.0</c>
    <g>0.0</g>
    <t>0.0</t>
   </pm-column>
   <pm-column position='2'>
    <a>0.125</a>
    <c>0.125</c>
    <g>0.625</g>
    <t>0.125</t>
   </pm-column>
   <pm-column position='3'>
    <a>0.375</a>
    <c>0.0</c>
    <g>0.0</g>
    <t>0.625</t>
   </pm-column>
   <pm-column position='4'>
    <a>0.375</a>
    <c>0.0</c>
    <g>0.375</g>
    <t>0.25</t>
   </pm-column>
   <pm-column position='5'>
    <a>0.375</a>
    <c>0.375</c>
    <g>0.0</g>
    <t>0.25</t>
   </pm-column>
   <pm-column position='6'>
    <a>0.125</a>
    <c>0.0</c>
    <g>0.0</g>
    <t>0.875</t>
   </pm-column>
   <pm-column position='7'>
    <a>0.875</a>
    <c>0.125</c>
    <g>0.0</g>
    <t>0.0</t>
   </pm-column>
   <pm-column position='8'>
    <a>0.625</a>
    <c>0.0</c>
    <g>0.0</g>
    <t>0.375</t>
   </pm-column>
   <pm-column position='9'>
    <a>0.0</a>
    <c>0.0</c>
    <g>0.0</g>
    <t>1.0</t>
   </pm-column>
   <pm-column position='10'>
    <a>0.625</a>
    <c>0.125</c>
    <g>0.0</g>
    <t>0.25</t>
   </pm-column>
   <pm-column position='11'>
    <a>0.875</a>
    <c>0.0</c>
    <g>0.0</g>
    <t>0.125</t>
   </pm-column>
  </PPM>
  <PWM length='11'>
   <pm-column position='1'>
    <a>1.29928298413026</a>
    <c>-2.19722457733622</c>
    <g>-2.19722457733622</g>
    <t>-2.19722457733622</t>
   </pm-column>
   <pm-column position='2'>
    <a>-0.587786664902119</a>
    <c>-0.587786664902119</c>
    <g>0.847297860387204</g>
    <t>-0.587786664902119</t>
   </pm-column>
   <pm-column position='3'>
    <a>0.367724780125317</a>
    <c>-2.19722457733622</c>
    <g>-2.19722457733622</g>
    <t>0.847297860387204</t>
   </pm-column>
   <pm-column position='4'>
    <a>0.367724780125317</a>
    <c>-2.19722457733622</c>
    <g>0.367724780125317</g>
    <t>0.0</t>
   </pm-column>
   <pm-column position='5'>
    <a>0.367724780125317</a>
    <c>0.367724780125317</c>
    <g>-2.19722457733622</g>
    <t>0.0</t>
   </pm-column>
   <pm-column position='6'>
    <a>-0.587786664902119</a>
    <c>-2.19722457733622</c>
    <g>-2.19722457733622</g>
    <t>1.17007125265025</t>
   </pm-column>
   <pm-column position='7'>
    <a>1.17007125265025</a>
    <c>-0.587786664902119</c>
    <g>-2.19722457733622</g>
    <t>-2.19722457733622</t>
   </pm-column>
   <pm-column position='8'>
    <a>0.847297860387204</a>
    <c>-2.19722457733622</c>
    <g>-2.19722457733622</g>
    <t>0.367724780125317</t>
   </pm-column>
   <pm-column position='9'>
    <a>-2.19722457733622</a>
    <c>-2.19722457733622</c>
    <g>-2.19722457733622</g>
    <t>1.29928298413026</t>
   </pm-column>
   <pm-column position='10'>
    <a>0.847297860387204</a>
    <c>-0.587786664902119</c>
    <g>-2.19722457733622</g>
    <t>0.0</t>
   </pm-column>
   <pm-column position='11'>
    <a>1.17007125265025</a>
    <c>-2.19722457733622</c>
    <g>-2.19722457733622</g>
    <t>-0.587786664902119</t>
   </pm-column>
  </PWM>
  <word-list size='8'>
   <word score='8.31876312245953'>ATAAATAATAA</word>
   <word score='5.50268225239347'>AGTTTACTTAA</word>
   <word score='6.99189218181044'>ACAAATATTTA</word>
   <word score='7.99598973019648'>AGAGCTAATAT</word>
   <word score='9.38612286762353'>AGTGTTATTAA</word>
   <word score='8.79833620272141'>AGTGCTAATCA</word>
   <word score='7.95103834233421'>AATACTAATTA</word>
   <word score='9.86569594788542'>AGTTATAATAA</word>
  </word-list>
 </motif>
</smallbismark>