<?xml version='1.0' encoding='UTF-8'?>
<smallbismark>
 <comment name='WARNING'>This is a draft version of small-BiSMark. Specification is the subject to change!</comment>
 <motif name='br-Z4' id='BR_Z4.MTF'>
  <PPM length='8'>
   <pm-column position='1'>
    <a>0.875</a>
    <c>0.0</c>
    <g>0.0</g>
    <t>0.125</t>
   </pm-column>
   <pm-column position='2'>
    <a>0.375</a>
    <c>0.25</c>
    <g>0.0</g>
    <t>0.375</t>
   </pm-column>
   <pm-column position='3'>
    <a>0.0</a>
    <c>0.0</c>
    <g>0.0</g>
    <t>1.0</t>
   </pm-column>
   <pm-column position='4'>
    <a>0.75</a>
    <c>0.0</c>
    <g>0.25</g>
    <t>0.0</t>
   </pm-column>
   <pm-column position='5'>
    <a>0.375</a>
    <c>0.0</c>
    <g>0.375</g>
    <t>0.25</t>
   </pm-column>
   <pm-column position='6'>
    <a>0.0</a>
    <c>0.0</c>
    <g>0.0</g>
    <t>1.0</t>
   </pm-column>
   <pm-column position='7'>
    <a>0.125</a>
    <c>0.0</c>
    <g>0.0</g>
    <t>0.875</t>
   </pm-column>
   <pm-column position='8'>
    <a>0.875</a>
    <c>0.0</c>
    <g>0.0</g>
    <t>0.125</t>
   </pm-column>
  </PPM>
  <PWM length='8'>
   <pm-column position='1'>
    <a>1.17007125265025</a>
    <c>-2.19722457733622</c>
    <g>-2.19722457733622</g>
    <t>-0.587786664902119</t>
   </pm-column>
   <pm-column position='2'>
    <a>0.367724780125317</a>
    <c>0.0</c>
    <g>-2.19722457733622</g>
    <t>0.367724780125317</t>
   </pm-column>
   <pm-column position='3'>
    <a>-2.19722457733622</a>
    <c>-2.19722457733622</c>
    <g>-2.19722457733622</g>
    <t>1.29928298413026</t>
   </pm-column>
   <pm-column position='4'>
    <a>1.02165124753198</a>
    <c>-2.19722457733622</c>
    <g>0.0</g>
    <t>-2.19722457733622</t>
   </pm-column>
   <pm-column position='5'>
    <a>0.367724780125317</a>
    <c>-2.19722457733622</c>
    <g>0.367724780125317</g>
    <t>0.0</t>
   </pm-column>
   <pm-column position='6'>
    <a>-2.19722457733622</a>
    <c>-2.19722457733622</c>
    <g>-2.19722457733622</g>
    <t>1.29928298413026</t>
   </pm-column>
   <pm-column position='7'>
    <a>-0.587786664902119</a>
    <c>-2.19722457733622</c>
    <g>-2.19722457733622</g>
    <t>1.17007125265025</t>
   </pm-column>
   <pm-column position='8'>
    <a>1.17007125265025</a>
    <c>-2.19722457733622</c>
    <g>-2.19722457733622</g>
    <t>-0.587786664902119</t>
   </pm-column>
  </PWM>
  <word-list size='8'>
   <word score='7.49815575386858'>ATTATTTA</word>
   <word score='4.35016469888915'>TTTAGTTT</word>
   <word score='7.49815575386858'>AATATTTA</word>
   <word score='6.84422928646192'>AATGGTTA</word>
   <word score='6.10802261644153'>ATTAATAA</word>
   <word score='6.4765045063366'>ACTGATTA</word>
   <word score='7.49815575386858'>ACTAATTA</word>
   <word score='7.8658805339939'>AATAGTTA</word>
  </word-list>
 </motif>
</smallbismark>