<?xml version='1.0' encoding='UTF-8'?>
<smallbismark>
 <comment name='WARNING'>This is a draft version of small-BiSMark. Specification is the subject to change!</comment>
 <group name='mapping of ../BE_DMEL-footprint-Bigfoot/BR_Z4/BR_Z4_ready.xml on ../BE_DMEL-footprint-Bigfoot/BR_Z4/BR_Z4_footprints.xml (flank_length=3)' size='8'>
  <segment id='BE_DMEL.004487' length='38' chromosome='X' location='3105781'>
   <sequence>aTAAATAATaaacaaaataataaacaaaaccacgatca</sequence>
  </segment>
  <segment id='BE_DMEL.004492' length='23' chromosome='X' location='3105846'>
   <sequence>aagtAAACTAAAgctggtgctcg</sequence>
  </segment>
  <segment id='BE_DMEL.004495' length='46' chromosome='X' location='3105912'>
   <sequence>acatacctttctattctgTAAATATTtgtgaaagacaagttcgagg</sequence>
  </segment>
  <segment id='BE_DMEL.005445' length='23' chromosome='2L' location='19115390'>
   <sequence>tcgAATGGTTAgagctaatatga</sequence>
  </segment>
  <segment id='BE_DMEL.005447' length='19' chromosome='2L' location='19115435'>
   <sequence>tgTTATTAATagaagtgcg</sequence>
  </segment>
  <segment id='BE_DMEL.005452' length='17' chromosome='2L' location='19115465'>
   <sequence>agtgcTAATCAGTgcag</sequence>
  </segment>
  <segment id='BE_DMEL.005453' length='20' chromosome='2L' location='19115530'>
   <sequence>attgaatACTAATTActtga</sequence>
  </segment>
  <segment id='BE_DMEL.005456' length='22' chromosome='2L' location='19115561'>
   <sequence>atgatgatAATAGTTAtaataa</sequence>
  </segment>
 </group>
</smallbismark>