<?xml version='1.0' encoding='UTF-8'?>
<smallbismark>
  <comment name='WARNING'>This is a draft version of small-BiSMark. Specification is the subject to change!</comment>
  <source species-id='DROSOPHILA_MELANOGASTER' author='D.Papatsenko' id='PA_DMEL' genome-release='dmel40'/>
  <group name='motifs' species-id='DROSOPHILA_MELANOGASTER' source-id='PA_DMEL'>
    <motif name='Ubx' id='PA_DMEL.UBX' length='9' factor-name='Ubx'>
      <description>Ultrabithorax</description>
      <consensus>VRTAMHTYM</consensus>
      <word-list size='4'>
        <word>AATAAATCA</word>
        <word>GGTAAATTC</word>
        <word>CGTAATTCC</word>
        <word>GGTACCTTC</word>
      </word-list>
    </motif>
    <motif name='Ttk' id='PA_DMEL.TTK' length='10' factor-name='Ttk'>
      <description>Tramtrack</description>
      <consensus>BBVMAGGAYV</consensus>
      <word-list size='7'>
        <word>TGCAAGGACA</word>
        <word>TGCCAGGACC</word>
        <word>GCCAAGGACA</word>
        <word>TCCAAGGACG</word>
        <word>GTCAAGGATG</word>
        <word>CGGCAGGACA</word>
        <word>GCACAGGACC</word>
      </word-list>
    </motif>
    <motif name='Run' id='PA_DMEL.RUN' factor-name='Run'>
      <description>Run</description>
    </motif>
    <motif name='Prd(HD)' id='PA_DMEL.PRD_HD_' length='11' factor-name='Prd(HD)'>
      <description>Paired HD</description>
      <consensus>BBNNYAATKKN</consensus>
      <word-list size='7'>
        <word>TGGCTAATTGC</word>
        <word>GTCATAATTGC</word>
        <word>GTGTTAATGGT</word>
        <word>CTGTCAATTTC</word>
        <word>GTTATAATTTA</word>
        <word>TGAGTAATTTG</word>
        <word>GCGGTAATTTA</word>
      </word-list>
    </motif>
    <motif name='Opa' id='PA_DMEL.OPA' factor-name='Opa'>
      <description>Opa</description>
    </motif>
    <motif name='D-stat' id='PA_DMEL.D_STAT' length='12' factor-name='D-stat'>
      <description>Drosophila STAT</description>
      <consensus>WDHNNNNBNDHN</consensus>
      <word-list size='30'>
        <word>TTTCCTCGAACC</word>
        <word>TTTCTGTGAAAC</word>
        <word>TTTCGGGGTAAC</word>
        <word>TTACCCGGAAAT</word>
        <word>TTTCCCTGAAAT</word>
        <word>TTCCCCAGCAAC</word>
        <word>TTTCCGGGAATT</word>
        <word>TTTCAAGGAAAC</word>
        <word>TTTCGGGGAAAT</word>
        <word>TTTCCGGGAAAA</word>
        <word>TTTCCCCCTAAT</word>
        <word>TTTCCCGGAAAT</word>
        <word>TTTCCCGGAAAG</word>
        <word>TTACCCGGAAAT</word>
        <word>TTTCCACGAATA</word>
        <word>TTTCGCGCAAAC</word>
        <word>TTTCCAGGAGAG</word>
        <word>TTTCGGGGAAAA</word>
        <word>TGTCTCGGAAAG</word>
        <word>TTTCCCGGAAAT</word>
        <word>TTTCCCGGAAAA</word>
        <word>TTTCGCGGCAAT</word>
        <word>TTTCCAAGAAAC</word>
        <word>TATCCCGGATAC</word>
        <word>TTTGCGGGAAAT</word>
        <word>ATTCCAGGAAAA</word>
        <word>TTTAGCAGGAAG</word>
        <word>TTTCCCGGAAAT</word>
        <word>TTTTTCGGCAAG</word>
        <word>TTTCCGGTAAAG</word>
      </word-list>
    </motif>
    <motif name='Pho' id='PA_DMEL.PHO' length='13' factor-name='Pho'>
      <description>Pleiohomeotic</description>
      <consensus>YRGCCATBKBSSD</consensus>
      <word-list size='4'>
        <word>TAGCCATGTTGGA</word>
        <word>CAGCCATCTCGCT</word>
        <word>TAGCCATTGGCGG</word>
        <word>CGGCCATTGCGGG</word>
      </word-list>
    </motif>
    <motif name='Ftz-F1' id='PA_DMEL.FTZ_F1' length='9' factor-name='Ftz-F1'>
      <description>Fushi-Tarazu-F1</description>
      <consensus>YCAAGGYCR</consensus>
    </motif>
    <motif name='Ftz' id='PA_DMEL.FTZ' length='10' factor-name='Ftz'>
      <description>Fushi-Tarazu</description>
      <consensus>NNKHADDNNN</consensus>
      <word-list size='22'>
        <word>TGTAATTGCT</word>
        <word>CCTAATTGTG</word>
        <word>GTTAATTGAC</word>
        <word>TTTAATTGAC</word>
        <word>GCTAATTGGC</word>
        <word>TTTAATGGCC</word>
        <word>TTGAATTGCC</word>
        <word>TCGAATTGTC</word>
        <word>GTTAAGTGCT</word>
        <word>GTTAAGTGCC</word>
        <word>ATTAATTCCT</word>
        <word>TCTAATTAGC</word>
        <word>TTTAATTTGT</word>
        <word>CATAATTTTT</word>
        <word>GGTAATATAG</word>
        <word>GCTAATAAAA</word>
        <word>GCTAATGAGC</word>
        <word>GTTAATGATC</word>
        <word>GGTAAAAGAT</word>
        <word>TCTCATGTGT</word>
        <word>TTTTATGACC</word>
        <word>TTTTATGTGT</word>
      </word-list>
    </motif>
    <motif name='Abd-A' id='PA_DMEL.ABD_A' factor-name='Abd-A'>
      <description>Abd-A</description>
    </motif>
    <motif name='Gt' id='PA_DMEL.GT' length='17' factor-name='Gt'>
      <description>Giant</description>
      <consensus>NWWTHTKVBDBNDYNDN</consensus>
      <word-list size='9'>
        <word>CATTATTACTCTATTTT</word>
        <word>CATTATTATGTGTTTTT</word>
        <word>GATTATTAGTCAATTGC</word>
        <word>CTTTATTGCAGCATCTT</word>
        <word>TTTTATTGCAGCATCTT</word>
        <word>CATTATGCGTTTGTGTG</word>
        <word>AATTTTTACGTAATATT</word>
        <word>GATTCTTGCGTCATAAA</word>
        <word>TAATTTTACGTAACATT</word>
      </word-list>
    </motif>
    <motif name='Dfd' id='PA_DMEL.DFD' length='10' factor-name='Dfd'>
      <description>Deformed</description>
      <consensus>WGATTAATKR</consensus>
      <word-list size='7'>
        <word>TGATTAATGA</word>
        <word>AGATTAATTA</word>
        <word>TGATTAATTA</word>
        <word>AGATTAATGA</word>
        <word>TGATTAATGG</word>
        <word>TGATTAATGA</word>
        <word>TGATTAATGA</word>
      </word-list>
    </motif>
    <motif name='Abd-B' id='PA_DMEL.ABD_B' length='8' factor-name='Abd-B'>
      <description>Abdominal-B</description>
      <consensus>TTTATKRC</consensus>
    </motif>
    <motif name='Zeste' id='PA_DMEL.ZESTE' length='6' factor-name='Zeste'>
      <description>Zeste</description>
      <consensus>YGAGYG</consensus>
    </motif>
    <motif name='Bcd' id='PA_DMEL.BCD' length='9' factor-name='Bcd'>
      <description>Bicoid</description>
      <consensus>NNWRABCNN</consensus>
      <word-list size='34'>
        <word>CCTAATCCC</word>
        <word>TCTAATCCC</word>
        <word>GCTAATCCC</word>
        <word>ACTAATCCC</word>
        <word>CGTAATCCC</word>
        <word>TATAATCCC</word>
        <word>CCTAATCCA</word>
        <word>GGTAATCCG</word>
        <word>CGTAATCCT</word>
        <word>CATAATCCA</word>
        <word>ATTAATCCG</word>
        <word>GGTAATCCT</word>
        <word>GTTAATCCG</word>
        <word>TTTAATCCG</word>
        <word>AATAATCCA</word>
        <word>CTTAATCCG</word>
        <word>CTTAATCCT</word>
        <word>TTAAATCCC</word>
        <word>CCAAATCCA</word>
        <word>CTAAATCCG</word>
        <word>ACAAATCCT</word>
        <word>GCAAATCCG</word>
        <word>GCAAATCCG</word>
        <word>CGTGATCCT</word>
        <word>GATAAGCCG</word>
        <word>TTTAACCCT</word>
        <word>CTTAACCCT</word>
        <word>GCTAAGCTG</word>
        <word>GCTAAGCTC</word>
        <word>AATAATCTC</word>
        <word>TATAATCGC</word>
        <word>CTTAATCAC</word>
        <word>GTTAATCTC</word>
        <word>GCTAATCGG</word>
      </word-list>
    </motif>
    <motif name='Hb' id='PA_DMEL.HB' length='8' factor-name='Hb'>
      <description>Hunchback</description>
      <consensus>NHWHWHHB</consensus>
      <word-list size='43'>
        <word>TTTTTTTG</word>
        <word>TTTTTTTG</word>
        <word>ATTTTTTG</word>
        <word>ATTTTTTG</word>
        <word>ATTTTTTG</word>
        <word>GTTTTTTG</word>
        <word>GTTTTTTG</word>
        <word>GTTTTTTG</word>
        <word>ATTTTTTG</word>
        <word>TTTTTTTG</word>
        <word>GATTTTTG</word>
        <word>TTACTTTG</word>
        <word>CTTCTTTG</word>
        <word>TTTTAATG</word>
        <word>TTTTAATG</word>
        <word>TTTTTATG</word>
        <word>TTTTTATG</word>
        <word>TTTTTATG</word>
        <word>TTTTTATG</word>
        <word>TTTTTATG</word>
        <word>TTTTTATG</word>
        <word>TTTTTATG</word>
        <word>TTTTTATG</word>
        <word>TTTTTAAG</word>
        <word>TTTTTAAG</word>
        <word>TTTTTAAG</word>
        <word>TTTTTAAG</word>
        <word>TTTTTCAG</word>
        <word>TTTTTCAG</word>
        <word>TTTTTCAG</word>
        <word>TCTTTACG</word>
        <word>TTTTTACG</word>
        <word>TTTTTACG</word>
        <word>TTTTTTCG</word>
        <word>TTTTTTCG</word>
        <word>ATTTTTAG</word>
        <word>TTTTTTAG</word>
        <word>TTTATTAG</word>
        <word>TTTTTTAC</word>
        <word>TTTTTTTC</word>
        <word>TTTTAATT</word>
        <word>CTTTTTCT</word>
        <word>TTTTTTAT</word>
      </word-list>
    </motif>
    <motif name='Wg' id='PA_DMEL.WG' factor-name='Wg'>
      <description>Wg</description>
    </motif>
    <motif name='Mad' id='PA_DMEL.MAD' length='11' factor-name='Mad'>
      <description>MAD</description>
      <consensus>SYGMCGBSRBK</consensus>
      <word-list size='5'>
        <word>CTGCCGTGGGG</word>
        <word>CTGACGCCAGT</word>
        <word>GTGCCGCCGTT</word>
        <word>GCGCCGGCGCT</word>
        <word>CTGCCGTCGCG</word>
      </word-list>
    </motif>
    <motif name='Hairy' id='PA_DMEL.HAIRY' length='9' factor-name='Hairy'>
      <description>Hairy</description>
      <consensus>DCWCGCSMS</consensus>
      <word-list size='4'>
        <word>ACACGCGCG</word>
        <word>GCACGCCCC</word>
        <word>GCACGCCCG</word>
        <word>TCTCGCGAC</word>
      </word-list>
    </motif>
    <motif name='Twi' id='PA_DMEL.TWI' length='10' factor-name='Twi'>
      <description>Twist</description>
      <consensus>DBWBVBDDYD</consensus>
      <word-list size='7'>
        <word>ACAGCGTGTG</word>
        <word>AGAGCCGATG</word>
        <word>ACAGCCTTTG</word>
        <word>GTTGCCTTTT</word>
        <word>ACAGCCGTCA</word>
        <word>TCATGTGTTG</word>
        <word>GCACACATTT</word>
      </word-list>
    </motif>
    <motif name='Sd' id='PA_DMEL.SD' length='9' factor-name='Sd'>
      <description>Scalloped</description>
      <consensus>SVMATNNYH</consensus>
      <word-list size='8'>
        <word>GCAATTACA</word>
        <word>GGAATCCCA</word>
        <word>CGAATGTCC</word>
        <word>GGAATGTTC</word>
        <word>GACATTTTT</word>
        <word>GGCATGGCA</word>
        <word>GGAATTCCC</word>
        <word>GAAATATCT</word>
      </word-list>
    </motif>
    <motif name='Kni' id='PA_DMEL.KNI' length='11' factor-name='Kni'>
      <description>Knirps</description>
      <consensus>NNDRRWMNNNN</consensus>
      <word-list size='16'>
        <word>GGAGGTCGTAA</word>
        <word>TATGATCGTCT</word>
        <word>GAGGATCGTAA</word>
        <word>TGTGAACTTAC</word>
        <word>TGGGAACAAGA</word>
        <word>TAGGAACTTAA</word>
        <word>GAGAAACCTAA</word>
        <word>TAGAAAACTAG</word>
        <word>TAGGAAAGTAG</word>
        <word>TGGGAACGCGG</word>
        <word>GGGGATCGCTG</word>
        <word>TGAGAACCCGA</word>
        <word>ACTGAACGGTC</word>
        <word>CTGGAACAATA</word>
        <word>ACTGAACTAAA</word>
        <word>TAAGGACATCT</word>
      </word-list>
    </motif>
    <motif name='Cad' id='PA_DMEL.CAD' length='12' factor-name='Cad'>
      <description>Caudal</description>
      <consensus>NNTTKWKGDNNN</consensus>
      <word-list size='11'>
        <word>TTTTTATGGTCG</word>
        <word>CTTTTATGGCCC</word>
        <word>TTTTTATGTCTT</word>
        <word>TTTTGATGGCGG</word>
        <word>TTTTTAGGGAAC</word>
        <word>CGTTTATGGTTC</word>
        <word>ACTTTATGTGAC</word>
        <word>GATTTATGACAC</word>
        <word>TCTTTATGATTA</word>
        <word>ACTTTTGGGCCA</word>
        <word>TTTTGTTGGCCA</word>
      </word-list>
    </motif>
    <motif name='Su(H)' id='PA_DMEL.SU_H_' length='9' factor-name='Su(H)'>
      <description>Suppressor of Hairless</description>
      <consensus>GTTCTCACG</consensus>
    </motif>
    <motif name='Kr' id='PA_DMEL.KR' length='9' factor-name='Kr'>
      <description>Kruppel</description>
      <consensus>NHHYHBNDN</consensus>
      <word-list size='21'>
        <word>AAACCCTTT</word>
        <word>AAACCCTTT</word>
        <word>GAACCCTTT</word>
        <word>TTACCCTTT</word>
        <word>TCACCCTTT</word>
        <word>TCACCCATT</word>
        <word>CCATCCTTT</word>
        <word>AATCCCTTC</word>
        <word>CACTCCTTT</word>
        <word>CACTCCTTC</word>
        <word>AAATCCTTT</word>
        <word>TAATCCGTT</word>
        <word>TAATCCGTG</word>
        <word>CAACACTTT</word>
        <word>TAACCCGTT</word>
        <word>CAACCCGGT</word>
        <word>TAACCCAAT</word>
        <word>TAACTCAGC</word>
        <word>TAATCTCGC</word>
        <word>TAATCGCAC</word>
        <word>TAACCCTAA</word>
      </word-list>
    </motif>
    <motif name='Btd' id='PA_DMEL.BTD' length='9' factor-name='Btd'>
      <description>Buttonhead (Sp1)</description>
      <consensus>GGGGCGGGG</consensus>
    </motif>
    <motif name='Prd(PD)' id='PA_DMEL.PRD_PD_' length='9' factor-name='Prd(PD)'>
      <description>Paired PD</description>
      <consensus>NWYACBSHN</consensus>
      <word-list size='7'>
        <word>GTCACGGTT</word>
        <word>GACACGGTT</word>
        <word>CTCACCGTG</word>
        <word>GACACGCCA</word>
        <word>ATCACTGAC</word>
        <word>TTTACGCAT</word>
        <word>TTCACGCTT</word>
      </word-list>
    </motif>
    <motif name='Dl' id='PA_DMEL.DL' length='9' factor-name='Dl'>
      <description>Dorsal</description>
      <consensus>RRAAATCCC</consensus>
    </motif>
    <motif name='Tll' id='PA_DMEL.TLL' length='10' factor-name='Tll'>
      <description>Tailless</description>
      <consensus>NNNRNTNVNN</consensus>
      <word-list size='22'>
        <word>TAAAGTAGAA</word>
        <word>TTAAGTAAAA</word>
        <word>AAAAGTTAAT</word>
        <word>TTAAGTTAAA</word>
        <word>AGAAGTCAAA</word>
        <word>GAAAGTCAAT</word>
        <word>ATAAGTCAAG</word>
        <word>ACCAGTCAAT</word>
        <word>CAAGGTCAAA</word>
        <word>CGAGGTCATA</word>
        <word>CAAGGTCAGG</word>
        <word>AGAACTGACT</word>
        <word>AATATTGACG</word>
        <word>AAGATTAAAA</word>
        <word>TCAATTAAAA</word>
        <word>ACAATTAAAA</word>
        <word>AAAATTAATA</word>
        <word>AAAATTTAAT</word>
        <word>AAAACTGCAC</word>
        <word>AAGAATCCTA</word>
        <word>AATAATCCAG</word>
        <word>ATAAATCCAA</word>
      </word-list>
    </motif>
    <motif name='Otd' id='PA_DMEL.OTD' length='10' factor-name='Otd'>
      <description>Orthodenticle</description>
      <consensus>NNTAATCCVN</consensus>
      <word-list size='16'>
        <word>GCTAATCCAA</word>
        <word>GCTAATCCAA</word>
        <word>GCTAATCCAA</word>
        <word>GCTAATCCAA</word>
        <word>GCTAATCCAA</word>
        <word>CCTAATCCAA</word>
        <word>ACTAATCCGA</word>
        <word>GATAATCCCA</word>
        <word>GGTAATCCCA</word>
        <word>GGTAATCCCG</word>
        <word>TGTAATCCAC</word>
        <word>ACTAATCCCC</word>
        <word>CCTAATCCGT</word>
        <word>CCTAATCCCT</word>
        <word>ACTAATCCGG</word>
        <word>CTTAATCCGT</word>
      </word-list>
    </motif>
    <motif name='Hkb' id='PA_DMEL.HKB' length='14' factor-name='Hkb'>
      <description>Huckebein</description>
      <consensus>GYAACGCCCMYGRA</consensus>
    </motif>
    <motif name='Eve' id='PA_DMEL.EVE' length='10' factor-name='Eve'>
      <description>Even-skipped</description>
      <consensus>NNKBGCBVHN</consensus>
      <word-list size='9'>
        <word>ATTTGCTGCG</word>
        <word>ATTTGCTGCT</word>
        <word>GTTTGCGGTT</word>
        <word>GTGTGCCCCG</word>
        <word>AATTGCGGTG</word>
        <word>AATGGCCCCT</word>
        <word>CGGTGCTGAG</word>
        <word>CGGTGCTAAC</word>
        <word>TCGCGCTGAA</word>
      </word-list>
    </motif>
    <motif name='En' id='PA_DMEL.EN' length='11' factor-name='En'>
      <description>Engrailed</description>
      <consensus>DHTHMWKDBBS</consensus>
      <word-list size='5'>
        <word>AATTATGATTG</word>
        <word>TTTAATGGCCG</word>
        <word>GCTAATGAGCG</word>
        <word>GCTAATTTGGC</word>
        <word>GTTCCAGAGCC</word>
      </word-list>
    </motif>
  </group>
</smallbismark>