<?xml version='1.0' encoding='UTF-8'?>
<smallbismark>
  <comment name='WARNING'>This is a draft version of small-BiSMark. Specification is the subject to change!</comment>
  <group name='Papatsenko locus' species-id='DROSOPHILA_MELANOGASTER' source-id='PA_DMEL' type='locus'>
    <segment name='Ubx' id='PA_DMEL.UBX' chromosome='3R' strand='revcomp'>
      <description>Ultrabithorax</description>
      <comment>part of BX-C complex</comment>
    </segment>
    <segment name='Run' id='PA_DMEL.RUN' chromosome='X' strand='direct'>
      <description>Runt</description>
    </segment>
    <segment name='Gsb' id='PA_DMEL.GSB' chromosome='2R' strand='direct'>
      <description>Gooseberry</description>
    </segment>
    <segment name='Ems' id='PA_DMEL.EMS' chromosome='3R' strand='direct'>
      <description>Empty spiracles</description>
    </segment>
    <segment name='Ftz' id='PA_DMEL.FTZ' chromosome='3R' strand='direct'>
      <description>Ftz</description>
    </segment>
    <segment name='Abd-A' id='PA_DMEL.ABD_A' chromosome='3R' strand='revcomp'>
      <description>Abdominal-A</description>
      <comment>part of BX-C complex</comment>
    </segment>
    <segment name='Prd' id='PA_DMEL.PRD' chromosome='2L' strand='revcomp'>
      <description>Paired</description>
    </segment>
    <segment name='Gt' id='PA_DMEL.GT' chromosome='X' strand='revcomp'>
      <description>Giant</description>
    </segment>
    <segment name='Slp1' id='PA_DMEL.SLP1' chromosome='2L' strand='direct'>
      <description>Sloppy paired 1</description>
    </segment>
    <segment name='Salm' id='PA_DMEL.SALM' chromosome='2L' strand='revcomp'>
      <description>Spalt major</description>
    </segment>
    <segment name='Hb' id='PA_DMEL.HB' chromosome='3R' strand='revcomp'>
      <description>Hunchback</description>
    </segment>
    <segment name='Dll' id='PA_DMEL.DLL' chromosome='2R' strand='direct'>
      <description>Distalless</description>
    </segment>
    <segment name='Slp2' id='PA_DMEL.SLP2' chromosome='2L' strand='direct'>
      <description>Sloppy paired 2</description>
    </segment>
    <segment name='Hairy' id='PA_DMEL.HAIRY' chromosome='3L' strand='direct'>
      <description>Hairy</description>
    </segment>
    <segment name='Kni' id='PA_DMEL.KNI' chromosome='3L' strand='revcomp'>
      <description>Knirps</description>
    </segment>
    <segment name='Kr' id='PA_DMEL.KR' chromosome='2R' strand='direct'>
      <description>Kruppel</description>
    </segment>
    <segment name='Btd' id='PA_DMEL.BTD' chromosome='X' strand='direct'>
      <description>Buttonhead</description>
    </segment>
    <segment name='Tll' id='PA_DMEL.TLL' chromosome='3R' strand='direct'>
      <description>Tailless</description>
    </segment>
    <segment name='Oc' id='PA_DMEL.OC' chromosome='X' strand='revcomp'>
      <description>Orthodentcile</description>
    </segment>
    <segment name='Eve' id='PA_DMEL.EVE' chromosome='2R' strand='direct'>
      <description>Even-skipped</description>
    </segment>
    <segment name='En' id='PA_DMEL.EN' chromosome='2R' strand='revcomp'>
      <description>Engrailed</description>
    </segment>
  </group>
  <group name='Papatsenko crm' species-id='DROSOPHILA_MELANOGASTER' source-id='PA_DMEL' type='crm'>
    <segment segment-id='PA_DMEL.SALM' locus-name='Salm' id='PA_DMEL.C15' chromosome='2L' length='1087' location='11448953' strand='revcomp'>
      <description>tracheal enhancer</description>
    </segment>
    <segment segment-id='PA_DMEL.HAIRY' locus-name='Hairy' id='PA_DMEL.C36' chromosome='3L' length='1157' location='8644591' strand='direct'>
      <description>stripe 1</description>
    </segment>
    <segment segment-id='PA_DMEL.KR' locus-name='Kr' id='PA_DMEL.C8' chromosome='2R' length='1158' location='20730220' strand='direct'>
      <description>CD-1</description>
    </segment>
    <segment segment-id='PA_DMEL.EMS' locus-name='Ems' id='PA_DMEL.C57' chromosome='3R' length='1244' location='9723515' strand='direct'>
      <description>upstream enc</description>
    </segment>
    <segment segment-id='PA_DMEL.TLL' locus-name='Tll' id='PA_DMEL.C16' chromosome='3R' length='1128' location='26673282' strand='direct'>
      <description>brain - specific enhancer</description>
    </segment>
    <segment segment-id='PA_DMEL.PRD' locus-name='Prd' id='PA_DMEL.C37' chromosome='2L' length='1069' location='12089272' strand='revcomp'>
      <description>stripe 1 enhancer</description>
    </segment>
    <segment segment-id='PA_DMEL.UBX' locus-name='Ubx' id='PA_DMEL.C60' chromosome='3R' length='3401' location='12595045' strand='revcomp'>
      <description>dorsal imm disc enhancer</description>
    </segment>
    <segment segment-id='PA_DMEL.KR' locus-name='Kr' id='PA_DMEL.C9' chromosome='2R' length='1706' location='20731653' strand='direct'>
      <description>CD-2/AD-1</description>
    </segment>
    <segment segment-id='PA_DMEL.EMS' locus-name='Ems' id='PA_DMEL.C58' chromosome='3R' length='342' location='9730941' strand='direct'>
      <description>downstream enc</description>
    </segment>
    <segment segment-id='PA_DMEL.TLL' locus-name='Tll' id='PA_DMEL.C17' chromosome='3R' length='635' location='26675104' strand='direct'>
      <description>PD enhancer</description>
    </segment>
    <segment segment-id='PA_DMEL.PRD' locus-name='Prd' id='PA_DMEL.C40' chromosome='2L' length='1059' location='12077826' strand='revcomp'>
      <description>male accessory glands enhancer</description>
    </segment>
    <segment segment-id='PA_DMEL.PRD' locus-name='Prd' id='PA_DMEL.C38' chromosome='2L' length='1452' location='12087820' strand='revcomp'>
      <description>stripe P enhancer</description>
    </segment>
    <segment segment-id='PA_DMEL.UBX' locus-name='Ubx' id='PA_DMEL.C61' chromosome='3R' length='1736' location='12592551' strand='revcomp'>
      <description>ventral imm disc enhancer</description>
    </segment>
    <segment segment-id='PA_DMEL.UBX' locus-name='Ubx' id='PA_DMEL.C59' chromosome='3R' length='1550' location='12598618' strand='revcomp'>
      <description>PBX enhancer</description>
    </segment>
    <segment segment-id='PA_DMEL.EVE' locus-name='Eve' id='PA_DMEL.C20' chromosome='2R' length='511' location='5487314' strand='direct'>
      <description>eve stripe 3+7</description>
    </segment>
    <segment segment-id='PA_DMEL.TLL' locus-name='Tll' id='PA_DMEL.C18' chromosome='3R' length='2292' location='26675739' strand='direct'>
      <description>AD+PD enhancer, neural elements</description>
    </segment>
    <segment segment-id='PA_DMEL.RUN' locus-name='Run' id='PA_DMEL.C41' chromosome='X' length='1611' location='20490687' strand='direct'>
      <description>stripe 1+7</description>
    </segment>
    <segment segment-id='PA_DMEL.PRD' locus-name='Prd' id='PA_DMEL.C39' chromosome='2L' length='933' location='12085089' strand='revcomp'>
      <description>stripe A enhancer (zebra element)</description>
    </segment>
    <segment segment-id='PA_DMEL.UBX' locus-name='Ubx' id='PA_DMEL.C62' chromosome='3R' length='1596' location='12590917' strand='revcomp'>
      <description>pair-rule (zebra) like S2 enhancer</description>
    </segment>
    <segment segment-id='PA_DMEL.EVE' locus-name='Eve' id='PA_DMEL.C21' chromosome='2R' length='730' location='5489519' strand='direct'>
      <description>eve stripe 2</description>
    </segment>
    <segment segment-id='PA_DMEL.EVE' locus-name='Eve' id='PA_DMEL.C19' chromosome='2R' length='1288' location='5485110' strand='direct'>
      <description>late element1 (odd-numbered eve stripes) (prd PD + prd HD)</description>
    </segment>
    <segment segment-id='PA_DMEL.RUN' locus-name='Run' id='PA_DMEL.C42' chromosome='X' length='1336' location='20492298' strand='direct'>
      <description>stripe 5</description>
    </segment>
    <segment segment-id='PA_DMEL.UBX' locus-name='Ubx' id='PA_DMEL.C63' chromosome='3R' length='1556' location='12589361' strand='revcomp'>
      <description>PRE (polycomb response element)</description>
    </segment>
    <segment segment-id='PA_DMEL.RUN' locus-name='Run' id='PA_DMEL.C43' chromosome='X' length='2404' location='20493864' strand='direct'>
      <description>stripe 3+7</description>
    </segment>
    <segment segment-id='PA_DMEL.UBX' locus-name='Ubx' id='PA_DMEL.C64' chromosome='3R' length='7934' location='12581427' strand='revcomp'>
      <description>pair-rule (zebra) like S1 enhancer</description>
    </segment>
    <segment segment-id='PA_DMEL.UBX' locus-name='Ubx' id='PA_DMEL.C65' chromosome='3R' length='1593' location='12574682' strand='revcomp'>
      <description>BXD enhancer</description>
    </segment>
    <segment segment-id='PA_DMEL.EVE' locus-name='Eve' id='PA_DMEL.C22' chromosome='2R' length='300' location='5490928' strand='direct'>
      <description>proximal promoter, including TATA box</description>
    </segment>
    <segment segment-id='PA_DMEL.EVE' locus-name='Eve' id='PA_DMEL.C23' chromosome='2R' length='1800' location='5492755' strand='direct'>
      <description>late element2 (even-numbered eve stripes)</description>
    </segment>
    <segment segment-id='PA_DMEL.RUN' locus-name='Run' id='PA_DMEL.C44' chromosome='X' length='5068' location='20500026' strand='direct'>
      <description>late 7-stripe element,  including TATA box</description>
    </segment>
    <segment segment-id='PA_DMEL.EVE' locus-name='Eve' id='PA_DMEL.C24' chromosome='2R' length='602' location='5495710' strand='direct'>
      <description>eve stripe 4+6</description>
    </segment>
    <segment segment-id='PA_DMEL.EN' locus-name='En' id='PA_DMEL.C45' chromosome='2R' length='2401' location='7043791' strand='revcomp'>
      <description>upstream enhancer</description>
    </segment>
    <segment segment-id='PA_DMEL.UBX' locus-name='Ubx' id='PA_DMEL.C66' chromosome='3R' length='394' location='12570854' strand='revcomp'>
      <description>2218S enhancer</description>
    </segment>
    <segment segment-id='PA_DMEL.UBX' locus-name='Ubx' id='PA_DMEL.C67' chromosome='3R' length='1331' location='12561972' strand='revcomp'>
      <description>VM enhancer</description>
    </segment>
    <segment segment-id='PA_DMEL.EVE' locus-name='Eve' id='PA_DMEL.C25' chromosome='2R' length='788' location='5497748' strand='direct'>
      <description>eve stripe 1</description>
    </segment>
    <segment segment-id='PA_DMEL.EN' locus-name='En' id='PA_DMEL.C46' chromosome='2R' length='900' location='7041188' strand='revcomp'>
      <description>enhancer (intron)</description>
    </segment>
    <segment segment-id='PA_DMEL.UBX' locus-name='Ubx' id='PA_DMEL.C70' chromosome='3R' length='6906' location='12507337' strand='revcomp'>
      <description>ABX enhancer</description>
    </segment>
    <segment segment-id='PA_DMEL.UBX' locus-name='Ubx' id='PA_DMEL.C68' chromosome='3R' length='1017' location='12559792' strand='revcomp'>
      <description>proximal promoter</description>
    </segment>
    <segment segment-id='PA_DMEL.EVE' locus-name='Eve' id='PA_DMEL.C26' chromosome='2R' length='1011' location='5498536' strand='direct'>
      <description>eve stripe 5</description>
    </segment>
    <segment segment-id='PA_DMEL.ABD_A' locus-name='Abd-A' id='PA_DMEL.C47' chromosome='3R' length='13391' location='12655770' strand='revcomp'>
      <description>iab-3, potential cis-regulatory region</description>
    </segment>
    <segment segment-id='PA_DMEL.UBX' locus-name='Ubx' id='PA_DMEL.C69' chromosome='3R' length='1705' location='12525925' strand='revcomp'>
      <description>BX enhancer (BRE)</description>
    </segment>
    <segment segment-id='PA_DMEL.FTZ' locus-name='Ftz' id='PA_DMEL.C27' chromosome='3R' length='1787' location='2684414' strand='direct'>
      <description>upstream enhancer</description>
    </segment>
    <segment segment-id='PA_DMEL.DLL' locus-name='Dll' id='PA_DMEL.C50' chromosome='2R' length='3808' location='20305647' strand='direct'>
      <description>207 enc</description>
    </segment>
    <segment segment-id='PA_DMEL.ABD_A' locus-name='Abd-A' id='PA_DMEL.C48' chromosome='3R' length='534' location='12643149' strand='revcomp'>
      <description>PRE iab2</description>
    </segment>
    <segment segment-id='PA_DMEL.GSB' locus-name='Gsb' id='PA_DMEL.C30' chromosome='2R' length='516' location='20564439' strand='direct'>
      <description>early enhancer</description>
    </segment>
    <segment segment-id='PA_DMEL.BTD' locus-name='Btd' id='PA_DMEL.C1' chromosome='X' length='1429' location='9535287' strand='direct'>
      <description>cis-regualtory module</description>
    </segment>
    <segment segment-id='PA_DMEL.FTZ' locus-name='Ftz' id='PA_DMEL.C28' chromosome='3R' length='1877' location='2687126' strand='direct'>
      <description>neurogenic enhancer</description>
    </segment>
    <segment segment-id='PA_DMEL.DLL' locus-name='Dll' id='PA_DMEL.C51' chromosome='2R' length='929' location='20309455' strand='direct'>
      <description>215 enc</description>
    </segment>
    <segment segment-id='PA_DMEL.ABD_A' locus-name='Abd-A' id='PA_DMEL.C49' chromosome='3R' length='1745' location='12636230' strand='revcomp'>
      <description>iab2 enhancer</description>
    </segment>
    <segment segment-id='PA_DMEL.KR' locus-name='Kr' id='PA_DMEL.C10' chromosome='2R' length='1193' location='20733359' strand='direct'>
      <description>AD-2, including TATA</description>
    </segment>
    <segment segment-id='PA_DMEL.GSB' locus-name='Gsb' id='PA_DMEL.C31' chromosome='2R' length='1565' location='20567712' strand='direct'>
      <description>late enhancer</description>
    </segment>
    <segment segment-id='PA_DMEL.GT' locus-name='Gt' id='PA_DMEL.C2' chromosome='X' length='1104' location='2286727' strand='revcomp'>
      <description>posterior enhancer</description>
    </segment>
    <segment segment-id='PA_DMEL.FTZ' locus-name='Ftz' id='PA_DMEL.C29' chromosome='3R' length='739' location='2689377' strand='direct'>
      <description>zebra element,  including TATA box</description>
    </segment>
    <segment segment-id='PA_DMEL.DLL' locus-name='Dll' id='PA_DMEL.C52' chromosome='2R' length='878' location='20310384' strand='direct'>
      <description>304 early element</description>
    </segment>
    <segment segment-id='PA_DMEL.HAIRY' locus-name='Hairy' id='PA_DMEL.C32' chromosome='3L' length='476' location='8638310' strand='direct'>
      <description>stripe 3+4</description>
    </segment>
    <segment segment-id='PA_DMEL.HB' locus-name='Hb' id='PA_DMEL.C3' chromosome='3R' length='1422' location='4526522' strand='revcomp'>
      <description>upstream hb enhancer</description>
    </segment>
    <segment segment-id='PA_DMEL.DLL' locus-name='Dll' id='PA_DMEL.C53' chromosome='2R' length='4440' location='20310384' strand='direct'>
      <description>208 enc</description>
    </segment>
    <segment segment-id='PA_DMEL.HB' locus-name='Hb' id='PA_DMEL.C4' chromosome='3R' length='1160' location='4523048' strand='revcomp'>
      <description>P1 promoter</description>
    </segment>
    <segment segment-id='PA_DMEL.DLL' locus-name='Dll' id='PA_DMEL.C54' chromosome='2R' length='4182' location='20314824' strand='direct'>
      <description>179 enc</description>
    </segment>
    <segment segment-id='PA_DMEL.OC' locus-name='Oc' id='PA_DMEL.C11' chromosome='X' length='1838' location='8499134' strand='revcomp'>
      <description>early enhancer</description>
    </segment>
    <segment segment-id='PA_DMEL.HB' locus-name='Hb' id='PA_DMEL.C5' chromosome='3R' length='321' location='4520323' strand='revcomp'>
      <description>P2 promoter, including TATA box</description>
    </segment>
    <segment segment-id='PA_DMEL.OC' locus-name='Oc' id='PA_DMEL.C12' chromosome='X' length='2566' location='8482067' strand='revcomp'>
      <description>eye enhancer</description>
    </segment>
    <segment segment-id='PA_DMEL.HAIRY' locus-name='Hairy' id='PA_DMEL.C33' chromosome='3L' length='1473' location='8638786' strand='direct'>
      <description>stripe 7</description>
    </segment>
    <segment segment-id='PA_DMEL.SALM' locus-name='Salm' id='PA_DMEL.C13' chromosome='2L' length='721' location='11455434' strand='revcomp'>
      <description>blastodermal enhancer</description>
    </segment>
    <segment segment-id='PA_DMEL.HAIRY' locus-name='Hairy' id='PA_DMEL.C34' chromosome='3L' length='1080' location='8640259' strand='direct'>
      <description>stripe 6+2 (3141-3676 - stripe 6)</description>
    </segment>
    <segment segment-id='PA_DMEL.KNI' locus-name='Kni' id='PA_DMEL.C6' chromosome='3L' length='1028' location='20630384' strand='revcomp'>
      <description>cis element</description>
    </segment>
    <segment segment-id='PA_DMEL.DLL' locus-name='Dll' id='PA_DMEL.C55' chromosome='2R' length='2075' location='20331767' strand='direct'>
      <description>ETD2b enc</description>
    </segment>
    <segment segment-id='PA_DMEL.SALM' locus-name='Salm' id='PA_DMEL.C14' chromosome='2L' length='328' location='11454487' strand='revcomp'>
      <description>wing disc enhancer</description>
    </segment>
    <segment segment-id='PA_DMEL.HAIRY' locus-name='Hairy' id='PA_DMEL.C35' chromosome='3L' length='1674' location='8642917' strand='direct'>
      <description>stripe 5+1</description>
    </segment>
    <segment segment-id='PA_DMEL.KR' locus-name='Kr' id='PA_DMEL.C7' chromosome='2R' length='3133' location='20725023' strand='direct'>
      <description>late neural element</description>
    </segment>
    <segment segment-id='PA_DMEL.DLL' locus-name='Dll' id='PA_DMEL.C56' chromosome='2R' length='5877' location='20346425' strand='direct'>
      <description>ETD6 enc</description>
    </segment>
  </group>
  <group name='crm-reg' species-id='DROSOPHILA_MELANOGASTER' source-id='PA_DMEL'>
    <regulator target-name='Btd' segment-id='PA_DMEL.C1' id='PA_DMEL.R0' factor-name='Bcd'/>
    <regulator target-name='Btd' segment-id='PA_DMEL.C1' id='PA_DMEL.R1' factor-name='Hb'/>
    <regulator target-name='Btd' segment-id='PA_DMEL.C1' id='PA_DMEL.R2' factor-name='Tll'/>
    <regulator target-name='Btd' segment-id='PA_DMEL.C1' id='PA_DMEL.R3' factor-name='Dl'/>
    <regulator target-name='Gt' segment-id='PA_DMEL.C2' id='PA_DMEL.R4' factor-name='Hb'/>
    <regulator target-name='Gt' segment-id='PA_DMEL.C2' id='PA_DMEL.R5' factor-name='Kr'/>
    <regulator target-name='Gt' segment-id='PA_DMEL.C2' id='PA_DMEL.R6' factor-name='Cad'/>
    <regulator target-name='Hb' segment-id='PA_DMEL.C3' id='PA_DMEL.R7' factor-name='Hb'/>
    <regulator target-name='Hb' segment-id='PA_DMEL.C3' id='PA_DMEL.R8' factor-name='Tll'/>
    <regulator target-name='Hb' segment-id='PA_DMEL.C5' id='PA_DMEL.R9' factor-name='Bcd'/>
    <regulator target-name='Kni' segment-id='PA_DMEL.C6' id='PA_DMEL.R10' factor-name='Bcd'/>
    <regulator target-name='Kni' segment-id='PA_DMEL.C6' id='PA_DMEL.R11' factor-name='Hb'/>
    <regulator target-name='Kni' segment-id='PA_DMEL.C6' id='PA_DMEL.R12' factor-name='Kr'/>
    <regulator target-name='Kni' segment-id='PA_DMEL.C6' id='PA_DMEL.R13' factor-name='Cad'/>
    <regulator target-name='Kr' segment-id='PA_DMEL.C8' id='PA_DMEL.R14' factor-name='Bcd'/>
    <regulator target-name='Kr' segment-id='PA_DMEL.C8' id='PA_DMEL.R15' factor-name='Hb'/>
    <regulator target-name='Kr' segment-id='PA_DMEL.C8' id='PA_DMEL.R16' factor-name='Gt'/>
    <regulator target-name='Kr' segment-id='PA_DMEL.C8' id='PA_DMEL.R17' factor-name='Kni'/>
    <regulator target-name='Kr' segment-id='PA_DMEL.C8' id='PA_DMEL.R18' factor-name='Tll'/>
    <regulator target-name='Kr' segment-id='PA_DMEL.C9' id='PA_DMEL.R19' factor-name='Gt'/>
    <regulator target-name='Oc' segment-id='PA_DMEL.C11' id='PA_DMEL.R20' factor-name='Bcd'/>
    <regulator target-name='Salm' segment-id='PA_DMEL.C13' id='PA_DMEL.R21' factor-name='Bcd'/>
    <regulator target-name='Salm' segment-id='PA_DMEL.C13' id='PA_DMEL.R22' factor-name='Hb'/>
    <regulator target-name='Salm' segment-id='PA_DMEL.C13' id='PA_DMEL.R23' factor-name='Kr'/>
    <regulator target-name='Salm' segment-id='PA_DMEL.C13' id='PA_DMEL.R24' factor-name='Cad'/>
    <regulator target-name='Salm' segment-id='PA_DMEL.C13' id='PA_DMEL.R25' factor-name='Hkb'/>
    <regulator target-name='Salm' segment-id='PA_DMEL.C14' id='PA_DMEL.R26' factor-name='Sd'/>
    <regulator target-name='Salm' segment-id='PA_DMEL.C14' id='PA_DMEL.R27' factor-name='Mad'/>
    <regulator target-name='Tll' segment-id='PA_DMEL.C17' id='PA_DMEL.R28' factor-name='Bcd'/>
    <regulator target-name='Tll' segment-id='PA_DMEL.C17' id='PA_DMEL.R29' factor-name='Cad'/>
    <regulator target-name='Tll' segment-id='PA_DMEL.C18' id='PA_DMEL.R30' factor-name='Bcd'/>
    <regulator target-name='Eve' segment-id='PA_DMEL.C19' id='PA_DMEL.R31' factor-name='Prd(PD)'/>
    <regulator target-name='Eve' segment-id='PA_DMEL.C19' id='PA_DMEL.R32' factor-name='Prd(HD)'/>
    <regulator target-name='Eve' segment-id='PA_DMEL.C20' id='PA_DMEL.R33' factor-name='Hb'/>
    <regulator target-name='Eve' segment-id='PA_DMEL.C20' id='PA_DMEL.R34' factor-name='Kni'/>
    <regulator target-name='Eve' segment-id='PA_DMEL.C21' id='PA_DMEL.R35' factor-name='Bcd'/>
    <regulator target-name='Eve' segment-id='PA_DMEL.C21' id='PA_DMEL.R36' factor-name='Hb'/>
    <regulator target-name='Eve' segment-id='PA_DMEL.C21' id='PA_DMEL.R37' factor-name='Kr'/>
    <regulator target-name='Eve' segment-id='PA_DMEL.C21' id='PA_DMEL.R38' factor-name='Gt'/>
    <regulator target-name='Eve' segment-id='PA_DMEL.C23' id='PA_DMEL.R39' factor-name='Eve'/>
    <regulator target-name='Eve' segment-id='PA_DMEL.C24' id='PA_DMEL.R40' factor-name='Hb'/>
    <regulator target-name='Eve' segment-id='PA_DMEL.C24' id='PA_DMEL.R41' factor-name='Kni'/>
    <regulator target-name='Eve' segment-id='PA_DMEL.C25' id='PA_DMEL.R42' factor-name='Bcd'/>
    <regulator target-name='Eve' segment-id='PA_DMEL.C25' id='PA_DMEL.R43' factor-name='Hb'/>
    <regulator target-name='Eve' segment-id='PA_DMEL.C25' id='PA_DMEL.R44' factor-name='Kr'/>
    <regulator target-name='Eve' segment-id='PA_DMEL.C26' id='PA_DMEL.R45' factor-name='Bcd'/>
    <regulator target-name='Eve' segment-id='PA_DMEL.C26' id='PA_DMEL.R46' factor-name='Hb'/>
    <regulator target-name='Ftz' segment-id='PA_DMEL.C27' id='PA_DMEL.R47' factor-name='Ftz'/>
    <regulator target-name='Ftz' segment-id='PA_DMEL.C27' id='PA_DMEL.R48' factor-name='Ttk'/>
    <regulator target-name='Ftz' segment-id='PA_DMEL.C27' id='PA_DMEL.R49' factor-name='Ftz-F1'/>
    <regulator target-name='Ftz' segment-id='PA_DMEL.C29' id='PA_DMEL.R50' factor-name='Cad'/>
    <regulator target-name='Ftz' segment-id='PA_DMEL.C29' id='PA_DMEL.R51' factor-name='Ttk'/>
    <regulator target-name='Ftz' segment-id='PA_DMEL.C29' id='PA_DMEL.R52' factor-name='Ftz-F1'/>
    <regulator target-name='Gsb' segment-id='PA_DMEL.C30' id='PA_DMEL.R53' factor-name='Eve'/>
    <regulator target-name='Gsb' segment-id='PA_DMEL.C30' id='PA_DMEL.R54' factor-name='Prd(HD)'/>
    <regulator target-name='Gsb' segment-id='PA_DMEL.C31' id='PA_DMEL.R55' factor-name='Wg'/>
    <regulator target-name='Gsb' segment-id='PA_DMEL.C31' id='PA_DMEL.R56' factor-name='Opa'/>
    <regulator target-name='Hairy' segment-id='PA_DMEL.C33' id='PA_DMEL.R57' factor-name='Kr'/>
    <regulator target-name='Hairy' segment-id='PA_DMEL.C33' id='PA_DMEL.R58' factor-name='Hb'/>
    <regulator target-name='Hairy' segment-id='PA_DMEL.C33' id='PA_DMEL.R59' factor-name='Kni'/>
    <regulator target-name='Hairy' segment-id='PA_DMEL.C33' id='PA_DMEL.R60' factor-name='Cad'/>
    <regulator target-name='Hairy' segment-id='PA_DMEL.C33' id='PA_DMEL.R61' factor-name='Tll'/>
    <regulator target-name='Hairy' segment-id='PA_DMEL.C34' id='PA_DMEL.R62' factor-name='Kr'/>
    <regulator target-name='Hairy' segment-id='PA_DMEL.C34' id='PA_DMEL.R63' factor-name='Kni'/>
    <regulator target-name='Hairy' segment-id='PA_DMEL.C34' id='PA_DMEL.R64' factor-name='Cad'/>
    <regulator target-name='Hairy' segment-id='PA_DMEL.C36' id='PA_DMEL.R65' factor-name='Kr'/>
    <regulator target-name='Hairy' segment-id='PA_DMEL.C36' id='PA_DMEL.R66' factor-name='Gt'/>
    <regulator target-name='Hairy' segment-id='PA_DMEL.C36' id='PA_DMEL.R67' factor-name='Kni'/>
    <regulator target-name='Prd' segment-id='PA_DMEL.C37' id='PA_DMEL.R68' factor-name='Eve'/>
    <regulator target-name='Prd' segment-id='PA_DMEL.C37' id='PA_DMEL.R69' factor-name='Gt'/>
    <regulator target-name='Prd' segment-id='PA_DMEL.C38' id='PA_DMEL.R70' factor-name='Ftz'/>
    <regulator target-name='Prd' segment-id='PA_DMEL.C38' id='PA_DMEL.R71' factor-name='Eve'/>
    <regulator target-name='Run' segment-id='PA_DMEL.C42' id='PA_DMEL.R72' factor-name='Kr'/>
    <regulator target-name='Run' segment-id='PA_DMEL.C42' id='PA_DMEL.R73' factor-name='Gt'/>
    <regulator target-name='Run' segment-id='PA_DMEL.C43' id='PA_DMEL.R74' factor-name='Hb'/>
    <regulator target-name='Run' segment-id='PA_DMEL.C43' id='PA_DMEL.R75' factor-name='Kni'/>
    <regulator target-name='Run' segment-id='PA_DMEL.C44' id='PA_DMEL.R76' factor-name='Eve'/>
    <regulator target-name='Run' segment-id='PA_DMEL.C44' id='PA_DMEL.R77' factor-name='Ftz'/>
    <regulator target-name='Run' segment-id='PA_DMEL.C44' id='PA_DMEL.R78' factor-name='Hairy'/>
    <regulator target-name='Run' segment-id='PA_DMEL.C44' id='PA_DMEL.R79' factor-name='Run'/>
    <regulator target-name='En' segment-id='PA_DMEL.C46' id='PA_DMEL.R80' factor-name='Cad'/>
    <regulator target-name='En' segment-id='PA_DMEL.C46' id='PA_DMEL.R81' factor-name='Ftz'/>
    <regulator target-name='En' segment-id='PA_DMEL.C46' id='PA_DMEL.R82' factor-name='Ftz-F1'/>
    <regulator target-name='En' segment-id='PA_DMEL.C46' id='PA_DMEL.R83' factor-name='Wg'/>
    <regulator target-name='Abd-A' segment-id='PA_DMEL.C48' id='PA_DMEL.R84' factor-name='Pho'/>
    <regulator target-name='Abd-A' segment-id='PA_DMEL.C49' id='PA_DMEL.R85' factor-name='Hb'/>
    <regulator target-name='Abd-A' segment-id='PA_DMEL.C49' id='PA_DMEL.R86' factor-name='Kr'/>
    <regulator target-name='Abd-A' segment-id='PA_DMEL.C49' id='PA_DMEL.R87' factor-name='Gt'/>
    <regulator target-name='Abd-A' segment-id='PA_DMEL.C49' id='PA_DMEL.R88' factor-name='Eve'/>
    <regulator target-name='Abd-A' segment-id='PA_DMEL.C49' id='PA_DMEL.R89' factor-name='Pho'/>
    <regulator target-name='Dll' segment-id='PA_DMEL.C52' id='PA_DMEL.R90' factor-name='Ubx'/>
    <regulator target-name='Dll' segment-id='PA_DMEL.C52' id='PA_DMEL.R91' factor-name='Abd-A'/>
    <regulator target-name='Ems' segment-id='PA_DMEL.C57' id='PA_DMEL.R92' factor-name='Abd-B'/>
    <regulator target-name='Ems' segment-id='PA_DMEL.C57' id='PA_DMEL.R93' factor-name='Dfd'/>
    <regulator target-name='Ems' segment-id='PA_DMEL.C58' id='PA_DMEL.R94' factor-name='Dfd'/>
    <regulator target-name='Ubx' segment-id='PA_DMEL.C59' id='PA_DMEL.R95' factor-name='Hb'/>
    <regulator target-name='Ubx' segment-id='PA_DMEL.C59' id='PA_DMEL.R96' factor-name='Ftz'/>
    <regulator target-name='Ubx' segment-id='PA_DMEL.C59' id='PA_DMEL.R97' factor-name='En'/>
    <regulator target-name='Ubx' segment-id='PA_DMEL.C59' id='PA_DMEL.R98' factor-name='Twi'/>
    <regulator target-name='Ubx' segment-id='PA_DMEL.C62' id='PA_DMEL.R99' factor-name='Hb'/>
    <regulator target-name='Ubx' segment-id='PA_DMEL.C64' id='PA_DMEL.R100' factor-name='Hb'/>
    <regulator target-name='Ubx' segment-id='PA_DMEL.C65' id='PA_DMEL.R101' factor-name='Hb'/>
    <regulator target-name='Ubx' segment-id='PA_DMEL.C65' id='PA_DMEL.R102' factor-name='Eve'/>
    <regulator target-name='Ubx' segment-id='PA_DMEL.C65' id='PA_DMEL.R103' factor-name='En'/>
    <regulator target-name='Ubx' segment-id='PA_DMEL.C65' id='PA_DMEL.R104' factor-name='Zeste'/>
    <regulator target-name='Ubx' segment-id='PA_DMEL.C65' id='PA_DMEL.R105' factor-name='Abd-B'/>
    <regulator target-name='Ubx' segment-id='PA_DMEL.C66' id='PA_DMEL.R106' factor-name='Hb'/>
    <regulator target-name='Ubx' segment-id='PA_DMEL.C68' id='PA_DMEL.R107' factor-name='Eve'/>
    <regulator target-name='Ubx' segment-id='PA_DMEL.C68' id='PA_DMEL.R108' factor-name='Zeste'/>
    <regulator target-name='Ubx' segment-id='PA_DMEL.C69' id='PA_DMEL.R109' factor-name='Hb'/>
    <regulator target-name='Ubx' segment-id='PA_DMEL.C69' id='PA_DMEL.R110' factor-name='Ftz'/>
    <regulator target-name='Ubx' segment-id='PA_DMEL.C69' id='PA_DMEL.R111' factor-name='En'/>
    <regulator target-name='Ubx' segment-id='PA_DMEL.C69' id='PA_DMEL.R112' factor-name='Twi'/>
    <regulator target-name='Ubx' segment-id='PA_DMEL.C69' id='PA_DMEL.R113' factor-name='Tll'/>
    <regulator target-name='Ubx' segment-id='PA_DMEL.C70' id='PA_DMEL.R114' factor-name='Hb'/>
  </group>
</smallbismark>