<?xml version='1.0' encoding='UTF-8'?>
<!DOCTYPE smallbismark SYSTEM 'smallbismark.dtd'>
<smallbismark>
<comment>All locations are 1-based</comment>  <motif length="23" name="test.fasta">
    <word-list size="9">
      <word name="argA" score="20.71" length="23" location="79" strand="direct">CAcTAATTTCGaATAATCATGCA</word>
      <word name="argCBH" score="25.69" length="23" location="67" strand="direct">CAgTATTTATGaATAAAAATACA</word>
      <word name="argD" score="23.08" length="23" location="62" strand="direct">CAcAAAATATGcATAAAAAATCA</word>
      <word name="argE" score="25.69" length="23" location="67" strand="direct">CAgTATTTATGaATAAAAATACA</word>
      <word name="argF" score="23.18" length="23" location="71" strand="direct">CAcTTTATATGtGTAATTATTCA</word>
      <word name="argG" score="25.4" length="23" location="152" strand="direct">CAtTTATTTTGcATAAAAATTCA</word>
      <word name="argI" score="21.66" length="23" location="64" strand="direct">CAaTTTATATGgATGATTATTCA</word>
      <word name="argR" score="21.67" length="23" location="69" strand="direct">CTgACTGTTTGcATAAAAATTCA</word>
      <word name="carAB" score="25.61" length="23" location="4" strand="revcomp">CAcTTTATTTGcATATTAATTCA</word>
    </word-list>
  </motif>
<comment name="configuration_parameters">
mode=two_strands
symmetry=no
motif_absence_prior=0.1
adjust_motif_length=yes
spaced_motif=no
common_background=no
adaptive_pseudocouts=no
motif_length=36
maximal_motif_length=100
minimal_motif_length=6
retrieve_other_sites=yes
retrieve_other_sites_threshold=1
trim_edges=no
dumb_trim_edges=no
caps=off
local_step_cycles_between_adjustments=0
adjustments_during_annealing=yes
annealing_criterion=information
cycles_with_minor_change_to_say_cold=5
minor_change_level=0.1
annealings_number_maximum_is_to_be_global_for=10
steps_number_maximum_is_to_be_global_for=0
slow_optimisation=no
chain_fails_after=3
chains_to_try=3
cycles_per_annealing_attempt=0
annealing_attempts=5
random_seed_1=1248312
random_seed_2=7436111
</comment>
</smallbismark>
