<?xml version="1.0" encoding="UTF-8"?>
<!DOCTYPE smallbismark SYSTEM "smallbismark.dtd">
<smallbismark>
    <comment name="test comment">
        This is a simple smallBiSMark file
    </comment>
    <group name="example group">
        <segment id="test_segment" name="example sequence 1">
            <sequence>ACGT</sequence>
        </segment>
        <regulator factor-name="Sp1" type="activator" id="SOME_REGULATOR1"/>
        <source id="test_source" author="Fyz Julia">
        </source>
    </group>
    <regulator id="SOME_REGULATOR" type="activator" factor-name="Sp1" segment-id="some_segment">
        <comment>Simple test of regulator tag.</comment>
    </regulator>
    <motif name="example motif">
        <description>Simple example motif</description>
        <reference>2004 Journal of test, Test. T.T. "How to live in peace"</reference>
        <comment name="comment in motif">
            This is a comment inside a motif
        </comment>
        <comment name="comment in motif">
            This is another comment inside a motif
        </comment>
        <word-list>
            <word score="11.11">AA</word>
        </word-list>
        <PCM threshold="0">
            <pm-column position="1">
                <a>1</a>
                <c>1</c>
                <g>1</g>
                <t>1</t>
            </pm-column>
            <pm-column position="2">
                <a>1</a>
                <c>1</c>
                <g>1</g>
                <t>1</t>
            </pm-column>
        </PCM>
        <PPM>
            <pm-column position="1">
                <a>0.25</a>
                <c>0.25</c>
                <g>0.25</g>
                <t>0.25</t>
            </pm-column>
            <pm-column position="2">
                <a>0.25</a>
                <c>0.25</c>
                <g>0.25</g>
                <t>0.25</t>
            </pm-column>
        </PPM>
        <PWM name="some test pwm" threshold="0.625" id="spwm">
            <pm-column position="1">
                <a>0.25</a>
                <c>0.25</c>
                <g>0.25</g>
                <t>0.25</t>
            </pm-column>
            <pm-column position="2">
                <a>0.25</a>
                <c>0.25</c>
                <g>0.25</g>
                <t>0.25</t>
            </pm-column>
        </PWM>        
    </motif>
</smallbismark>