<?xml version='1.0' encoding='UTF-8'?>
<smallbismark>
 <comment name='WARNING'>This is a draft version of small-BiSMark. Specification is the subject to change!</comment>
 <motif name='br-Z2' id='BR_Z2.MTF'>
  <comment name='discrete information content by position'>[-0.836233820109912, -0.722443512015517, -0.58206534012134, -0.472418430934008, -0.555416969270133, -0.414143410380571, -0.953221237863175, -1.08169742192004, -0.254624168126609, -0.895889199562072]</comment>
  <comment name='discrete information content'>-6.76815351030338</comment>
  <comment name='number of sequences in the corresponding alignment'>21</comment>
  <PPM length='10'>
   <pm-column position='1'>
    <a>0.333333333333333</a>
    <c>0.0</c>
    <g>0.142857142857143</g>
    <t>0.523809523809524</t>
   </pm-column>
   <pm-column position='2'>
    <a>0.476190476190476</a>
    <c>0.476190476190476</c>
    <g>0.0</g>
    <t>0.0476190476190476</t>
   </pm-column>
   <pm-column position='3'>
    <a>0.142857142857143</a>
    <c>0.0952380952380952</c>
    <g>0.0</g>
    <t>0.761904761904762</t>
   </pm-column>
   <pm-column position='4'>
    <a>0.761904761904762</a>
    <c>0.0</c>
    <g>0.238095238095238</g>
    <t>0.0</t>
   </pm-column>
   <pm-column position='5'>
    <a>0.0</a>
    <c>0.0</c>
    <g>0.333333333333333</g>
    <t>0.666666666666667</t>
   </pm-column>
   <pm-column position='6'>
    <a>0.0</a>
    <c>0.0</c>
    <g>0.19047619047619</g>
    <t>0.80952380952381</t>
   </pm-column>
   <pm-column position='7'>
    <a>0.142857142857143</a>
    <c>0.142857142857143</c>
    <g>0.142857142857143</g>
    <t>0.571428571428571</t>
   </pm-column>
   <pm-column position='8'>
    <a>0.380952380952381</a>
    <c>0.0952380952380952</c>
    <g>0.238095238095238</g>
    <t>0.285714285714286</t>
   </pm-column>
   <pm-column position='9'>
    <a>0.0</a>
    <c>0.0</c>
    <g>0.0952380952380952</g>
    <t>0.904761904761905</t>
   </pm-column>
   <pm-column position='10'>
    <a>0.571428571428571</a>
    <c>0.0476190476190476</c>
    <g>0.142857142857143</g>
    <t>0.238095238095238</t>
   </pm-column>
  </PPM>
  <PWM length='10'>
   <pm-column position='1'>
    <a>0.276253376628158</a>
    <c>-3.09104245335832</c>
    <g>-0.526093095896779</g>
    <t>0.715620036412004</t>
   </pm-column>
   <pm-column position='2'>
    <a>0.622529613345992</a>
    <c>0.622529613345992</c>
    <g>-3.09104245335832</g>
    <t>-1.48160454092422</t>
   </pm-column>
   <pm-column position='3'>
    <a>-0.526093095896779</a>
    <c>-0.893817876022096</c>
    <g>-3.09104245335832</g>
    <t>1.08334481653732</t>
   </pm-column>
   <pm-column position='4'>
    <a>1.08334481653732</a>
    <c>-3.09104245335832</c>
    <g>-0.0465200156348928</g>
    <t>-3.09104245335832</t>
   </pm-column>
   <pm-column position='5'>
    <a>-3.09104245335832</a>
    <c>-3.09104245335832</c>
    <g>0.276253376628158</g>
    <t>0.952008814476234</t>
   </pm-column>
   <pm-column position='6'>
    <a>-3.09104245335832</a>
    <c>-3.09104245335832</c>
    <g>-0.2578291093021</g>
    <t>1.14306405123894</t>
   </pm-column>
   <pm-column position='7'>
    <a>-0.526093095896779</a>
    <c>-0.526093095896779</c>
    <g>-0.526093095896779</g>
    <t>0.800777844752311</t>
   </pm-column>
   <pm-column position='8'>
    <a>0.405465108108164</a>
    <c>-0.893817876022096</c>
    <g>-0.0465200156348928</g>
    <t>0.127833371509885</t>
   </pm-column>
   <pm-column position='9'>
    <a>-3.09104245335832</a>
    <c>-3.09104245335832</c>
    <g>-0.893817876022096</g>
    <t>1.25276296849537</t>
   </pm-column>
   <pm-column position='10'>
    <a>0.800777844752311</a>
    <c>-1.48160454092422</c>
    <g>-0.526093095896779</g>
    <t>-0.0465200156348928</t>
   </pm-column>
  </PWM>
  <word-list size='21'>
   <word score='6.00854486991309'>GCAATTTATA</word>
   <word score='6.4078953770214'>TCTATTGTTT</word>
   <word score='3.60718887648234'>AATGTGTATC</word>
   <word score='6.15951976998467'>TCTATGTCTA</word>
   <word score='6.14007113977668'>AATAGTTTTG</word>
   <word score='5.9657177526319'>ACTAGTTGTG</word>
   <word score='5.46889724021471'>ATTATTTATT</word>
   <word score='4.26131453250393'>TCTATTCTGT</word>
   <word score='4.62410407744252'>TATGTTCGTG</word>
   <word score='7.53282497400688'>TCTATTAATA</word>
   <word score='4.31607341971976'>GATAGTGCTA</word>
   <word score='4.4003337633375'>TCAAGTAATT</word>
   <word score='7.74457381702405'>AATAGTTATA</word>
   <word score='7.09345831422304'>ACTATTAATA</word>
   <word score='7.08083985026382'>TATATTCGTA</word>
   <word score='3.79024843190521'>ACCGGTTATT</word>
   <word score='3.11712160284232'>GCTAGGTTGA</word>
   <word score='6.4305480983535'>TACATTTGTA</word>
   <word score='4.72443524469534'>TATGTGGTTA</word>
   <word score='6.97262626562359'>TAAATTTTTA</word>
   <word score='7.2778459587407'>TATGTTTGTA</word>
  </word-list>
 </motif>
</smallbismark>