<?xml version='1.0' encoding='UTF-8'?>
<smallbismark>
 <comment name='WARNING'>This is a draft version of small-BiSMark. Specification is the subject to change!</comment>
 <motif name='br-Z2' id='BR_Z2.MTF'>
  <comment name='discrete information content by position'>[-0.394835548086915, -0.722443512015517, -0.939522091553282, -1.02705920988009, -0.717904932024835, -1.01007468874015, -1.10602245162591, 0.0, -0.394835548086915, -1.08671458933504, -0.906515082958047, -0.871564169858996, -0.394835548086915, -0.704205785717608]</comment>
  <comment name='discrete information content'>-10.2765331579702</comment>
  <comment name='number of sequences in the corresponding alignment'>21</comment>
  <PPM length='14'>
   <pm-column position='1'>
    <a>0.857142857142857</a>
    <c>0.0476190476190476</c>
    <g>0.0</g>
    <t>0.0952380952380952</t>
   </pm-column>
   <pm-column position='2'>
    <a>0.476190476190476</a>
    <c>0.0476190476190476</c>
    <g>0.0</g>
    <t>0.476190476190476</t>
   </pm-column>
   <pm-column position='3'>
    <a>0.571428571428571</a>
    <c>0.142857142857143</c>
    <g>0.0952380952380952</g>
    <t>0.19047619047619</t>
   </pm-column>
   <pm-column position='4'>
    <a>0.0952380952380952</a>
    <c>0.142857142857143</c>
    <g>0.333333333333333</g>
    <t>0.428571428571429</t>
   </pm-column>
   <pm-column position='5'>
    <a>0.428571428571429</a>
    <c>0.0</c>
    <g>0.0476190476190476</g>
    <t>0.523809523809524</t>
   </pm-column>
   <pm-column position='6'>
    <a>0.0952380952380952</a>
    <c>0.142857142857143</c>
    <g>0.476190476190476</g>
    <t>0.285714285714286</t>
   </pm-column>
   <pm-column position='7'>
    <a>0.380952380952381</a>
    <c>0.19047619047619</c>
    <g>0.142857142857143</g>
    <t>0.285714285714286</t>
   </pm-column>
   <pm-column position='8'>
    <a>0.0</a>
    <c>0.0</c>
    <g>0.0</g>
    <t>1.0</t>
   </pm-column>
   <pm-column position='9'>
    <a>0.857142857142857</a>
    <c>0.0476190476190476</c>
    <g>0.0952380952380952</g>
    <t>0.0</t>
   </pm-column>
   <pm-column position='10'>
    <a>0.142857142857143</a>
    <c>0.238095238095238</c>
    <g>0.428571428571429</g>
    <t>0.19047619047619</t>
   </pm-column>
   <pm-column position='11'>
    <a>0.19047619047619</a>
    <c>0.0476190476190476</c>
    <g>0.19047619047619</g>
    <t>0.571428571428571</t>
   </pm-column>
   <pm-column position='12'>
    <a>0.523809523809524</a>
    <c>0.238095238095238</c>
    <g>0.238095238095238</g>
    <t>0.0</t>
   </pm-column>
   <pm-column position='13'>
    <a>0.857142857142857</a>
    <c>0.0476190476190476</c>
    <g>0.0952380952380952</g>
    <t>0.0</t>
   </pm-column>
   <pm-column position='14'>
    <a>0.571428571428571</a>
    <c>0.0</c>
    <g>0.0476190476190476</g>
    <t>0.380952380952381</t>
   </pm-column>
  </PPM>
  <PWM length='14'>
   <pm-column position='1'>
    <a>1.19941698779008</a>
    <c>-1.48160454092422</c>
    <g>-3.09104245335832</g>
    <t>-0.893817876022096</t>
   </pm-column>
   <pm-column position='2'>
    <a>0.622529613345992</a>
    <c>-1.48160454092422</c>
    <g>-3.09104245335832</g>
    <t>0.622529613345992</t>
   </pm-column>
   <pm-column position='3'>
    <a>0.800777844752311</a>
    <c>-0.526093095896779</c>
    <g>-0.893817876022096</g>
    <t>-0.2578291093021</t>
   </pm-column>
   <pm-column position='4'>
    <a>-0.893817876022096</a>
    <c>-0.526093095896779</c>
    <g>0.276253376628158</g>
    <t>0.519875459285909</t>
   </pm-column>
   <pm-column position='5'>
    <a>0.519875459285909</a>
    <c>-3.09104245335832</c>
    <g>-1.48160454092422</g>
    <t>0.715620036412004</t>
   </pm-column>
   <pm-column position='6'>
    <a>-0.893817876022096</a>
    <c>-0.526093095896779</c>
    <g>0.622529613345992</g>
    <t>0.127833371509885</t>
   </pm-column>
   <pm-column position='7'>
    <a>0.405465108108164</a>
    <c>-0.2578291093021</c>
    <g>-0.526093095896779</g>
    <t>0.127833371509885</t>
   </pm-column>
   <pm-column position='8'>
    <a>-3.09104245335832</a>
    <c>-3.09104245335832</c>
    <g>-3.09104245335832</g>
    <t>1.351608803132</t>
   </pm-column>
   <pm-column position='9'>
    <a>1.19941698779008</a>
    <c>-1.48160454092422</c>
    <g>-0.893817876022096</g>
    <t>-3.09104245335832</t>
   </pm-column>
   <pm-column position='10'>
    <a>-0.526093095896779</a>
    <c>-0.0465200156348928</c>
    <g>0.519875459285909</g>
    <t>-0.2578291093021</t>
   </pm-column>
   <pm-column position='11'>
    <a>-0.2578291093021</a>
    <c>-1.48160454092422</c>
    <g>-0.2578291093021</g>
    <t>0.800777844752311</t>
   </pm-column>
   <pm-column position='12'>
    <a>0.715620036412004</a>
    <c>-0.0465200156348928</c>
    <g>-0.0465200156348928</g>
    <t>-3.09104245335832</t>
   </pm-column>
   <pm-column position='13'>
    <a>1.19941698779008</a>
    <c>-1.48160454092422</c>
    <g>-0.893817876022096</g>
    <t>-3.09104245335832</t>
   </pm-column>
   <pm-column position='14'>
    <a>0.800777844752311</a>
    <c>-3.09104245335832</c>
    <g>-1.48160454092422</g>
    <t>0.405465108108164</t>
   </pm-column>
  </PWM>
  <word-list size='21'>
   <word score='8.29799085640473'>CAATTTATAGTAAA</word>
   <word score='7.12036009725781'>ATAGAGCTGGTGAT</word>
   <word score='7.43690187810837'>AATTAGATACACAT</word>
   <word score='5.97173738801504'>TTAGACATAGACAA</word>
   <word score='7.03598817508313'>ATAGTTTTGCTCAA</word>
   <word score='3.2671981048835'>ACACAACTAGTACA</word>
   <word score='8.71564800527826'>AAATAAATAATAAA</word>
   <word score='8.11849359037254'>AAATATTTACAGAA</word>
   <word score='5.28061502023325'>AATATGTTCGTGAA</word>
   <word score='9.77943750246695'>AAAGTGTTATTAAT</word>
   <word score='6.47630133398101'>ATAGTGCTAATCAG</word>
   <word score='6.23285581639256'>TACTTGATAGGCAA</word>
   <word score='9.29410901063444'>ATAGTTATAATAAT</word>
   <word score='6.70108825122952'>ATTAAGGTATTAAT</word>
   <word score='8.33492075965301'>ATATTCGTAGGAAA</word>
   <word score='3.75507338478868'>AACCGGTTATTAGA</word>
   <word score='5.59420350291923'>ATTGTGCTAGGGGA</word>
   <word score='7.56305316343527'>ATGTAGATACAAAT</word>
   <word score='5.73618667913513'>AACCACATACGAAT</word>
   <word score='8.41899826284422'>AAATTTTTAGCAAA</word>
   <word score='6.41770110306062'>ATGTTTGTATTGAT</word>
  </word-list>
 </motif>
</smallbismark>