<?xml version='1.0' encoding='UTF-8'?>
<smallbismark>
 <comment name='WARNING'>This is a draft version of small-BiSMark. Specification is the subject to change!</comment>
 <motif name='br-Z2' id='BR_Z2.MTF'>
  <PPM length='8'>
   <pm-column position='1'>
    <a>0.0</a>
    <c>0.523809523809524</c>
    <g>0.238095238095238</g>
    <t>0.238095238095238</t>
   </pm-column>
   <pm-column position='2'>
    <a>0.0</a>
    <c>0.0</c>
    <g>0.0</g>
    <t>1.0</t>
   </pm-column>
   <pm-column position='3'>
    <a>0.904761904761905</a>
    <c>0.0</c>
    <g>0.0</g>
    <t>0.0952380952380952</t>
   </pm-column>
   <pm-column position='4'>
    <a>0.0</a>
    <c>0.0</c>
    <g>0.333333333333333</g>
    <t>0.666666666666667</t>
   </pm-column>
   <pm-column position='5'>
    <a>0.19047619047619</a>
    <c>0.285714285714286</c>
    <g>0.238095238095238</g>
    <t>0.285714285714286</t>
   </pm-column>
   <pm-column position='6'>
    <a>0.619047619047619</a>
    <c>0.0</c>
    <g>0.0</g>
    <t>0.380952380952381</t>
   </pm-column>
   <pm-column position='7'>
    <a>0.619047619047619</a>
    <c>0.285714285714286</c>
    <g>0.0952380952380952</g>
    <t>0.0</t>
   </pm-column>
   <pm-column position='8'>
    <a>0.523809523809524</a>
    <c>0.0</c>
    <g>0.0476190476190476</g>
    <t>0.428571428571429</t>
   </pm-column>
  </PPM>
  <PWM length='8'>
   <pm-column position='1'>
    <a>-3.09104245335832</a>
    <c>0.715620036412004</c>
    <g>-0.0465200156348928</g>
    <t>-0.0465200156348928</t>
   </pm-column>
   <pm-column position='2'>
    <a>-3.09104245335832</a>
    <c>-3.09104245335832</c>
    <g>-3.09104245335832</g>
    <t>1.351608803132</t>
   </pm-column>
   <pm-column position='3'>
    <a>1.25276296849537</a>
    <c>-3.09104245335832</c>
    <g>-3.09104245335832</g>
    <t>-0.893817876022096</t>
   </pm-column>
   <pm-column position='4'>
    <a>-3.09104245335832</a>
    <c>-3.09104245335832</c>
    <g>0.276253376628158</g>
    <t>0.952008814476234</t>
   </pm-column>
   <pm-column position='5'>
    <a>-0.2578291093021</a>
    <c>0.127833371509885</c>
    <g>-0.0465200156348928</g>
    <t>0.127833371509885</t>
   </pm-column>
   <pm-column position='6'>
    <a>0.879249460193806</a>
    <c>-3.09104245335832</c>
    <g>-3.09104245335832</g>
    <t>0.405465108108164</t>
   </pm-column>
   <pm-column position='7'>
    <a>0.879249460193806</a>
    <c>0.127833371509885</c>
    <g>-0.893817876022096</g>
    <t>-3.09104245335832</t>
   </pm-column>
   <pm-column position='8'>
    <a>0.715620036412004</a>
    <c>-3.09104245335832</c>
    <g>-1.48160454092422</g>
    <t>0.519875459285909</t>
   </pm-column>
  </PWM>
  <word-list size='22'>
   <word score='6.29254589288703'>CTATAAAT</word>
   <word score='2.90381413560069'>GTTGAAAA</word>
   <word score='5.63802854669257'>GTATCTAA</word>
   <word score='5.27865454578467'>CTATGTCT</word>
   <word score='4.62710126252356'>CTATTTGA</word>
   <word score='5.44678142429311'>CTAGTACA</word>
   <word score='5.44228396956647'>TTATTTAT</word>
   <word score='4.05784317709591'>CTTTCTAT</word>
   <word score='4.51028798510144'>GTAGGACA</word>
   <word score='6.67820837369901'>CTATTAAT</word>
   <word score='4.48889679512012'>TTAGCACT</word>
   <word score='4.67672837348889'>CTATCAAG</word>
   <word score='4.77898975215621'>TTATAACT</word>
   <word score='6.67820837369901'>CTATTAAT</word>
   <word score='5.26170407378536'>GTAGGAAA</word>
   <word score='4.33874556256231'>TTATTAGA</word>
   <word score='5.44678142429311'>CTAGCACA</word>
   <word score='5.2679305824217'>GTATGTAT</word>
   <word score='5.2679305824217'>GTATGTAT</word>
   <word score='6.22581521159469'>CTATGTAA</word>
   <word score='5.43605746093013'>TTAGCAAA</word>
   <word score='6.01450611792748'>CTATATAA</word>
  </word-list>
 </motif>
</smallbismark>