<?xml version='1.0' encoding='UTF-8'?>
<smallbismark>
 <comment name='WARNING'>This is a draft version of small-BiSMark. Specification is the subject to change!</comment>
 <motif name='hb' id='HB.MTF'>
  <PPM length='10'>
   <pm-column position='1'>
    <a>0.29126213592233</a>
    <c>0.475728155339806</c>
    <g>0.194174757281553</g>
    <t>0.0388349514563107</t>
   </pm-column>
   <pm-column position='2'>
    <a>0.446601941747573</a>
    <c>0.16504854368932</c>
    <g>0.174757281553398</g>
    <t>0.213592233009709</t>
   </pm-column>
   <pm-column position='3'>
    <a>0.0</a>
    <c>0.262135922330097</c>
    <g>0.106796116504854</g>
    <t>0.631067961165049</t>
   </pm-column>
   <pm-column position='4'>
    <a>0.941747572815534</a>
    <c>0.0194174757281553</c>
    <g>0.0388349514563107</g>
    <t>0.0</t>
   </pm-column>
   <pm-column position='5'>
    <a>0.990291262135922</a>
    <c>0.00970873786407767</c>
    <g>0.0</g>
    <t>0.0</t>
   </pm-column>
   <pm-column position='6'>
    <a>1.0</a>
    <c>0.0</c>
    <g>0.0</g>
    <t>0.0</t>
   </pm-column>
   <pm-column position='7'>
    <a>0.932038834951456</a>
    <c>0.00970873786407767</c>
    <g>0.0388349514563107</g>
    <t>0.0194174757281553</t>
   </pm-column>
   <pm-column position='8'>
    <a>0.961165048543689</a>
    <c>0.0194174757281553</c>
    <g>0.00970873786407767</g>
    <t>0.00970873786407767</t>
   </pm-column>
   <pm-column position='9'>
    <a>0.679611650485437</a>
    <c>0.058252427184466</c>
    <g>0.106796116504854</g>
    <t>0.155339805825243</t>
   </pm-column>
   <pm-column position='10'>
    <a>0.29126213592233</a>
    <c>0.310679611650485</c>
    <g>0.203883495145631</g>
    <t>0.194174757281553</t>
   </pm-column>
  </PPM>
  <PWM length='10'>
   <pm-column position='1'>
    <a>0.151399646455368</a>
    <c>0.638812829596616</c>
    <g>-0.249941744468934</g>
    <t>-1.81117755508516</t>
   </pm-column>
   <pm-column position='2'>
    <a>0.575964925936952</a>
    <c>-0.410284394544113</c>
    <g>-0.353931457992982</g>
    <t>-0.155754529409233</t>
   </pm-column>
   <pm-column position='3'>
    <a>-4.64439089914137</a>
    <c>0.0469569830877711</c>
    <g>-0.837728409371053</g>
    <t>0.920129508181321</t>
   </pm-column>
   <pm-column position='4'>
    <a>1.31918844447707</a>
    <c>-2.44716632180515</c>
    <g>-1.81117755508516</g>
    <t>-4.64439089914137</t>
   </pm-column>
   <pm-column position='5'>
    <a>1.36932425690143</a>
    <c>-3.03495298670727</c>
    <g>-4.64439089914137</g>
    <t>-4.64439089914137</t>
   </pm-column>
   <pm-column position='6'>
    <a>1.37905669381966</a>
    <c>-4.64439089914137</c>
    <g>-4.64439089914137</g>
    <t>-4.64439089914137</t>
   </pm-column>
   <pm-column position='7'>
    <a>1.30885243514641</a>
    <c>-3.03495298670727</c>
    <g>-1.81117755508516</g>
    <t>-2.44716632180515</t>
   </pm-column>
   <pm-column position='8'>
    <a>1.33954538154582</a>
    <c>-2.44716632180515</c>
    <g>-3.03495298670727</g>
    <t>-3.03495298670727</t>
   </pm-column>
   <pm-column position='9'>
    <a>0.993963770192373</a>
    <c>-1.42551507427317</c>
    <g>-0.837728409371053</g>
    <t>-0.470003629245736</t>
   </pm-column>
   <pm-column position='10'>
    <a>0.151399646455368</a>
    <c>0.215421505220299</c>
    <g>-0.201739642651056</g>
    <t>-0.249941744468934</t>
   </pm-column>
  </PWM>
  <word-list size='103'>
   <word score='5.94364443097466'>CCTGAAAAAC</word>
   <word score='8.69967404278316'>AACAAAAAAC</word>
   <word score='7.72311982648629'>CACAAAAATC</word>
   <word score='4.11461933852809'>CGTAAAGAGA</word>
   <word score='5.16248290468023'>AACAAAGAAG</word>
   <word score='8.59629235157984'>CATAAAAATC</word>
   <word score='8.69967404278316'>AACAAAAAAC</word>
   <word score='6.01023679104761'>GCGAAAAAAG</word>
   <word score='6.41972901670516'>GGGAAAAAAA</word>
   <word score='8.37576386284129'>ATTAAAAAAT</word>
   <word score='6.49190030333487'>CTTAAAAACG</word>
   <word score='6.29372337475112'>CGTAAAAACG</word>
   <word score='7.57675904778748'>CATAAAAACA</word>
   <word score='8.19316898322954'>CGCAAAAAAA</word>
   <word score='7.24806147261286'>GCCAAAAAAA</word>
   <word score='6.19817429610954'>CTTGAAAAAC</word>
   <word score='5.75280595216021'>AATAAATAAA</word>
   <word score='8.22856757145453'>CATAAAAAGC</word>
   <word score='5.51793322107167'>AAGAAAAAGT</word>
   <word score='7.10531912843016'>CTGAAAAAAT</word>
   <word score='6.42739793891896'>GCGAAAAAAC</word>
   <word score='7.50666051935446'>CTGAAAAAAA</word>
   <word score='8.23431079309392'>AACAAAAAAT</word>
   <word score='7.7509667915594'>AAGAAAAAAA</word>
   <word score='6.79322344255636'>CGCAAAAATC</word>
   <word score='7.81140642358317'>CATAAAAAGG</word>
   <word score='7.57675904778748'>CATAAAAACA</word>
   <word score='6.41972901670516'>GGGAAAAAAA</word>
   <word score='6.30412730916187'>GCTAAAAATG</word>
   <word score='8.2825128949118'>AACAAAAAAG</word>
   <word score='7.12262984795753'>ACTAAAAATC</word>
   <word score='9.59489650132872'>CATAAAAAAT</word>
   <word score='5.64989608782148'>CACAAAGAAG</word>
   <word score='9.10748331818747'>AATAAAAAAT</word>
   <word score='5.41636929304943'>GCCAAAAAGA</word>
   <word score='8.76992607805305'>CACAAAAAAG</word>
   <word score='6.255925207344'>GCTAAAAATT</word>
   <word score='7.25775657679706'>CACAAAAATT</word>
   <word score='9.15568542000535'>AATAAAAAAG</word>
   <word score='7.90393272867204'>ATCAAAAAAA</word>
   <word score='5.90378247619068'>CCCAAAAAGT</word>
   <word score='8.30240183346558'>CAGAAAAAAC</word>
   <word score='9.1870872259244'>CACAAAAAAC</word>
   <word score='9.15568542000535'>AATAAAAAAG</word>
   <word score='9.13036336708802'>CGTAAAAAAC</word>
   <word score='9.32854029567177'>CTTAAAAAAC</word>
   <word score='4.47525402674024'>GGTCAAAAAC</word>
   <word score='8.63565218401823'>AACAAAAAAA</word>
   <word score='9.32854029567177'>CTTAAAAAAC</word>
   <word score='5.63431403884948'>GATAAAGAAG</word>
   <word score='9.59489650132872'>CATAAAAAAT</word>
   <word score='7.8811715039875'>GACAAAAAAG</word>
   <word score='1.0400841432988'>TTTAAAAGTC</word>
   <word score='8.1645457126896'>CATAAAAAGA</word>
   <word score='5.41636929304943'>GCCAAAAAGA</word>
   <word score='6.4837508754701'>GGGAAAAAAC</word>
   <word score='6.26321183453489'>TGTAAAAAAG</word>
   <word score='9.6430986031466'>CATAAAAAAG</word>
   <word score='6.73709684124263'>TACAAAAAAC</word>
   <word score='7.36843626792892'>GGCAAAAAAC</word>
   <word score='9.50882470911178'>AATAAAAAAA</word>
   <word score='9.07401043053689'>CCTAAAAAAC</word>
   <word score='8.86317704598253'>CTTAAAAAAT</word>
   <word score='8.23431079309392'>AACAAAAAAT</word>
   <word score='6.00448712019362'>ATTAAAAACG</word>
   <word score='4.49732169067684'>ATTAAACAAC</word>
   <word score='7.31208333137779'>GCCAAAAAAC</word>
   <word score='8.20083790544334'>CCCAAAAAAC</word>
   <word score='7.07968696823699'>CTTAAAAAGG</word>
   <word score='6.41972901670516'>GGGAAAAAAA</word>
   <word score='8.52257538863071'>ACTAAAAAAA</word>
   <word score='10.060259751018'>CATAAAAAAC</word>
   <word score='9.06634150832309'>CGTAAAAAAA</word>
   <word score='8.37576386284129'>ATTAAAAAAT</word>
   <word score='10.060259751018'>CATAAAAAAC</word>
   <word score='7.23464932875966'>CGTAAAAAGA</word>
   <word score='7.17168478458012'>AACAAAAATA</word>
   <word score='3.5832535352572'>AGTGAAAATT</word>
   <word score='6.55965373224986'>CTCAAAAAGA</word>
   <word score='3.85406920320144'>CATAAAACCC</word>
   <word score='8.66500011739879'>CGTAAAAAAT</word>
   <word score='7.12262984795753'>ACTAAAAATC</word>
   <word score='9.99623789225302'>CATAAAAAAA</word>
   <word score='0.879471446567301'>CCTAAATTAA</word>
   <word score='5.7221130057608'>AATAAAACAA</word>
   <word score='7.64351591874936'>GATAAAAATA</word>
   <word score='5.35056065278696'>TTTAAAAATA</word>
   <word score='9.10748331818747'>GATAAAAAAA</word>
   <word score='9.32854029567177'>CTTAAAAAAC</word>
   <word score='5.71076111296829'>ATTGAAAAAC</word>
   <word score='5.59196064864432'>CATACAAAAA</word>
   <word score='4.65761119837694'>ATTCAAAAAG</word>
   <word score='8.24160879302247'>GGTAAAAAAC</word>
   <word score='9.59489650132872'>CATAAAAAAT</word>
   <word score='7.39920964654443'>CTTAAAAATT</word>
   <word score='8.42396596465917'>ATTAAAAAAG</word>
   <word score='9.57284656787671'>AATAAAAAAC</word>
   <word score='7.4474117483623'>CTTAAAAATG</word>
   <word score='6.6572665982683'>GCTAAAAATA</word>
   <word score='7.79182759230524'>CGCAAAAAAT</word>
   <word score='9.59489650132872'>CATAAAAAAT</word>
   <word score='9.15568542000535'>AATAAAAAAG</word>
   <word score='9.59489650132872'>CATAAAAAAT</word>
  </word-list>
 </motif>
</smallbismark>