<?xml version='1.0' encoding='UTF-8'?>
<smallbismark>
 <comment name='WARNING'>This is a draft version of small-BiSMark. Specification is the subject to change!</comment>
 <comment name='bismark extraction parameters'>source_id=BE_DMEL,factor_name=sd</comment>
 <group name='bismark extracted sequences' size='19'>
  <segment id='BE_DMEL.001396' length='38' chromosome='X' location='7375581'>
   <sequence>ATTTTATACAGATTTGTGAATGAAGTATGAAAAAGGAG</sequence>
  </segment>
  <segment id='BE_DMEL.001397' length='36' chromosome='X' location='7375613'>
   <sequence>AAGGAGGACTGATAACATTTAATTGTCATCAACAAA</sequence>
  </segment>
  <segment id='BE_DMEL.001398' length='39' chromosome='X' location='7375664'>
   <sequence>TGATTCTTGCGAGATAAACAGCAGTGTAGTTGGGCTGTT</sequence>
  </segment>
  <segment id='BE_DMEL.001399' length='51' chromosome='X' location='7375685'>
   <sequence>CAGTGTAGTTGGGCTGTTTTTTTAAATGAATTTTCTCTAAGTGTAGAGGCC</sequence>
  </segment>
  <segment id='BE_DMEL.001400' length='41' chromosome='X' location='7375785'>
   <sequence>TCGGCGGCAGATAAAATTATTGAAATTACATTGGCAAGACG</sequence>
  </segment>
  <segment id='BE_DMEL.001401' length='34' chromosome='X' location='7375883'>
   <sequence>GGGATTGGGATTGGAATGGGATGGGATGGGAATC</sequence>
  </segment>
  <segment id='BE_DMEL.001402' length='47' chromosome='X' location='7376012'>
   <sequence>TCCCCGCCTGTCAATGTAATTCGAAAAATGTCGTCAGTGCCGGGGTA</sequence>
  </segment>
  <segment id='BE_DMEL.006342' length='31' chromosome='2L' location='11454564'>
   <sequence>TTTTTAATAAGTTATGCGAACTGATGGTTTG</sequence>
  </segment>
  <segment id='BE_DMEL.006344' length='48' chromosome='2L' location='11454645'>
   <sequence>TGTCCCCATCCAATGGACATTCGTGGGATTCCAGAAAGCATCTTTTTA</sequence>
  </segment>
  <segment id='BE_DMEL.006298' length='35' chromosome='2R' location='8412367'>
   <sequence>AGGAGCTGCAGAGGAAATATCTTTGGCAGTCTGCT</sequence>
  </segment>
  <segment id='BE_DMEL.006299' length='38' chromosome='2R' location='8412404'>
   <sequence>TTTGCACATTAATGGGAATTCCACGGCCTCAGCTGAGC</sequence>
  </segment>
  <segment id='BE_DMEL.006300' length='38' chromosome='2R' location='8412491'>
   <sequence>GGAAAAAAAAGGCACGCGGCATGGCATCCCGTATCCAG</sequence>
  </segment>
  <segment id='BE_DMEL.006305' length='36' chromosome='2R' location='8412765'>
   <sequence>CTCTCGAATCGAGTTTGGAATGTTGTCAACGCAAAT</sequence>
  </segment>
  <segment id='BE_DMEL.000418' length='50' chromosome='2R' location='19849897'>
   <sequence>TATTGGCGGGGCTAAGAAATTCCTGGCATAGTTTAAGTGTATCGCTTTTT</sequence>
  </segment>
  <segment id='BE_DMEL.001390' length='42' chromosome='3L' location='20640780'>
   <sequence>TTTACCCCCTCTTACATTTGTCGCATAGTTCCCATCTTGGCC</sequence>
  </segment>
  <segment id='BE_DMEL.001391' length='33' chromosome='3L' location='20640972'>
   <sequence>ATATGTACATATATACATACATATTCTACAGCA</sequence>
  </segment>
  <segment id='BE_DMEL.001392' length='33' chromosome='3L' location='20641032'>
   <sequence>AAAAAGATATCAAAAATGTCGCATATTAATAAC</sequence>
  </segment>
  <segment id='BE_DMEL.001393' length='33' chromosome='3L' location='20641079'>
   <sequence>GACACAGGACACGAAATGCGTTTTGTGCCTTAA</sequence>
  </segment>
  <segment id='BE_DMEL.001394' length='33' chromosome='3L' location='20641149'>
   <sequence>TGGTGCACTGAAAGAAATAGTTGAAGGGATTAT</sequence>
  </segment>
 </group>
</smallbismark>