<?xml version='1.0' encoding='UTF-8'?>
<smallbismark>
 <comment name='WARNING'>This is a draft version of small-BiSMark. Specification is the subject to change!</comment>
 <motif name='Dref' id='DREF.MTF'>
  <PPM length='14'>
   <pm-column position='1'>
    <a>0.777777777777778</a>
    <c>0.0</c>
    <g>0.0</g>
    <t>0.222222222222222</t>
   </pm-column>
   <pm-column position='2'>
    <a>0.0</a>
    <c>0.0</c>
    <g>0.0</g>
    <t>1.0</t>
   </pm-column>
   <pm-column position='3'>
    <a>0.888888888888889</a>
    <c>0.0</c>
    <g>0.0</g>
    <t>0.111111111111111</t>
   </pm-column>
   <pm-column position='4'>
    <a>0.444444444444444</a>
    <c>0.0</c>
    <g>0.111111111111111</g>
    <t>0.444444444444444</t>
   </pm-column>
   <pm-column position='5'>
    <a>0.0</a>
    <c>0.888888888888889</c>
    <g>0.111111111111111</g>
    <t>0.0</t>
   </pm-column>
   <pm-column position='6'>
    <a>0.111111111111111</a>
    <c>0.222222222222222</c>
    <g>0.555555555555556</g>
    <t>0.111111111111111</t>
   </pm-column>
   <pm-column position='7'>
    <a>0.888888888888889</a>
    <c>0.0</c>
    <g>0.111111111111111</g>
    <t>0.0</t>
   </pm-column>
   <pm-column position='8'>
    <a>0.0</a>
    <c>0.0</c>
    <g>0.0</g>
    <t>1.0</t>
   </pm-column>
   <pm-column position='9'>
    <a>0.666666666666667</a>
    <c>0.222222222222222</c>
    <g>0.111111111111111</g>
    <t>0.0</t>
   </pm-column>
   <pm-column position='10'>
    <a>0.222222222222222</a>
    <c>0.0</c>
    <g>0.666666666666667</g>
    <t>0.111111111111111</t>
   </pm-column>
   <pm-column position='11'>
    <a>0.0</a>
    <c>0.111111111111111</c>
    <g>0.333333333333333</g>
    <t>0.555555555555556</t>
   </pm-column>
   <pm-column position='12'>
    <a>0.0</a>
    <c>0.333333333333333</c>
    <g>0.111111111111111</g>
    <t>0.555555555555556</t>
   </pm-column>
   <pm-column position='13'>
    <a>0.111111111111111</a>
    <c>0.0</c>
    <g>0.222222222222222</g>
    <t>0.666666666666667</t>
   </pm-column>
   <pm-column position='14'>
    <a>0.0</a>
    <c>0.333333333333333</c>
    <g>0.666666666666667</g>
    <t>0.0</t>
   </pm-column>
  </PPM>
  <PWM length='14'>
   <pm-column position='1'>
    <a>1.06471073699243</a>
    <c>-2.30258509299405</c>
    <g>-2.30258509299405</g>
    <t>-0.105360515657826</t>
   </pm-column>
   <pm-column position='2'>
    <a>-2.30258509299405</a>
    <c>-2.30258509299405</c>
    <g>-2.30258509299405</g>
    <t>1.30833281965018</t>
   </pm-column>
   <pm-column position='3'>
    <a>1.19392246847243</a>
    <c>-2.30258509299405</c>
    <g>-2.30258509299405</g>
    <t>-0.693147180559945</t>
   </pm-column>
   <pm-column position='4'>
    <a>0.53062825106217</a>
    <c>-2.30258509299405</c>
    <g>-0.693147180559945</g>
    <t>0.53062825106217</t>
   </pm-column>
   <pm-column position='5'>
    <a>-2.30258509299405</a>
    <c>1.19392246847243</c>
    <g>-0.693147180559945</g>
    <t>-2.30258509299405</t>
   </pm-column>
   <pm-column position='6'>
    <a>-0.693147180559945</a>
    <c>-0.105360515657826</c>
    <g>0.741937344729377</g>
    <t>-0.693147180559945</t>
   </pm-column>
   <pm-column position='7'>
    <a>1.19392246847243</a>
    <c>-2.30258509299405</c>
    <g>-0.693147180559945</g>
    <t>-2.30258509299405</t>
   </pm-column>
   <pm-column position='8'>
    <a>-2.30258509299405</a>
    <c>-2.30258509299405</c>
    <g>-2.30258509299405</g>
    <t>1.30833281965018</t>
   </pm-column>
   <pm-column position='9'>
    <a>0.916290731874155</a>
    <c>-0.105360515657826</c>
    <g>-0.693147180559945</g>
    <t>-2.30258509299405</t>
   </pm-column>
   <pm-column position='10'>
    <a>-0.105360515657826</a>
    <c>-2.30258509299405</c>
    <g>0.916290731874155</g>
    <t>-0.693147180559945</t>
   </pm-column>
   <pm-column position='11'>
    <a>-2.30258509299405</a>
    <c>-0.693147180559945</c>
    <g>0.262364264467491</g>
    <t>0.741937344729377</t>
   </pm-column>
   <pm-column position='12'>
    <a>-2.30258509299405</a>
    <c>0.262364264467491</c>
    <g>-0.693147180559945</g>
    <t>0.741937344729377</t>
   </pm-column>
   <pm-column position='13'>
    <a>-0.693147180559945</a>
    <c>-2.30258509299405</c>
    <g>-0.105360515657826</g>
    <t>0.916290731874155</t>
   </pm-column>
   <pm-column position='14'>
    <a>-2.30258509299405</a>
    <c>0.262364264467491</c>
    <g>0.916290731874155</g>
    <t>-2.30258509299405</t>
   </pm-column>
  </PWM>
  <word-list size='9'>
   <word score='11.3811761941382'>TTATCGATAGTCTC</word>
   <word score='10.0042357900136'>ATAGCTATCGTTTG</word>
   <word score='11.3181042651627'>ATTACGATAGGTTG</word>
   <word score='9.77173828170411'>TTATCGATATGTTC</word>
   <word score='11.595736001761'>ATATCGATAGTGTC</word>
   <word score='12.1835226666631'>ATATCGATAGGTGG</word>
   <word score='7.74962420128242'>ATAACAATCACTGG</word>
   <word score='7.83971724480946'>ATAACCGTGATCTG</word>
   <word score='8.86136849234144'>ATAAGCATAGTCAG</word>
  </word-list>
 </motif>
</smallbismark>