<?xml version='1.0' encoding='UTF-8'?>
<smallbismark>
 <comment name='WARNING'>This is a draft version of small-BiSMark. Specification is the subject to change!</comment>
 <motif name='Dref' id='DREF.MTF'>
  <comment name='discrete information content by position'>[-0.614381009716972, -0.475185124335118, -0.475185124335118, -0.492312977649102, 0.0, -0.244136064148469, 0.0, 0.0, -0.475185124335118, -0.492312977649102, -0.79320744443171]</comment>
  <comment name='discrete information content'>-4.06190584660071</comment>
  <comment name='number of sequences in the corresponding alignment'>9</comment>
  <PPM length='11'>
   <pm-column position='1'>
    <a>0.666666666666667</a>
    <c>0.111111111111111</c>
    <g>0.0</g>
    <t>0.222222222222222</t>
   </pm-column>
   <pm-column position='2'>
    <a>0.111111111111111</a>
    <c>0.0</c>
    <g>0.111111111111111</g>
    <t>0.777777777777778</t>
   </pm-column>
   <pm-column position='3'>
    <a>0.777777777777778</a>
    <c>0.111111111111111</c>
    <g>0.0</g>
    <t>0.111111111111111</t>
   </pm-column>
   <pm-column position='4'>
    <a>0.333333333333333</a>
    <c>0.0</c>
    <g>0.0</g>
    <t>0.666666666666667</t>
   </pm-column>
   <pm-column position='5'>
    <a>0.0</a>
    <c>1.0</c>
    <g>0.0</g>
    <t>0.0</t>
   </pm-column>
   <pm-column position='6'>
    <a>0.111111111111111</a>
    <c>0.0</c>
    <g>0.888888888888889</g>
    <t>0.0</t>
   </pm-column>
   <pm-column position='7'>
    <a>1.0</a>
    <c>0.0</c>
    <g>0.0</g>
    <t>0.0</t>
   </pm-column>
   <pm-column position='8'>
    <a>0.0</a>
    <c>0.0</c>
    <g>0.0</g>
    <t>1.0</t>
   </pm-column>
   <pm-column position='9'>
    <a>0.777777777777778</a>
    <c>0.111111111111111</c>
    <g>0.111111111111111</g>
    <t>0.0</t>
   </pm-column>
   <pm-column position='10'>
    <a>0.333333333333333</a>
    <c>0.0</c>
    <g>0.666666666666667</g>
    <t>0.0</t>
   </pm-column>
   <pm-column position='11'>
    <a>0.0</a>
    <c>0.333333333333333</c>
    <g>0.444444444444444</g>
    <t>0.222222222222222</t>
   </pm-column>
  </PPM>
  <PWM length='11'>
   <pm-column position='1'>
    <a>0.916290731874155</a>
    <c>-0.693147180559945</c>
    <g>-2.30258509299405</g>
    <t>-0.105360515657826</t>
   </pm-column>
   <pm-column position='2'>
    <a>-0.693147180559945</a>
    <c>-2.30258509299405</c>
    <g>-0.693147180559945</g>
    <t>1.06471073699243</t>
   </pm-column>
   <pm-column position='3'>
    <a>1.06471073699243</a>
    <c>-0.693147180559945</c>
    <g>-2.30258509299405</g>
    <t>-0.693147180559945</t>
   </pm-column>
   <pm-column position='4'>
    <a>0.262364264467491</a>
    <c>-2.30258509299405</c>
    <g>-2.30258509299405</g>
    <t>0.916290731874155</t>
   </pm-column>
   <pm-column position='5'>
    <a>-2.30258509299405</a>
    <c>1.30833281965018</c>
    <g>-2.30258509299405</g>
    <t>-2.30258509299405</t>
   </pm-column>
   <pm-column position='6'>
    <a>-0.693147180559945</a>
    <c>-2.30258509299405</c>
    <g>1.19392246847243</g>
    <t>-2.30258509299405</t>
   </pm-column>
   <pm-column position='7'>
    <a>1.30833281965018</a>
    <c>-2.30258509299405</c>
    <g>-2.30258509299405</g>
    <t>-2.30258509299405</t>
   </pm-column>
   <pm-column position='8'>
    <a>-2.30258509299405</a>
    <c>-2.30258509299405</c>
    <g>-2.30258509299405</g>
    <t>1.30833281965018</t>
   </pm-column>
   <pm-column position='9'>
    <a>1.06471073699243</a>
    <c>-0.693147180559945</c>
    <g>-0.693147180559945</g>
    <t>-2.30258509299405</t>
   </pm-column>
   <pm-column position='10'>
    <a>0.262364264467491</a>
    <c>-2.30258509299405</c>
    <g>0.916290731874155</g>
    <t>-2.30258509299405</t>
   </pm-column>
   <pm-column position='11'>
    <a>-2.30258509299405</a>
    <c>0.262364264467491</c>
    <g>0.53062825106217</g>
    <t>-0.105360515657826</t>
   </pm-column>
  </PWM>
  <word-list size='10'>
   <word score='9.93491357083291'>TTATCGATAGT</word>
   <word score='7.30306730109707'>CAAACGATAGC</word>
   <word score='9.18076920012585'>ATTACGATAGG</word>
   <word score='10.6703631310835'>ATATCGATAAC</word>
   <word score='10.9565648183649'>ATATCGATAGT</word>
   <word score='11.5925535850849'>ATATCGATAGG</word>
   <word score='6.37150909709213'>ATAACAATCAC</word>
   <word score='6.31897983242777'>AGCTCGATGGG</word>
   <word score='9.91697587014625'>TTATCGATAAG</word>
   <word score='9.91697587014625'>TTATCGATAAG</word>
  </word-list>
 </motif>
</smallbismark>