<?xml version='1.0' encoding='UTF-8'?>
<smallbismark>
 <comment name='WARNING'>This is a draft version of small-BiSMark. Specification is the subject to change!</comment>
 <motif name='Dref' id='DREF.MTF'>
  <PPM length='12'>
   <pm-column position='1'>
    <a>0.555555555555556</a>
    <c>0.0</c>
    <g>0.333333333333333</g>
    <t>0.111111111111111</t>
   </pm-column>
   <pm-column position='2'>
    <a>0.222222222222222</a>
    <c>0.333333333333333</c>
    <g>0.0</g>
    <t>0.444444444444444</t>
   </pm-column>
   <pm-column position='3'>
    <a>0.555555555555556</a>
    <c>0.111111111111111</c>
    <g>0.0</g>
    <t>0.333333333333333</t>
   </pm-column>
   <pm-column position='4'>
    <a>0.111111111111111</a>
    <c>0.0</c>
    <g>0.222222222222222</g>
    <t>0.666666666666667</t>
   </pm-column>
   <pm-column position='5'>
    <a>0.666666666666667</a>
    <c>0.111111111111111</c>
    <g>0.111111111111111</g>
    <t>0.111111111111111</t>
   </pm-column>
   <pm-column position='6'>
    <a>0.222222222222222</a>
    <c>0.0</c>
    <g>0.111111111111111</g>
    <t>0.666666666666667</t>
   </pm-column>
   <pm-column position='7'>
    <a>0.0</a>
    <c>1.0</c>
    <g>0.0</g>
    <t>0.0</t>
   </pm-column>
   <pm-column position='8'>
    <a>0.0</a>
    <c>0.0</c>
    <g>1.0</g>
    <t>0.0</t>
   </pm-column>
   <pm-column position='9'>
    <a>1.0</a>
    <c>0.0</c>
    <g>0.0</g>
    <t>0.0</t>
   </pm-column>
   <pm-column position='10'>
    <a>0.0</a>
    <c>0.0</c>
    <g>0.0</g>
    <t>1.0</t>
   </pm-column>
   <pm-column position='11'>
    <a>0.888888888888889</a>
    <c>0.0</c>
    <g>0.111111111111111</g>
    <t>0.0</t>
   </pm-column>
   <pm-column position='12'>
    <a>0.333333333333333</a>
    <c>0.0</c>
    <g>0.666666666666667</g>
    <t>0.0</t>
   </pm-column>
  </PPM>
  <PWM length='12'>
   <pm-column position='1'>
    <a>0.741937344729377</a>
    <c>-2.30258509299405</c>
    <g>0.262364264467491</g>
    <t>-0.693147180559945</t>
   </pm-column>
   <pm-column position='2'>
    <a>-0.105360515657826</a>
    <c>0.262364264467491</c>
    <g>-2.30258509299405</g>
    <t>0.53062825106217</t>
   </pm-column>
   <pm-column position='3'>
    <a>0.741937344729377</a>
    <c>-0.693147180559945</c>
    <g>-2.30258509299405</g>
    <t>0.262364264467491</t>
   </pm-column>
   <pm-column position='4'>
    <a>-0.693147180559945</a>
    <c>-2.30258509299405</c>
    <g>-0.105360515657826</g>
    <t>0.916290731874155</t>
   </pm-column>
   <pm-column position='5'>
    <a>0.916290731874155</a>
    <c>-0.693147180559945</c>
    <g>-0.693147180559945</g>
    <t>-0.693147180559945</t>
   </pm-column>
   <pm-column position='6'>
    <a>-0.105360515657826</a>
    <c>-2.30258509299405</c>
    <g>-0.693147180559945</g>
    <t>0.916290731874155</t>
   </pm-column>
   <pm-column position='7'>
    <a>-2.30258509299405</a>
    <c>1.30833281965018</c>
    <g>-2.30258509299405</g>
    <t>-2.30258509299405</t>
   </pm-column>
   <pm-column position='8'>
    <a>-2.30258509299405</a>
    <c>-2.30258509299405</c>
    <g>1.30833281965018</g>
    <t>-2.30258509299405</t>
   </pm-column>
   <pm-column position='9'>
    <a>1.30833281965018</a>
    <c>-2.30258509299405</c>
    <g>-2.30258509299405</g>
    <t>-2.30258509299405</t>
   </pm-column>
   <pm-column position='10'>
    <a>-2.30258509299405</a>
    <c>-2.30258509299405</c>
    <g>-2.30258509299405</g>
    <t>1.30833281965018</t>
   </pm-column>
   <pm-column position='11'>
    <a>1.19392246847243</a>
    <c>-2.30258509299405</c>
    <g>-0.693147180559945</g>
    <t>-2.30258509299405</t>
   </pm-column>
   <pm-column position='12'>
    <a>0.262364264467491</a>
    <c>-2.30258509299405</c>
    <g>0.916290731874155</g>
    <t>-2.30258509299405</t>
   </pm-column>
  </PWM>
  <word-list size='9'>
   <word score='11.6273465348288'>ATTTATCGATAG</word>
   <word score='8.04074592983529'>ATCAAACGATAG</word>
   <word score='9.47583045512461'>ATATTACGATAG</word>
   <word score='11.1847291610894'>ACATATCGATAA</word>
   <word score='10.0358463230814'>TAATATCGATAG</word>
   <word score='12.1069196150907'>ATATATCGATAG</word>
   <word score='5.61733114804008'>GATGGGCGATAA</word>
   <word score='6.84092373923567'>GCAGCTCGATGG</word>
   <word score='10.2255830005656'>GCTTATCGATAA</word>
  </word-list>
 </motif>
</smallbismark>