<?xml version='1.0' encoding='UTF-8'?>
<smallbismark>
 <comment name='WARNING'>This is a draft version of small-BiSMark. Specification is the subject to change!</comment>
 <motif name='Dref' id='DREF.MTF'>
  <comment name='discrete information content by position'>[-0.614381009716972, -0.736449041784686, 0.0, 0.0, 0.0, 0.0, 0.0, -0.537364656327935]</comment>
  <comment name='discrete information content'>-1.88819470782959</comment>
  <comment name='number of sequences in the corresponding alignment'>9</comment>
  <PPM length='8'>
   <pm-column position='1'>
    <a>0.666666666666667</a>
    <c>0.0</c>
    <g>0.111111111111111</g>
    <t>0.222222222222222</t>
   </pm-column>
   <pm-column position='2'>
    <a>0.222222222222222</a>
    <c>0.0</c>
    <g>0.222222222222222</g>
    <t>0.555555555555556</t>
   </pm-column>
   <pm-column position='3'>
    <a>0.0</a>
    <c>1.0</c>
    <g>0.0</g>
    <t>0.0</t>
   </pm-column>
   <pm-column position='4'>
    <a>0.0</a>
    <c>0.0</c>
    <g>1.0</g>
    <t>0.0</t>
   </pm-column>
   <pm-column position='5'>
    <a>1.0</a>
    <c>0.0</c>
    <g>0.0</g>
    <t>0.0</t>
   </pm-column>
   <pm-column position='6'>
    <a>0.0</a>
    <c>0.0</c>
    <g>0.0</g>
    <t>1.0</t>
   </pm-column>
   <pm-column position='7'>
    <a>1.0</a>
    <c>0.0</c>
    <g>0.0</g>
    <t>0.0</t>
   </pm-column>
   <pm-column position='8'>
    <a>0.444444444444444</a>
    <c>0.0</c>
    <g>0.555555555555556</g>
    <t>0.0</t>
   </pm-column>
  </PPM>
  <PWM length='8'>
   <pm-column position='1'>
    <a>0.916290731874155</a>
    <c>-2.30258509299405</c>
    <g>-0.693147180559945</g>
    <t>-0.105360515657826</t>
   </pm-column>
   <pm-column position='2'>
    <a>-0.105360515657826</a>
    <c>-2.30258509299405</c>
    <g>-0.105360515657826</g>
    <t>0.741937344729377</t>
   </pm-column>
   <pm-column position='3'>
    <a>-2.30258509299405</a>
    <c>1.30833281965018</c>
    <g>-2.30258509299405</g>
    <t>-2.30258509299405</t>
   </pm-column>
   <pm-column position='4'>
    <a>-2.30258509299405</a>
    <c>-2.30258509299405</c>
    <g>1.30833281965018</g>
    <t>-2.30258509299405</t>
   </pm-column>
   <pm-column position='5'>
    <a>1.30833281965018</a>
    <c>-2.30258509299405</c>
    <g>-2.30258509299405</g>
    <t>-2.30258509299405</t>
   </pm-column>
   <pm-column position='6'>
    <a>-2.30258509299405</a>
    <c>-2.30258509299405</c>
    <g>-2.30258509299405</g>
    <t>1.30833281965018</t>
   </pm-column>
   <pm-column position='7'>
    <a>1.30833281965018</a>
    <c>-2.30258509299405</c>
    <g>-2.30258509299405</g>
    <t>-2.30258509299405</t>
   </pm-column>
   <pm-column position='8'>
    <a>0.53062825106217</a>
    <c>-2.30258509299405</c>
    <g>0.741937344729377</g>
    <t>-2.30258509299405</t>
   </pm-column>
  </PWM>
  <word-list size='10'>
   <word score='8.9418295195838'>ATCGATAG</word>
   <word score='8.0945316591966'>AACGATAG</word>
   <word score='7.07288041166462'>TACGATAG</word>
   <word score='8.7305204259166'>ATCGATAA</word>
   <word score='8.9418295195838'>ATCGATAG</word>
   <word score='8.9418295195838'>ATCGATAG</word>
   <word score='6.27378465309529'>GGCGATAA</word>
   <word score='6.86157131799741'>TGCGATAA</word>
   <word score='8.7305204259166'>ATCGATAA</word>
   <word score='8.7305204259166'>ATCGATAA</word>
  </word-list>
 </motif>
</smallbismark>