<?xml version='1.0' encoding='UTF-8'?>
<smallbismark>
 <comment name='WARNING'>This is a draft version of small-BiSMark. Specification is the subject to change!</comment>
 <motif name='ovo' id='OVO.MTF'>
  <PPM length='13'>
   <pm-column position='1'>
    <a>0.416666666666667</a>
    <c>0.0833333333333333</c>
    <g>0.0833333333333333</g>
    <t>0.416666666666667</t>
   </pm-column>
   <pm-column position='2'>
    <a>0.5</a>
    <c>0.0833333333333333</c>
    <g>0.0</g>
    <t>0.416666666666667</t>
   </pm-column>
   <pm-column position='3'>
    <a>0.0</a>
    <c>1.0</c>
    <g>0.0</g>
    <t>0.0</t>
   </pm-column>
   <pm-column position='4'>
    <a>0.25</a>
    <c>0.416666666666667</c>
    <g>0.0</g>
    <t>0.333333333333333</t>
   </pm-column>
   <pm-column position='5'>
    <a>0.0</a>
    <c>0.0</c>
    <g>1.0</g>
    <t>0.0</t>
   </pm-column>
   <pm-column position='6'>
    <a>0.0</a>
    <c>0.0</c>
    <g>0.0833333333333333</g>
    <t>0.916666666666667</t>
   </pm-column>
   <pm-column position='7'>
    <a>0.166666666666667</a>
    <c>0.0</c>
    <g>0.0</g>
    <t>0.833333333333333</t>
   </pm-column>
   <pm-column position='8'>
    <a>0.666666666666667</a>
    <c>0.166666666666667</c>
    <g>0.166666666666667</g>
    <t>0.0</t>
   </pm-column>
   <pm-column position='9'>
    <a>0.166666666666667</a>
    <c>0.583333333333333</c>
    <g>0.166666666666667</g>
    <t>0.0833333333333333</t>
   </pm-column>
   <pm-column position='10'>
    <a>0.333333333333333</a>
    <c>0.0</c>
    <g>0.0833333333333333</g>
    <t>0.583333333333333</t>
   </pm-column>
   <pm-column position='11'>
    <a>0.0833333333333333</a>
    <c>0.166666666666667</c>
    <g>0.0</g>
    <t>0.75</t>
   </pm-column>
   <pm-column position='12'>
    <a>0.0</a>
    <c>0.166666666666667</c>
    <g>0.333333333333333</g>
    <t>0.5</t>
   </pm-column>
   <pm-column position='13'>
    <a>0.0833333333333333</a>
    <c>0.0833333333333333</c>
    <g>0.0</g>
    <t>0.833333333333333</t>
   </pm-column>
  </PPM>
  <PWM length='13'>
   <pm-column position='1'>
    <a>0.479573080261886</a>
    <c>-0.955511445027436</c>
    <g>-0.955511445027436</g>
    <t>0.479573080261886</t>
   </pm-column>
   <pm-column position='2'>
    <a>0.653926467406664</a>
    <c>-0.955511445027436</c>
    <g>-2.56494935746154</g>
    <t>0.479573080261886</t>
   </pm-column>
   <pm-column position='3'>
    <a>-2.56494935746154</a>
    <c>1.32687094064909</c>
    <g>-2.56494935746154</g>
    <t>-2.56494935746154</t>
   </pm-column>
   <pm-column position='4'>
    <a>0.0</a>
    <c>0.479573080261886</c>
    <g>-2.56494935746154</g>
    <t>0.268263986594679</t>
   </pm-column>
   <pm-column position='5'>
    <a>-2.56494935746154</a>
    <c>-2.56494935746154</c>
    <g>1.32687094064909</g>
    <t>-2.56494935746154</t>
   </pm-column>
   <pm-column position='6'>
    <a>-2.56494935746154</a>
    <c>-2.56494935746154</c>
    <g>-0.955511445027436</g>
    <t>1.24171313230878</t>
   </pm-column>
   <pm-column position='7'>
    <a>-0.367724780125317</a>
    <c>-2.56494935746154</c>
    <g>-2.56494935746154</g>
    <t>1.14862270924277</t>
   </pm-column>
   <pm-column position='8'>
    <a>0.931558204004943</a>
    <c>-0.367724780125317</c>
    <g>-0.367724780125317</g>
    <t>-2.56494935746154</t>
   </pm-column>
   <pm-column position='9'>
    <a>-0.367724780125317</a>
    <c>0.802346472524937</c>
    <g>-0.367724780125317</g>
    <t>-0.955511445027436</t>
   </pm-column>
   <pm-column position='10'>
    <a>0.268263986594679</a>
    <c>-2.56494935746154</c>
    <g>-0.955511445027436</g>
    <t>0.802346472524937</t>
   </pm-column>
   <pm-column position='11'>
    <a>-0.955511445027436</a>
    <c>-0.367724780125317</c>
    <g>-2.56494935746154</g>
    <t>1.04596855518269</t>
   </pm-column>
   <pm-column position='12'>
    <a>-2.56494935746154</a>
    <c>-0.367724780125317</c>
    <g>0.268263986594679</g>
    <t>0.653926467406664</t>
   </pm-column>
   <pm-column position='13'>
    <a>-0.955511445027436</a>
    <c>-0.955511445027436</c>
    <g>-2.56494935746154</g>
    <t>1.14862270924277</t>
   </pm-column>
  </PWM>
  <word-list size='12'>
   <word score='8.75852891516958'>TACTGTAAGTTGT</word>
   <word score='7.84796885800441'>ATCTGTTAAATTC</word>
   <word score='11.028263665475'>AACAGTTACATTT</word>
   <word score='7.85671241261459'>TACAGTTAGAATT</word>
   <word score='9.13319833510275'>GTCCGTTCCTTTT</word>
   <word score='10.5682828603921'>TTCCGTTGCTTTT</word>
   <word score='9.19952097803382'>TCCTGTTACTTCT</word>
   <word score='8.89813877575209'>TTCCGTTAATCGT</word>
   <word score='6.16926225005733'>CACCGTTACACGA</word>
   <word score='4.79163318301828'>AACAGGAGTTTTT</word>
   <word score='8.21345336836051'>ATCTGTTCCGTGT</word>
   <word score='11.0202679841351'>AACCGTTACTTCT</word>
  </word-list>
 </motif>
</smallbismark>