<?xml version='1.0' encoding='UTF-8'?>
<smallbismark>
 <comment name='WARNING'>This is a draft version of small-BiSMark. Specification is the subject to change!</comment>
 <motif name='ovo' id='OVO.MTF'>
  <comment name='discrete information content by position'>[-0.40690016021553, -0.556213449317868, -0.598782251298368, -0.207075554149, -0.910254719483643, -0.207075554149, -0.7480955403957, -0.556213449317868, -0.666359769306615, -0.666359769306615, -0.556213449317868, -0.541019986246816, -0.690333275354038, -0.349137895163978]</comment>
  <comment name='discrete information content'>-7.66003482302291</comment>
  <comment name='number of sequences in the corresponding alignment'>12</comment>
  <PPM length='14'>
   <pm-column position='1'>
    <a>0.0</a>
    <c>0.0833333333333333</c>
    <g>0.0833333333333333</g>
    <t>0.833333333333333</t>
   </pm-column>
   <pm-column position='2'>
    <a>0.416666666666667</a>
    <c>0.0</c>
    <g>0.0</g>
    <t>0.583333333333333</t>
   </pm-column>
   <pm-column position='3'>
    <a>0.75</a>
    <c>0.0833333333333333</c>
    <g>0.0833333333333333</g>
    <t>0.0833333333333333</t>
   </pm-column>
   <pm-column position='4'>
    <a>0.0833333333333333</a>
    <c>0.916666666666667</c>
    <g>0.0</g>
    <t>0.0</t>
   </pm-column>
   <pm-column position='5'>
    <a>0.5</a>
    <c>0.25</c>
    <g>0.166666666666667</g>
    <t>0.0833333333333333</t>
   </pm-column>
   <pm-column position='6'>
    <a>0.0</a>
    <c>0.0833333333333333</c>
    <g>0.916666666666667</g>
    <t>0.0</t>
   </pm-column>
   <pm-column position='7'>
    <a>0.0</a>
    <c>0.166666666666667</c>
    <g>0.25</g>
    <t>0.583333333333333</t>
   </pm-column>
   <pm-column position='8'>
    <a>0.416666666666667</a>
    <c>0.0</c>
    <g>0.0</g>
    <t>0.583333333333333</t>
   </pm-column>
   <pm-column position='9'>
    <a>0.666666666666667</a>
    <c>0.0</c>
    <g>0.166666666666667</g>
    <t>0.166666666666667</t>
   </pm-column>
   <pm-column position='10'>
    <a>0.0</a>
    <c>0.666666666666667</c>
    <g>0.166666666666667</g>
    <t>0.166666666666667</t>
   </pm-column>
   <pm-column position='11'>
    <a>0.583333333333333</a>
    <c>0.0</c>
    <g>0.0</g>
    <t>0.416666666666667</t>
   </pm-column>
   <pm-column position='12'>
    <a>0.166666666666667</a>
    <c>0.0</c>
    <g>0.0833333333333333</g>
    <t>0.75</t>
   </pm-column>
   <pm-column position='13'>
    <a>0.0833333333333333</a>
    <c>0.333333333333333</c>
    <g>0.0</g>
    <t>0.583333333333333</t>
   </pm-column>
   <pm-column position='14'>
    <a>0.0</a>
    <c>0.0</c>
    <g>0.166666666666667</g>
    <t>0.833333333333333</t>
   </pm-column>
  </PPM>
  <PWM length='14'>
   <pm-column position='1'>
    <a>-2.56494935746154</a>
    <c>-0.955511445027436</c>
    <g>-0.955511445027436</g>
    <t>1.14862270924277</t>
   </pm-column>
   <pm-column position='2'>
    <a>0.479573080261886</a>
    <c>-2.56494935746154</c>
    <g>-2.56494935746154</g>
    <t>0.802346472524937</t>
   </pm-column>
   <pm-column position='3'>
    <a>1.04596855518269</a>
    <c>-0.955511445027436</c>
    <g>-0.955511445027436</g>
    <t>-0.955511445027436</t>
   </pm-column>
   <pm-column position='4'>
    <a>-0.955511445027436</a>
    <c>1.24171313230878</c>
    <g>-2.56494935746154</g>
    <t>-2.56494935746154</t>
   </pm-column>
   <pm-column position='5'>
    <a>0.653926467406664</a>
    <c>0.0</c>
    <g>-0.367724780125317</g>
    <t>-0.955511445027436</t>
   </pm-column>
   <pm-column position='6'>
    <a>-2.56494935746154</a>
    <c>-0.955511445027436</c>
    <g>1.24171313230878</g>
    <t>-2.56494935746154</t>
   </pm-column>
   <pm-column position='7'>
    <a>-2.56494935746154</a>
    <c>-0.367724780125317</c>
    <g>0.0</g>
    <t>0.802346472524937</t>
   </pm-column>
   <pm-column position='8'>
    <a>0.479573080261886</a>
    <c>-2.56494935746154</c>
    <g>-2.56494935746154</g>
    <t>0.802346472524937</t>
   </pm-column>
   <pm-column position='9'>
    <a>0.931558204004943</a>
    <c>-2.56494935746154</c>
    <g>-0.367724780125317</g>
    <t>-0.367724780125317</t>
   </pm-column>
   <pm-column position='10'>
    <a>-2.56494935746154</a>
    <c>0.931558204004943</c>
    <g>-0.367724780125317</g>
    <t>-0.367724780125317</t>
   </pm-column>
   <pm-column position='11'>
    <a>0.802346472524937</a>
    <c>-2.56494935746154</c>
    <g>-2.56494935746154</g>
    <t>0.479573080261886</t>
   </pm-column>
   <pm-column position='12'>
    <a>-0.367724780125317</a>
    <c>-2.56494935746154</c>
    <g>-0.955511445027436</g>
    <t>1.04596855518269</t>
   </pm-column>
   <pm-column position='13'>
    <a>-0.955511445027436</a>
    <c>0.268263986594679</c>
    <g>-2.56494935746154</g>
    <t>0.802346472524937</t>
   </pm-column>
   <pm-column position='14'>
    <a>-2.56494935746154</a>
    <c>-2.56494935746154</c>
    <g>-0.367724780125317</g>
    <t>1.14862270924277</t>
   </pm-column>
  </PWM>
  <word-list size='12'>
   <word score='9.56078314966846'>TTACAGTAACAGTG</word>
   <word score='8.28832217080391'>TAACGGCTTTATTT</word>
   <word score='13.0786106392467'>TAACAGTTACATTT</word>
   <word score='8.58427355780125'>CTACAGTTAGAATT</word>
   <word score='10.1271786245893'>TTACAGTTACATAG</word>
   <word score='9.12392118749962'>TTTCCGTTGCTTTT</word>
   <word score='8.93361024067219'>TTCCTGTTACTTCT</word>
   <word score='8.56825724378554'>TTAACGGAACTTCT</word>
   <word score='7.36606326994725'>TTACACGAAGAATT</word>
   <word score='9.03215141393511'>TAACAGGAGTTTTT</word>
   <word score='6.72926927653074'>TAGCGGCATCATCT</word>
   <word score='9.46369413937649'>GAACCGTTACTTCT</word>
  </word-list>
 </motif>
</smallbismark>