<?xml version='1.0' encoding='UTF-8'?>
<smallbismark>
 <comment name='WARNING'>This is a draft version of small-BiSMark. Specification is the subject to change!</comment>
 <motif name='ovo' id='OVO.MTF'>
  <comment name='discrete information content by position'>[-0.852492454441864, -0.40690016021553, -0.556213449317868, -0.598782251298368, -0.207075554149, -1.00180574353443, -0.207075554149, -0.7480955403957, -0.556213449317868, -0.666359769306615, -0.7480955403957, -0.569059339303474, -0.349137895163978, -0.852492454441981, -0.207075554149]</comment>
  <comment name='discrete information content'>-8.52687470958037</comment>
  <comment name='number of sequences in the corresponding alignment'>12</comment>
  <PPM length='15'>
   <pm-column position='1'>
    <a>0.333333333333333</a>
    <c>0.0</c>
    <g>0.25</g>
    <t>0.416666666666667</t>
   </pm-column>
   <pm-column position='2'>
    <a>0.0</a>
    <c>0.0833333333333333</c>
    <g>0.0833333333333333</g>
    <t>0.833333333333333</t>
   </pm-column>
   <pm-column position='3'>
    <a>0.416666666666667</a>
    <c>0.0</c>
    <g>0.0</g>
    <t>0.583333333333333</t>
   </pm-column>
   <pm-column position='4'>
    <a>0.75</a>
    <c>0.0833333333333333</c>
    <g>0.0833333333333333</g>
    <t>0.0833333333333333</t>
   </pm-column>
   <pm-column position='5'>
    <a>0.0833333333333333</a>
    <c>0.916666666666667</c>
    <g>0.0</g>
    <t>0.0</t>
   </pm-column>
   <pm-column position='6'>
    <a>0.416666666666667</a>
    <c>0.25</c>
    <g>0.166666666666667</g>
    <t>0.166666666666667</t>
   </pm-column>
   <pm-column position='7'>
    <a>0.0</a>
    <c>0.0833333333333333</c>
    <g>0.916666666666667</g>
    <t>0.0</t>
   </pm-column>
   <pm-column position='8'>
    <a>0.0</a>
    <c>0.166666666666667</c>
    <g>0.25</g>
    <t>0.583333333333333</t>
   </pm-column>
   <pm-column position='9'>
    <a>0.416666666666667</a>
    <c>0.0</c>
    <g>0.0</g>
    <t>0.583333333333333</t>
   </pm-column>
   <pm-column position='10'>
    <a>0.666666666666667</a>
    <c>0.0</c>
    <g>0.166666666666667</g>
    <t>0.166666666666667</t>
   </pm-column>
   <pm-column position='11'>
    <a>0.0</a>
    <c>0.583333333333333</c>
    <g>0.25</g>
    <t>0.166666666666667</t>
   </pm-column>
   <pm-column position='12'>
    <a>0.5</a>
    <c>0.0</c>
    <g>0.0</g>
    <t>0.5</t>
   </pm-column>
   <pm-column position='13'>
    <a>0.166666666666667</a>
    <c>0.0</c>
    <g>0.0</g>
    <t>0.833333333333333</t>
   </pm-column>
   <pm-column position='14'>
    <a>0.0833333333333333</a>
    <c>0.333333333333333</c>
    <g>0.0833333333333333</g>
    <t>0.5</t>
   </pm-column>
   <pm-column position='15'>
    <a>0.0</a>
    <c>0.0</c>
    <g>0.0833333333333333</g>
    <t>0.916666666666667</t>
   </pm-column>
  </PPM>
  <PWM length='15'>
   <pm-column position='1'>
    <a>0.268263986594679</a>
    <c>-2.56494935746154</c>
    <g>0.0</g>
    <t>0.479573080261886</t>
   </pm-column>
   <pm-column position='2'>
    <a>-2.56494935746154</a>
    <c>-0.955511445027436</c>
    <g>-0.955511445027436</g>
    <t>1.14862270924277</t>
   </pm-column>
   <pm-column position='3'>
    <a>0.479573080261886</a>
    <c>-2.56494935746154</c>
    <g>-2.56494935746154</g>
    <t>0.802346472524937</t>
   </pm-column>
   <pm-column position='4'>
    <a>1.04596855518269</a>
    <c>-0.955511445027436</c>
    <g>-0.955511445027436</g>
    <t>-0.955511445027436</t>
   </pm-column>
   <pm-column position='5'>
    <a>-0.955511445027436</a>
    <c>1.24171313230878</c>
    <g>-2.56494935746154</g>
    <t>-2.56494935746154</t>
   </pm-column>
   <pm-column position='6'>
    <a>0.479573080261886</a>
    <c>0.0</c>
    <g>-0.367724780125317</g>
    <t>-0.367724780125317</t>
   </pm-column>
   <pm-column position='7'>
    <a>-2.56494935746154</a>
    <c>-0.955511445027436</c>
    <g>1.24171313230878</g>
    <t>-2.56494935746154</t>
   </pm-column>
   <pm-column position='8'>
    <a>-2.56494935746154</a>
    <c>-0.367724780125317</c>
    <g>0.0</g>
    <t>0.802346472524937</t>
   </pm-column>
   <pm-column position='9'>
    <a>0.479573080261886</a>
    <c>-2.56494935746154</c>
    <g>-2.56494935746154</g>
    <t>0.802346472524937</t>
   </pm-column>
   <pm-column position='10'>
    <a>0.931558204004943</a>
    <c>-2.56494935746154</c>
    <g>-0.367724780125317</g>
    <t>-0.367724780125317</t>
   </pm-column>
   <pm-column position='11'>
    <a>-2.56494935746154</a>
    <c>0.802346472524937</c>
    <g>0.0</g>
    <t>-0.367724780125317</t>
   </pm-column>
   <pm-column position='12'>
    <a>0.653926467406664</a>
    <c>-2.56494935746154</c>
    <g>-2.56494935746154</g>
    <t>0.653926467406664</t>
   </pm-column>
   <pm-column position='13'>
    <a>-0.367724780125317</a>
    <c>-2.56494935746154</c>
    <g>-2.56494935746154</g>
    <t>1.14862270924277</t>
   </pm-column>
   <pm-column position='14'>
    <a>-0.955511445027436</a>
    <c>0.268263986594679</c>
    <g>-0.955511445027436</g>
    <t>0.653926467406664</t>
   </pm-column>
   <pm-column position='15'>
    <a>-2.56494935746154</a>
    <c>-2.56494935746154</c>
    <g>-0.955511445027436</g>
    <t>1.24171313230878</t>
   </pm-column>
  </PWM>
  <word-list size='12'>
   <word score='9.41486784216519'>GTTACTGTAAGTTGT</word>
   <word score='8.66679981795535'>TTAACGGCTTTATTT</word>
   <word score='13.1535231677733'>TTAACAGTTACATTT</word>
   <word score='8.84215935020593'>ACTACAGTTAGAATT</word>
   <word score='9.66963407026605'>TTTACAGTTACATAG</word>
   <word score='9.6959604954341'>TTTTCCGTTGCTTTT</word>
   <word score='10.2418562186271'>TTTCCTGTTACTTCT</word>
   <word score='9.07740746317109'>ATTAACGGAACTTCT</word>
   <word score='7.35568507575725'>GTTACACGAAGAATT</word>
   <word score='9.34773997253761'>ATAACAGGAGTTTTT</word>
   <word score='6.91564610365324'>ATAGCGGCATCATCT</word>
   <word score='9.70458037216736'>GGAACCGTTACTTCT</word>
  </word-list>
 </motif>
</smallbismark>