<?xml version='1.0' encoding='UTF-8'?>
<smallbismark>
 <comment name='WARNING'>This is a draft version of small-BiSMark. Specification is the subject to change!</comment>
 <motif name='ovo' id='OVO.MTF'>
  <PPM length='8'>
   <pm-column position='1'>
    <a>0.25</a>
    <c>0.25</c>
    <g>0.0</g>
    <t>0.5</t>
   </pm-column>
   <pm-column position='2'>
    <a>0.583333333333333</a>
    <c>0.166666666666667</c>
    <g>0.0833333333333333</g>
    <t>0.166666666666667</t>
   </pm-column>
   <pm-column position='3'>
    <a>0.0</a>
    <c>1.0</c>
    <g>0.0</g>
    <t>0.0</t>
   </pm-column>
   <pm-column position='4'>
    <a>0.166666666666667</a>
    <c>0.5</c>
    <g>0.0</g>
    <t>0.333333333333333</t>
   </pm-column>
   <pm-column position='5'>
    <a>0.0</a>
    <c>0.0</c>
    <g>1.0</g>
    <t>0.0</t>
   </pm-column>
   <pm-column position='6'>
    <a>0.0833333333333333</a>
    <c>0.0</c>
    <g>0.0</g>
    <t>0.916666666666667</t>
   </pm-column>
   <pm-column position='7'>
    <a>0.0</a>
    <c>0.0</c>
    <g>0.0</g>
    <t>1.0</t>
   </pm-column>
   <pm-column position='8'>
    <a>0.916666666666667</a>
    <c>0.0</c>
    <g>0.0833333333333333</g>
    <t>0.0</t>
   </pm-column>
  </PPM>
  <PWM length='8'>
   <pm-column position='1'>
    <a>0.0</a>
    <c>0.0</c>
    <g>-2.56494935746154</g>
    <t>0.653926467406664</t>
   </pm-column>
   <pm-column position='2'>
    <a>0.802346472524937</a>
    <c>-0.367724780125317</c>
    <g>-0.955511445027436</g>
    <t>-0.367724780125317</t>
   </pm-column>
   <pm-column position='3'>
    <a>-2.56494935746154</a>
    <c>1.32687094064909</c>
    <g>-2.56494935746154</g>
    <t>-2.56494935746154</t>
   </pm-column>
   <pm-column position='4'>
    <a>-0.367724780125317</a>
    <c>0.653926467406664</c>
    <g>-2.56494935746154</g>
    <t>0.268263986594679</t>
   </pm-column>
   <pm-column position='5'>
    <a>-2.56494935746154</a>
    <c>-2.56494935746154</c>
    <g>1.32687094064909</g>
    <t>-2.56494935746154</t>
   </pm-column>
   <pm-column position='6'>
    <a>-0.955511445027436</a>
    <c>-2.56494935746154</c>
    <g>-2.56494935746154</g>
    <t>1.24171313230878</t>
   </pm-column>
   <pm-column position='7'>
    <a>-2.56494935746154</a>
    <c>-2.56494935746154</c>
    <g>-2.56494935746154</g>
    <t>1.32687094064909</t>
   </pm-column>
   <pm-column position='8'>
    <a>1.24171313230878</a>
    <c>-2.56494935746154</c>
    <g>-0.955511445027436</g>
    <t>-2.56494935746154</t>
   </pm-column>
  </PWM>
  <word-list size='12'>
   <word score='7.53464954568445'>CACTGTTA</word>
   <word score='6.16245410894406'>AGCCGTTA</word>
   <word score='7.53464954568445'>AACTGTTA</word>
   <word score='7.55258724637112'>TACAGTTA</word>
   <word score='7.55258724637112'>TACAGTTA</word>
   <word score='5.20694266391663'>TTCCGTTG</word>
   <word score='7.01850476044086'>TCCTGTTA</word>
   <word score='7.40416724125285'>TTCCGTTA</word>
   <word score='7.92031202649644'>CACCGTTA</word>
   <word score='7.01850476044086'>TCCTGTTA</word>
   <word score='5.72308744916022'>CACCGATA</word>
   <word score='7.92031202649644'>AACCGTTA</word>
  </word-list>
 </motif>
</smallbismark>