<?xml version='1.0' encoding='UTF-8'?>
<smallbismark>
 <comment name='WARNING'>This is a draft version of small-BiSMark. Specification is the subject to change!</comment>
 <motif name='prd' id='PRD.MTF'>
  <comment name='discrete information content by position'>[-0.364303016833981, -0.83011792405754, 0.0, -0.217990479345306, -0.564050705682728, -0.217990479345306]</comment>
  <comment name='discrete information content'>-2.19445260526486</comment>
  <comment name='number of sequences in the corresponding alignment'>11</comment>
  <PPM length='6'>
   <pm-column position='1'>
    <a>0.181818181818182</a>
    <c>0.818181818181818</c>
    <g>0.0</g>
    <t>0.0</t>
   </pm-column>
   <pm-column position='2'>
    <a>0.272727272727273</a>
    <c>0.272727272727273</c>
    <g>0.454545454545455</g>
    <t>0.0</t>
   </pm-column>
   <pm-column position='3'>
    <a>1.0</a>
    <c>0.0</c>
    <g>0.0</g>
    <t>0.0</t>
   </pm-column>
   <pm-column position='4'>
    <a>0.0</a>
    <c>0.0909090909090909</c>
    <g>0.0</g>
    <t>0.909090909090909</t>
   </pm-column>
   <pm-column position='5'>
    <a>0.0909090909090909</a>
    <c>0.181818181818182</c>
    <g>0.0</g>
    <t>0.727272727272727</t>
   </pm-column>
   <pm-column position='6'>
    <a>0.909090909090909</a>
    <c>0.0</c>
    <g>0.0</g>
    <t>0.0909090909090909</t>
   </pm-column>
  </PPM>
  <PWM length='6'>
   <pm-column position='1'>
    <a>-0.287682072451781</a>
    <c>1.12601126285622</c>
    <g>-2.484906649788</g>
    <t>-2.484906649788</t>
   </pm-column>
   <pm-column position='2'>
    <a>0.0800427076735364</a>
    <c>0.0800427076735364</c>
    <g>0.559615787935423</g>
    <t>-2.484906649788</t>
   </pm-column>
   <pm-column position='3'>
    <a>1.32175583998232</a>
    <c>-2.484906649788</c>
    <g>-2.484906649788</g>
    <t>-2.484906649788</t>
   </pm-column>
   <pm-column position='4'>
    <a>-2.484906649788</a>
    <c>-0.8754687373539</c>
    <g>-2.484906649788</g>
    <t>1.22866541691631</t>
   </pm-column>
   <pm-column position='5'>
    <a>-0.8754687373539</a>
    <c>-0.287682072451781</c>
    <g>-2.484906649788</g>
    <t>1.01160091167848</t>
   </pm-column>
   <pm-column position='6'>
    <a>1.22866541691631</a>
    <c>-2.484906649788</c>
    <g>-2.484906649788</g>
    <t>-0.8754687373539</t>
   </pm-column>
  </PWM>
  <word-list size='11'>
   <word score='4.58924498725268'>CGATAA</word>
   <word score='6.47631463628506'>CGATTA</word>
   <word score='5.99674155602317'>CCATTA</word>
   <word score='4.58304822071517'>AAATTA</word>
   <word score='4.37218048201485'>CGATTT</word>
   <word score='4.58304822071517'>AAATTA</word>
   <word score='5.99674155602317'>CAATTA</word>
   <word score='5.99674155602317'>CCATTA</word>
   <word score='5.99674155602317'>CCATTA</word>
   <word score='3.07289749788459'>CGACCA</word>
   <word score='5.1770316521548'>CGATCA</word>
  </word-list>
 </motif>
</smallbismark>