<?xml version='1.0' encoding='UTF-8'?>
<smallbismark>
 <comment name='WARNING'>This is a draft version of small-BiSMark. Specification is the subject to change!</comment>
 <motif name='prd' id='PRD.MTF'>
  <PPM length='8'>
   <pm-column position='1'>
    <a>0.0</a>
    <c>0.0</c>
    <g>0.909090909090909</g>
    <t>0.0909090909090909</t>
   </pm-column>
   <pm-column position='2'>
    <a>0.0</a>
    <c>0.454545454545455</c>
    <g>0.0</g>
    <t>0.545454545454545</t>
   </pm-column>
   <pm-column position='3'>
    <a>0.0</a>
    <c>0.0909090909090909</c>
    <g>0.818181818181818</g>
    <t>0.0909090909090909</t>
   </pm-column>
   <pm-column position='4'>
    <a>0.545454545454545</a>
    <c>0.181818181818182</c>
    <g>0.0909090909090909</g>
    <t>0.181818181818182</t>
   </pm-column>
   <pm-column position='5'>
    <a>0.0909090909090909</a>
    <c>0.272727272727273</c>
    <g>0.0</g>
    <t>0.636363636363636</t>
   </pm-column>
   <pm-column position='6'>
    <a>0.909090909090909</a>
    <c>0.0909090909090909</c>
    <g>0.0</g>
    <t>0.0</t>
   </pm-column>
   <pm-column position='7'>
    <a>1.0</a>
    <c>0.0</c>
    <g>0.0</g>
    <t>0.0</t>
   </pm-column>
   <pm-column position='8'>
    <a>0.272727272727273</a>
    <c>0.181818181818182</c>
    <g>0.0</g>
    <t>0.545454545454545</t>
   </pm-column>
  </PPM>
  <PWM length='8'>
   <pm-column position='1'>
    <a>-2.484906649788</a>
    <c>-2.484906649788</c>
    <g>1.22866541691631</g>
    <t>-0.8754687373539</t>
   </pm-column>
   <pm-column position='2'>
    <a>-2.484906649788</a>
    <c>0.559615787935423</c>
    <g>-2.484906649788</g>
    <t>0.733969175080201</t>
   </pm-column>
   <pm-column position='3'>
    <a>-2.484906649788</a>
    <c>-0.8754687373539</c>
    <g>1.12601126285622</g>
    <t>-0.8754687373539</t>
   </pm-column>
   <pm-column position='4'>
    <a>0.733969175080201</a>
    <c>-0.287682072451781</c>
    <g>-0.8754687373539</g>
    <t>-0.287682072451781</t>
   </pm-column>
   <pm-column position='5'>
    <a>-0.8754687373539</a>
    <c>0.0800427076735364</c>
    <g>-2.484906649788</g>
    <t>0.882389180198474</t>
   </pm-column>
   <pm-column position='6'>
    <a>1.22866541691631</a>
    <c>-0.8754687373539</c>
    <g>-2.484906649788</g>
    <t>-2.484906649788</t>
   </pm-column>
   <pm-column position='7'>
    <a>1.32175583998232</a>
    <c>-2.484906649788</c>
    <g>-2.484906649788</g>
    <t>-2.484906649788</t>
   </pm-column>
   <pm-column position='8'>
    <a>0.0800427076735364</a>
    <c>-0.287682072451781</c>
    <g>-2.484906649788</g>
    <t>0.733969175080201</t>
   </pm-column>
  </PWM>
  <word-list size='11'>
   <word score='6.79339000743347'>GCGATAAC</word>
   <word score='6.96774339457825'>GTGCTAAT</word>
   <word score='5.98791464190011'>GTTATAAT</word>
   <word score='4.20968277290138'>TTGCTAAA</word>
   <word score='6.05718333741308'>GCGAAAAT</word>
   <word score='6.20560334253136'>GCGGTAAT</word>
   <word score='5.98791464190011'>GTCATAAT</word>
   <word score='6.96774339457825'>GTGTTAAT</word>
   <word score='6.35876831503385'>GCGACAAA</word>
   <word score='3.88690938063833'>GCGACCAC</word>
   <word score='5.51147045464665'>GTGTCAAA</word>
  </word-list>
 </motif>
</smallbismark>