<?xml version='1.0' encoding='UTF-8'?>
<smallbismark>
 <comment name='WARNING'>This is a draft version of small-BiSMark. Specification is the subject to change!</comment>
 <motif name='prd' id='PRD.MTF'>
  <PPM length='15'>
   <pm-column position='1'>
    <a>0.0</a>
    <c>0.0909090909090909</c>
    <g>0.909090909090909</g>
    <t>0.0</t>
   </pm-column>
   <pm-column position='2'>
    <a>0.0909090909090909</a>
    <c>0.363636363636364</c>
    <g>0.545454545454545</g>
    <t>0.0</t>
   </pm-column>
   <pm-column position='3'>
    <a>0.181818181818182</a>
    <c>0.454545454545455</c>
    <g>0.0</g>
    <t>0.363636363636364</t>
   </pm-column>
   <pm-column position='4'>
    <a>0.181818181818182</a>
    <c>0.272727272727273</c>
    <g>0.545454545454545</g>
    <t>0.0</t>
   </pm-column>
   <pm-column position='5'>
    <a>0.545454545454545</a>
    <c>0.181818181818182</c>
    <g>0.0</g>
    <t>0.272727272727273</t>
   </pm-column>
   <pm-column position='6'>
    <a>0.181818181818182</a>
    <c>0.0</c>
    <g>0.0</g>
    <t>0.818181818181818</t>
   </pm-column>
   <pm-column position='7'>
    <a>0.818181818181818</a>
    <c>0.0</c>
    <g>0.181818181818182</g>
    <t>0.0</t>
   </pm-column>
   <pm-column position='8'>
    <a>1.0</a>
    <c>0.0</c>
    <g>0.0</g>
    <t>0.0</t>
   </pm-column>
   <pm-column position='9'>
    <a>0.0909090909090909</a>
    <c>0.272727272727273</c>
    <g>0.0909090909090909</g>
    <t>0.545454545454545</t>
   </pm-column>
   <pm-column position='10'>
    <a>0.0</a>
    <c>0.454545454545455</c>
    <g>0.181818181818182</g>
    <t>0.363636363636364</t>
   </pm-column>
   <pm-column position='11'>
    <a>0.454545454545455</a>
    <c>0.0</c>
    <g>0.545454545454545</g>
    <t>0.0</t>
   </pm-column>
   <pm-column position='12'>
    <a>0.363636363636364</a>
    <c>0.181818181818182</c>
    <g>0.0909090909090909</g>
    <t>0.363636363636364</t>
   </pm-column>
   <pm-column position='13'>
    <a>0.272727272727273</a>
    <c>0.0</c>
    <g>0.454545454545455</g>
    <t>0.272727272727273</t>
   </pm-column>
   <pm-column position='14'>
    <a>0.0</a>
    <c>0.272727272727273</c>
    <g>0.0909090909090909</g>
    <t>0.636363636363636</t>
   </pm-column>
   <pm-column position='15'>
    <a>0.0</a>
    <c>0.0909090909090909</c>
    <g>0.454545454545455</g>
    <t>0.454545454545455</t>
   </pm-column>
  </PPM>
  <PWM length='15'>
   <pm-column position='1'>
    <a>-2.484906649788</a>
    <c>-0.8754687373539</c>
    <g>1.22866541691631</g>
    <t>-2.484906649788</t>
   </pm-column>
   <pm-column position='2'>
    <a>-0.8754687373539</a>
    <c>0.348306694268216</c>
    <g>0.733969175080201</g>
    <t>-2.484906649788</t>
   </pm-column>
   <pm-column position='3'>
    <a>-0.287682072451781</a>
    <c>0.559615787935423</c>
    <g>-2.484906649788</g>
    <t>0.348306694268216</t>
   </pm-column>
   <pm-column position='4'>
    <a>-0.287682072451781</a>
    <c>0.0800427076735364</c>
    <g>0.733969175080201</g>
    <t>-2.484906649788</t>
   </pm-column>
   <pm-column position='5'>
    <a>0.733969175080201</a>
    <c>-0.287682072451781</c>
    <g>-2.484906649788</g>
    <t>0.0800427076735364</t>
   </pm-column>
   <pm-column position='6'>
    <a>-0.287682072451781</a>
    <c>-2.484906649788</c>
    <g>-2.484906649788</g>
    <t>1.12601126285622</t>
   </pm-column>
   <pm-column position='7'>
    <a>1.12601126285622</a>
    <c>-2.484906649788</c>
    <g>-0.287682072451781</g>
    <t>-2.484906649788</t>
   </pm-column>
   <pm-column position='8'>
    <a>1.32175583998232</a>
    <c>-2.484906649788</c>
    <g>-2.484906649788</g>
    <t>-2.484906649788</t>
   </pm-column>
   <pm-column position='9'>
    <a>-0.8754687373539</a>
    <c>0.0800427076735364</c>
    <g>-0.8754687373539</g>
    <t>0.733969175080201</t>
   </pm-column>
   <pm-column position='10'>
    <a>-2.484906649788</a>
    <c>0.559615787935423</c>
    <g>-0.287682072451781</g>
    <t>0.348306694268216</t>
   </pm-column>
   <pm-column position='11'>
    <a>0.559615787935423</a>
    <c>-2.484906649788</c>
    <g>0.733969175080201</g>
    <t>-2.484906649788</t>
   </pm-column>
   <pm-column position='12'>
    <a>0.348306694268216</a>
    <c>-0.287682072451781</c>
    <g>-0.8754687373539</g>
    <t>0.348306694268216</t>
   </pm-column>
   <pm-column position='13'>
    <a>0.0800427076735364</a>
    <c>-2.484906649788</c>
    <g>0.559615787935423</g>
    <t>0.0800427076735364</t>
   </pm-column>
   <pm-column position='14'>
    <a>-2.484906649788</a>
    <c>0.0800427076735364</c>
    <g>-0.8754687373539</g>
    <t>0.882389180198474</t>
   </pm-column>
   <pm-column position='15'>
    <a>-2.484906649788</a>
    <c>-0.8754687373539</c>
    <g>0.559615787935423</g>
    <t>0.559615787935423</t>
   </pm-column>
  </PWM>
  <word-list size='11'>
   <word score='8.23974906513476'>GGCGATAACGAGGCG</word>
   <word score='9.90614187049633'>GGTGCTAATCGTGCG</word>
   <word score='7.40553501496186'>GCCATTAAATAAATT</word>
   <word score='6.80218383351862'>GCTGTTGAGTAATTT</word>
   <word score='9.41219350193057'>GGCGAAAATCGCATG</word>
   <word score='7.96555088291862'>GAAGATAACTAAATT</word>
   <word score='6.3669231909368'>CGTCATAATTGCGGT</word>
   <word score='9.7493421824975'>GGTGTTAATGGTTTG</word>
   <word score='8.90350862880011'>GCCCCTAATCATGCG</word>
   <word score='6.9375200284226'>GGACAAAACCGTGTC</word>
   <word score='8.6408685403066'>GCCAATGATCGATTT</word>
  </word-list>
 </motif>
</smallbismark>