<?xml version='1.0' encoding='UTF-8'?>
<smallbismark>
 <comment name='WARNING'>This is a draft version of small-BiSMark. Specification is the subject to change!</comment>
 <motif name='prd' id='PRD.MTF'>
  <comment name='discrete information content by position'>[-0.690077465779202, -0.564050705682728, -0.720665850937254, -0.830117924057667, -0.830117924057667, -0.364303016833981, -0.217990479345306, 0.0, -0.564050705682728, -0.767104544001429, -0.767104544001429, -0.929991768476706, -0.653217001416275, -0.70409116395598]</comment>
  <comment name='discrete information content'>-8.60288309422835</comment>
  <comment name='number of sequences in the corresponding alignment'>11</comment>
  <PPM length='14'>
   <pm-column position='1'>
    <a>0.0</a>
    <c>0.181818181818182</c>
    <g>0.636363636363636</g>
    <t>0.181818181818182</t>
   </pm-column>
   <pm-column position='2'>
    <a>0.0</a>
    <c>0.181818181818182</c>
    <g>0.727272727272727</g>
    <t>0.0909090909090909</t>
   </pm-column>
   <pm-column position='3'>
    <a>0.0909090909090909</a>
    <c>0.454545454545455</c>
    <g>0.0</g>
    <t>0.454545454545455</t>
   </pm-column>
   <pm-column position='4'>
    <a>0.0909090909090909</a>
    <c>0.272727272727273</c>
    <g>0.545454545454545</g>
    <t>0.0909090909090909</t>
   </pm-column>
   <pm-column position='5'>
    <a>0.545454545454545</a>
    <c>0.272727272727273</c>
    <g>0.0909090909090909</g>
    <t>0.0909090909090909</t>
   </pm-column>
   <pm-column position='6'>
    <a>0.181818181818182</a>
    <c>0.0</c>
    <g>0.0</g>
    <t>0.818181818181818</t>
   </pm-column>
   <pm-column position='7'>
    <a>0.909090909090909</a>
    <c>0.0</c>
    <g>0.0909090909090909</g>
    <t>0.0</t>
   </pm-column>
   <pm-column position='8'>
    <a>1.0</a>
    <c>0.0</c>
    <g>0.0</g>
    <t>0.0</t>
   </pm-column>
   <pm-column position='9'>
    <a>0.0909090909090909</a>
    <c>0.181818181818182</c>
    <g>0.0</g>
    <t>0.727272727272727</t>
   </pm-column>
   <pm-column position='10'>
    <a>0.0</a>
    <c>0.545454545454545</c>
    <g>0.181818181818182</g>
    <t>0.272727272727273</t>
   </pm-column>
   <pm-column position='11'>
    <a>0.272727272727273</a>
    <c>0.0</c>
    <g>0.545454545454545</g>
    <t>0.181818181818182</t>
   </pm-column>
   <pm-column position='12'>
    <a>0.272727272727273</a>
    <c>0.181818181818182</c>
    <g>0.0909090909090909</g>
    <t>0.454545454545455</t>
   </pm-column>
   <pm-column position='13'>
    <a>0.0909090909090909</a>
    <c>0.0</c>
    <g>0.636363636363636</g>
    <t>0.272727272727273</t>
   </pm-column>
   <pm-column position='14'>
    <a>0.0</a>
    <c>0.363636363636364</c>
    <g>0.0909090909090909</g>
    <t>0.545454545454545</t>
   </pm-column>
  </PPM>
  <PWM length='14'>
   <pm-column position='1'>
    <a>-2.484906649788</a>
    <c>-0.287682072451781</c>
    <g>0.882389180198474</g>
    <t>-0.287682072451781</t>
   </pm-column>
   <pm-column position='2'>
    <a>-2.484906649788</a>
    <c>-0.287682072451781</c>
    <g>1.01160091167848</g>
    <t>-0.8754687373539</t>
   </pm-column>
   <pm-column position='3'>
    <a>-0.8754687373539</a>
    <c>0.559615787935423</c>
    <g>-2.484906649788</g>
    <t>0.559615787935423</t>
   </pm-column>
   <pm-column position='4'>
    <a>-0.8754687373539</a>
    <c>0.0800427076735364</c>
    <g>0.733969175080201</g>
    <t>-0.8754687373539</t>
   </pm-column>
   <pm-column position='5'>
    <a>0.733969175080201</a>
    <c>0.0800427076735364</c>
    <g>-0.8754687373539</g>
    <t>-0.8754687373539</t>
   </pm-column>
   <pm-column position='6'>
    <a>-0.287682072451781</a>
    <c>-2.484906649788</c>
    <g>-2.484906649788</g>
    <t>1.12601126285622</t>
   </pm-column>
   <pm-column position='7'>
    <a>1.22866541691631</a>
    <c>-2.484906649788</c>
    <g>-0.8754687373539</g>
    <t>-2.484906649788</t>
   </pm-column>
   <pm-column position='8'>
    <a>1.32175583998232</a>
    <c>-2.484906649788</c>
    <g>-2.484906649788</g>
    <t>-2.484906649788</t>
   </pm-column>
   <pm-column position='9'>
    <a>-0.8754687373539</a>
    <c>-0.287682072451781</c>
    <g>-2.484906649788</g>
    <t>1.01160091167848</t>
   </pm-column>
   <pm-column position='10'>
    <a>-2.484906649788</a>
    <c>0.733969175080201</c>
    <g>-0.287682072451781</g>
    <t>0.0800427076735364</t>
   </pm-column>
   <pm-column position='11'>
    <a>0.0800427076735364</a>
    <c>-2.484906649788</c>
    <g>0.733969175080201</g>
    <t>-0.287682072451781</t>
   </pm-column>
   <pm-column position='12'>
    <a>0.0800427076735364</a>
    <c>-0.287682072451781</c>
    <g>-0.8754687373539</g>
    <t>0.559615787935423</t>
   </pm-column>
   <pm-column position='13'>
    <a>-0.8754687373539</a>
    <c>-2.484906649788</c>
    <g>0.882389180198474</g>
    <t>0.0800427076735364</t>
   </pm-column>
   <pm-column position='14'>
    <a>-2.484906649788</a>
    <c>0.348306694268216</c>
    <g>-0.8754687373539</g>
    <t>0.733969175080201</t>
   </pm-column>
  </PWM>
  <word-list size='11'>
   <word score='7.45788244961039'>GGCGATAACGAGGC</word>
   <word score='11.213901206562'>GGTGCTAATCGTGC</word>
   <word score='6.51648372197078'>CGTTATAATTTATT</word>
   <word score='5.61576418844028'>TTTGCTAAACATGC</word>
   <word score='8.23464104153302'>GGCGAAAATCGCAT</word>
   <word score='7.31883019449572'>TGCGGTAATTTAGT</word>
   <word score='7.31883019449572'>CGTCATAATTGCGG</word>
   <word score='8.82005452228959'>GGTGTTAATGGTTT</word>
   <word score='8.60676528761837'>GCCCCTAATCATGC</word>
   <word score='7.45150284264635'>GGACAAAACCGTGT</word>
   <word score='5.95871555115921'>GCCAATGATCGATT</word>
  </word-list>
 </motif>
</smallbismark>