<?xml version='1.0' encoding='UTF-8'?>
<smallbismark>
 <comment name='WARNING'>This is a draft version of small-BiSMark. Specification is the subject to change!</comment>
 <motif name='prd' id='PRD.MTF'>
  <PPM length='9'>
   <pm-column position='1'>
    <a>0.0</a>
    <c>0.0</c>
    <g>0.909090909090909</g>
    <t>0.0909090909090909</t>
   </pm-column>
   <pm-column position='2'>
    <a>0.0</a>
    <c>0.454545454545455</c>
    <g>0.0</g>
    <t>0.545454545454545</t>
   </pm-column>
   <pm-column position='3'>
    <a>0.0</a>
    <c>0.0909090909090909</c>
    <g>0.818181818181818</g>
    <t>0.0909090909090909</t>
   </pm-column>
   <pm-column position='4'>
    <a>0.545454545454545</a>
    <c>0.272727272727273</c>
    <g>0.0909090909090909</g>
    <t>0.0909090909090909</t>
   </pm-column>
   <pm-column position='5'>
    <a>0.0909090909090909</a>
    <c>0.272727272727273</c>
    <g>0.0</g>
    <t>0.636363636363636</t>
   </pm-column>
   <pm-column position='6'>
    <a>0.909090909090909</a>
    <c>0.0909090909090909</c>
    <g>0.0</g>
    <t>0.0</t>
   </pm-column>
   <pm-column position='7'>
    <a>1.0</a>
    <c>0.0</c>
    <g>0.0</g>
    <t>0.0</t>
   </pm-column>
   <pm-column position='8'>
    <a>0.181818181818182</a>
    <c>0.181818181818182</c>
    <g>0.0</g>
    <t>0.636363636363636</t>
   </pm-column>
   <pm-column position='9'>
    <a>0.0909090909090909</a>
    <c>0.363636363636364</c>
    <g>0.272727272727273</g>
    <t>0.272727272727273</t>
   </pm-column>
  </PPM>
  <PWM length='9'>
   <pm-column position='1'>
    <a>-2.484906649788</a>
    <c>-2.484906649788</c>
    <g>1.22866541691631</g>
    <t>-0.8754687373539</t>
   </pm-column>
   <pm-column position='2'>
    <a>-2.484906649788</a>
    <c>0.559615787935423</c>
    <g>-2.484906649788</g>
    <t>0.733969175080201</t>
   </pm-column>
   <pm-column position='3'>
    <a>-2.484906649788</a>
    <c>-0.8754687373539</c>
    <g>1.12601126285622</g>
    <t>-0.8754687373539</t>
   </pm-column>
   <pm-column position='4'>
    <a>0.733969175080201</a>
    <c>0.0800427076735364</c>
    <g>-0.8754687373539</g>
    <t>-0.8754687373539</t>
   </pm-column>
   <pm-column position='5'>
    <a>-0.8754687373539</a>
    <c>0.0800427076735364</c>
    <g>-2.484906649788</g>
    <t>0.882389180198474</t>
   </pm-column>
   <pm-column position='6'>
    <a>1.22866541691631</a>
    <c>-0.8754687373539</c>
    <g>-2.484906649788</g>
    <t>-2.484906649788</t>
   </pm-column>
   <pm-column position='7'>
    <a>1.32175583998232</a>
    <c>-2.484906649788</c>
    <g>-2.484906649788</g>
    <t>-2.484906649788</t>
   </pm-column>
   <pm-column position='8'>
    <a>-0.287682072451781</a>
    <c>-0.287682072451781</c>
    <g>-2.484906649788</g>
    <t>0.882389180198474</t>
   </pm-column>
   <pm-column position='9'>
    <a>-0.8754687373539</a>
    <c>0.348306694268216</c>
    <g>0.0800427076735364</g>
    <t>0.0800427076735364</t>
   </pm-column>
  </PWM>
  <word-list size='11'>
   <word score='6.87343271510701'>GCGATAACG</word>
   <word score='7.83219487409006'>GTGCTAATC</word>
   <word score='6.21637735469192'>GTTATAATT</word>
   <word score='4.5579894671696'>TTGCTAAAC</word>
   <word score='6.55391003679957'>GCGAAAATC</word>
   <word score='6.43406605532317'>GCGGTAATT</word>
   <word score='6.21637735469192'>GTCATAATT</word>
   <word score='6.60841944246794'>GTGTTAATG</word>
   <word score='5.11557479755464'>GCGACAAAA</word>
   <word score='4.23521607490655'>GCGACCACC</word>
   <word score='6.76158441497044'>GTGCCAATG</word>
  </word-list>
 </motif>
</smallbismark>