<?xml version='1.0' encoding='UTF-8'?>
<smallbismark>
 <comment name='WARNING'>This is a draft version of small-BiSMark. Specification is the subject to change!</comment>
 <motif name='prd' id='PRD.MTF'>
  <PPM length='12'>
   <pm-column position='1'>
    <a>0.0909090909090909</a>
    <c>0.0</c>
    <g>0.0</g>
    <t>0.909090909090909</t>
   </pm-column>
   <pm-column position='2'>
    <a>0.0909090909090909</a>
    <c>0.181818181818182</c>
    <g>0.545454545454545</g>
    <t>0.181818181818182</t>
   </pm-column>
   <pm-column position='3'>
    <a>0.0909090909090909</a>
    <c>0.363636363636364</c>
    <g>0.272727272727273</g>
    <t>0.272727272727273</t>
   </pm-column>
   <pm-column position='4'>
    <a>0.0</a>
    <c>0.181818181818182</c>
    <g>0.0</g>
    <t>0.818181818181818</t>
   </pm-column>
   <pm-column position='5'>
    <a>0.727272727272727</a>
    <c>0.0</c>
    <g>0.0909090909090909</g>
    <t>0.181818181818182</t>
   </pm-column>
   <pm-column position='6'>
    <a>0.909090909090909</a>
    <c>0.0</c>
    <g>0.0909090909090909</g>
    <t>0.0</t>
   </pm-column>
   <pm-column position='7'>
    <a>0.0909090909090909</a>
    <c>0.0</c>
    <g>0.0</g>
    <t>0.909090909090909</t>
   </pm-column>
   <pm-column position='8'>
    <a>0.0</a>
    <c>0.363636363636364</c>
    <g>0.454545454545455</g>
    <t>0.181818181818182</t>
   </pm-column>
   <pm-column position='9'>
    <a>0.181818181818182</a>
    <c>0.0</c>
    <g>0.636363636363636</g>
    <t>0.181818181818182</t>
   </pm-column>
   <pm-column position='10'>
    <a>0.0</a>
    <c>0.454545454545455</c>
    <g>0.0</g>
    <t>0.545454545454545</t>
   </pm-column>
   <pm-column position='11'>
    <a>0.0</a>
    <c>0.545454545454545</c>
    <g>0.272727272727273</g>
    <t>0.181818181818182</t>
   </pm-column>
   <pm-column position='12'>
    <a>0.0</a>
    <c>0.454545454545455</c>
    <g>0.454545454545455</g>
    <t>0.0909090909090909</t>
   </pm-column>
  </PPM>
  <PWM length='12'>
   <pm-column position='1'>
    <a>-0.8754687373539</a>
    <c>-2.484906649788</c>
    <g>-2.484906649788</g>
    <t>1.22866541691631</t>
   </pm-column>
   <pm-column position='2'>
    <a>-0.8754687373539</a>
    <c>-0.287682072451781</c>
    <g>0.733969175080201</g>
    <t>-0.287682072451781</t>
   </pm-column>
   <pm-column position='3'>
    <a>-0.8754687373539</a>
    <c>0.348306694268216</c>
    <g>0.0800427076735364</g>
    <t>0.0800427076735364</t>
   </pm-column>
   <pm-column position='4'>
    <a>-2.484906649788</a>
    <c>-0.287682072451781</c>
    <g>-2.484906649788</g>
    <t>1.12601126285622</t>
   </pm-column>
   <pm-column position='5'>
    <a>1.01160091167848</a>
    <c>-2.484906649788</c>
    <g>-0.8754687373539</g>
    <t>-0.287682072451781</t>
   </pm-column>
   <pm-column position='6'>
    <a>1.22866541691631</a>
    <c>-2.484906649788</c>
    <g>-0.8754687373539</g>
    <t>-2.484906649788</t>
   </pm-column>
   <pm-column position='7'>
    <a>-0.8754687373539</a>
    <c>-2.484906649788</c>
    <g>-2.484906649788</g>
    <t>1.22866541691631</t>
   </pm-column>
   <pm-column position='8'>
    <a>-2.484906649788</a>
    <c>0.348306694268216</c>
    <g>0.559615787935423</g>
    <t>-0.287682072451781</t>
   </pm-column>
   <pm-column position='9'>
    <a>-0.287682072451781</a>
    <c>-2.484906649788</c>
    <g>0.882389180198474</g>
    <t>-0.287682072451781</t>
   </pm-column>
   <pm-column position='10'>
    <a>-2.484906649788</a>
    <c>0.559615787935423</c>
    <g>-2.484906649788</g>
    <t>0.733969175080201</t>
   </pm-column>
   <pm-column position='11'>
    <a>-2.484906649788</a>
    <c>0.733969175080201</c>
    <g>0.0800427076735364</g>
    <t>-0.287682072451781</t>
   </pm-column>
   <pm-column position='12'>
    <a>-2.484906649788</a>
    <c>0.559615787935423</c>
    <g>0.559615787935423</g>
    <t>-0.8754687373539</t>
   </pm-column>
  </PWM>
  <word-list size='11'>
   <word score='7.40058270179286'>TCGTTATCGCCG</word>
   <word score='9.51020783978789'>TGCTAATCGTGC</word>
   <word score='5.78538937778814'>ATTTAATGGCTC</word>
   <word score='6.23600243286743'>TGCTAAACATGC</word>
   <word score='6.50176357877684'>TGTCAATTTCCG</word>
   <word score='5.81707817138526'>TAGTTATCTTCC</word>
   <word score='6.45443900676902'>TCATAATTGCGG</word>
   <word score='7.65044364144578'>TGTTAATGGTTT</word>
   <word score='8.91117477959032'>TTGTAATGGCCC</word>
   <word score='6.38423959755918'>TGCTGGTGGTCG</word>
   <word score='7.7916788129035'>TGCCAATGATCG</word>
  </word-list>
 </motif>
</smallbismark>