<?xml version='1.0' encoding='UTF-8'?>
<smallbismark>
 <comment name='WARNING'>This is a draft version of small-BiSMark. Specification is the subject to change!</comment>
 <motif name='prd' id='PRD.MTF'>
  <comment name='discrete information content by position'>[-0.464176861263562, -0.527190241314587, -0.564050705682728, -0.929991768476706, -0.217990479345306, -0.364303016833981, -0.217990479345306, -0.564050705682728, -0.83011792405754, -0.690077465779202]</comment>
  <comment name='discrete information content'>-5.36993964778165</comment>
  <comment name='number of sequences in the corresponding alignment'>11</comment>
  <PPM length='10'>
   <pm-column position='1'>
    <a>0.0</a>
    <c>0.0</c>
    <g>0.727272727272727</g>
    <t>0.272727272727273</t>
   </pm-column>
   <pm-column position='2'>
    <a>0.0</a>
    <c>0.363636363636364</c>
    <g>0.0</g>
    <t>0.636363636363636</t>
   </pm-column>
   <pm-column position='3'>
    <a>0.0</a>
    <c>0.0909090909090909</c>
    <g>0.727272727272727</g>
    <t>0.181818181818182</t>
   </pm-column>
   <pm-column position='4'>
    <a>0.454545454545455</a>
    <c>0.181818181818182</c>
    <g>0.272727272727273</g>
    <t>0.0909090909090909</t>
   </pm-column>
   <pm-column position='5'>
    <a>0.0909090909090909</a>
    <c>0.0</c>
    <g>0.0</g>
    <t>0.909090909090909</t>
   </pm-column>
   <pm-column position='6'>
    <a>0.818181818181818</a>
    <c>0.181818181818182</c>
    <g>0.0</g>
    <t>0.0</t>
   </pm-column>
   <pm-column position='7'>
    <a>0.909090909090909</a>
    <c>0.0</c>
    <g>0.0909090909090909</g>
    <t>0.0</t>
   </pm-column>
   <pm-column position='8'>
    <a>0.0909090909090909</a>
    <c>0.181818181818182</c>
    <g>0.0</g>
    <t>0.727272727272727</t>
   </pm-column>
   <pm-column position='9'>
    <a>0.0</a>
    <c>0.272727272727273</c>
    <g>0.272727272727273</g>
    <t>0.454545454545455</t>
   </pm-column>
   <pm-column position='10'>
    <a>0.181818181818182</a>
    <c>0.0</c>
    <g>0.636363636363636</g>
    <t>0.181818181818182</t>
   </pm-column>
  </PPM>
  <PWM length='10'>
   <pm-column position='1'>
    <a>-2.484906649788</a>
    <c>-2.484906649788</c>
    <g>1.01160091167848</g>
    <t>0.0800427076735364</t>
   </pm-column>
   <pm-column position='2'>
    <a>-2.484906649788</a>
    <c>0.348306694268216</c>
    <g>-2.484906649788</g>
    <t>0.882389180198474</t>
   </pm-column>
   <pm-column position='3'>
    <a>-2.484906649788</a>
    <c>-0.8754687373539</c>
    <g>1.01160091167848</g>
    <t>-0.287682072451781</t>
   </pm-column>
   <pm-column position='4'>
    <a>0.559615787935423</a>
    <c>-0.287682072451781</c>
    <g>0.0800427076735364</g>
    <t>-0.8754687373539</t>
   </pm-column>
   <pm-column position='5'>
    <a>-0.8754687373539</a>
    <c>-2.484906649788</c>
    <g>-2.484906649788</g>
    <t>1.22866541691631</t>
   </pm-column>
   <pm-column position='6'>
    <a>1.12601126285622</a>
    <c>-0.287682072451781</c>
    <g>-2.484906649788</g>
    <t>-2.484906649788</t>
   </pm-column>
   <pm-column position='7'>
    <a>1.22866541691631</a>
    <c>-2.484906649788</c>
    <g>-0.8754687373539</g>
    <t>-2.484906649788</t>
   </pm-column>
   <pm-column position='8'>
    <a>-0.8754687373539</a>
    <c>-0.287682072451781</c>
    <g>-2.484906649788</g>
    <t>1.01160091167848</t>
   </pm-column>
   <pm-column position='9'>
    <a>-2.484906649788</a>
    <c>0.0800427076735364</c>
    <g>0.0800427076735364</g>
    <t>0.559615787935423</t>
   </pm-column>
   <pm-column position='10'>
    <a>-0.287682072451781</a>
    <c>-2.484906649788</c>
    <g>0.882389180198474</g>
    <t>-0.287682072451781</t>
   </pm-column>
  </PWM>
  <word-list size='11'>
   <word score='6.01914496501941'>GCGATAACGA</word>
   <word score='8.17528382734298'>GTGCTAATCG</word>
   <word score='7.03280053121156'>GTTATAATTT</word>
   <word score='4.1865847216554'>TTGCTAAACA</word>
   <word score='6.38436504752972'>GCGAAAATCG</word>
   <word score='7.31842794914967'>GCGGTAATTT</word>
   <word score='7.61508511895969'>GTCATAATTG</word>
   <word score='7.58749716244086'>GTGTTAATGG</word>
   <word score='6.31216741933309'>TTTGTAATGG</word>
   <word score='4.20547121402171'>GTGGTCGCTG</word>
   <word score='6.62282074274887'>TCGATCATTG</word>
  </word-list>
 </motif>
</smallbismark>