<?xml version='1.0' encoding='UTF-8'?>
<smallbismark>
 <comment name='WARNING'>This is a draft version of small-BiSMark. Specification is the subject to change!</comment>
 <motif name='Antp' id='ANTP.MTF'>
  <comment name='discrete information content by position'>[-0.406900160215531, -0.449468962195914, -8.88178419700125e-016, -8.88178419700125e-016, -0.852492454441864, -0.517046480214052, -0.690333275354038, -0.449468962195914, -8.88178419700125e-016]</comment>
  <comment name='discrete information content'>-3.36571029461732</comment>
  <comment name='number of sequences in the corresponding alignment'>12</comment>
  <PPM length='9'>
   <pm-column position='1'>
    <a>0.0833333333333333</a>
    <c>0.0833333333333333</c>
    <g>0.0</g>
    <t>0.833333333333333</t>
   </pm-column>
   <pm-column position='2'>
    <a>0.75</a>
    <c>0.25</c>
    <g>0.0</g>
    <t>0.0</t>
   </pm-column>
   <pm-column position='3'>
    <a>1.0</a>
    <c>0.0</c>
    <g>0.0</g>
    <t>0.0</t>
   </pm-column>
   <pm-column position='4'>
    <a>0.0</a>
    <c>0.0</c>
    <g>0.0</g>
    <t>1.0</t>
   </pm-column>
   <pm-column position='5'>
    <a>0.416666666666667</a>
    <c>0.25</c>
    <g>0.0</g>
    <t>0.333333333333333</t>
   </pm-column>
   <pm-column position='6'>
    <a>0.666666666666667</a>
    <c>0.0</c>
    <g>0.0</g>
    <t>0.333333333333333</t>
   </pm-column>
   <pm-column position='7'>
    <a>0.333333333333333</a>
    <c>0.0833333333333333</c>
    <g>0.0</g>
    <t>0.583333333333333</t>
   </pm-column>
   <pm-column position='8'>
    <a>0.75</a>
    <c>0.25</c>
    <g>0.0</g>
    <t>0.0</t>
   </pm-column>
   <pm-column position='9'>
    <a>1.0</a>
    <c>0.0</c>
    <g>0.0</g>
    <t>0.0</t>
   </pm-column>
  </PPM>
  <PWM length='9'>
   <pm-column position='1'>
    <a>-0.955511445027436</a>
    <c>-0.955511445027436</c>
    <g>-2.56494935746154</g>
    <t>1.14862270924277</t>
   </pm-column>
   <pm-column position='2'>
    <a>1.04596855518269</a>
    <c>0.0</c>
    <g>-2.56494935746154</g>
    <t>-2.56494935746154</t>
   </pm-column>
   <pm-column position='3'>
    <a>1.32687094064909</a>
    <c>-2.56494935746154</c>
    <g>-2.56494935746154</g>
    <t>-2.56494935746154</t>
   </pm-column>
   <pm-column position='4'>
    <a>-2.56494935746154</a>
    <c>-2.56494935746154</c>
    <g>-2.56494935746154</g>
    <t>1.32687094064909</t>
   </pm-column>
   <pm-column position='5'>
    <a>0.479573080261886</a>
    <c>0.0</c>
    <g>-2.56494935746154</g>
    <t>0.268263986594679</t>
   </pm-column>
   <pm-column position='6'>
    <a>0.931558204004943</a>
    <c>-2.56494935746154</c>
    <g>-2.56494935746154</g>
    <t>0.268263986594679</t>
   </pm-column>
   <pm-column position='7'>
    <a>0.268263986594679</a>
    <c>-0.955511445027436</c>
    <g>-2.56494935746154</g>
    <t>0.802346472524937</t>
   </pm-column>
   <pm-column position='8'>
    <a>1.04596855518269</a>
    <c>0.0</c>
    <g>-2.56494935746154</g>
    <t>-2.56494935746154</t>
   </pm-column>
   <pm-column position='9'>
    <a>1.32687094064909</a>
    <c>-2.56494935746154</c>
    <g>-2.56494935746154</g>
    <t>-2.56494935746154</t>
   </pm-column>
  </PWM>
  <word-list size='16'>
   <word score='7.85459935723424'>TAATAAACA</word>
   <word score='8.17737274949729'>TAATTATCA</word>
   <word score='6.07323859522708'>CAATTATCA</word>
   <word score='6.18764894640483'>AAATCTTAA</word>
   <word score='7.85459935723424'>TCATAAAAA</word>
   <word score='8.42099483215504'>TAATCAAAA</word>
   <word score='8.77135618093692'>TAATATTAA</word>
   <word score='7.85459935723424'>TCATAAAAA</word>
   <word score='5.75622061453465'>TCATTTCAA</word>
   <word score='8.9550773180853'>TAATCATAA</word>
   <word score='9.43465039834718'>TAATAATAA</word>
   <word score='9.43465039834718'>TAATAATAA</word>
   <word score='9.43465039834718'>TAATAATAA</word>
   <word score='9.43465039834718'>TAATAATAA</word>
   <word score='9.43465039834718'>TAATAATAA</word>
   <word score='8.56004708726971'>TAATTTTAA</word>
  </word-list>
 </motif>
</smallbismark>