<?xml version='1.0' encoding='UTF-8'?>
<smallbismark>
 <comment name='WARNING'>This is a draft version of small-BiSMark. Specification is the subject to change!</comment>
 <motif name='Antp' id='ANTP.MTF'>
  <PPM length='13'>
   <pm-column position='1'>
    <a>0.583333333333333</a>
    <c>0.333333333333333</c>
    <g>0.0</g>
    <t>0.0833333333333333</t>
   </pm-column>
   <pm-column position='2'>
    <a>1.0</a>
    <c>0.0</c>
    <g>0.0</g>
    <t>0.0</t>
   </pm-column>
   <pm-column position='3'>
    <a>0.666666666666667</a>
    <c>0.166666666666667</c>
    <g>0.0</g>
    <t>0.166666666666667</t>
   </pm-column>
   <pm-column position='4'>
    <a>0.0833333333333333</a>
    <c>0.0833333333333333</c>
    <g>0.0</g>
    <t>0.833333333333333</t>
   </pm-column>
   <pm-column position='5'>
    <a>0.75</a>
    <c>0.0833333333333333</c>
    <g>0.0833333333333333</g>
    <t>0.0833333333333333</t>
   </pm-column>
   <pm-column position='6'>
    <a>0.916666666666667</a>
    <c>0.0</c>
    <g>0.0</g>
    <t>0.0833333333333333</t>
   </pm-column>
   <pm-column position='7'>
    <a>0.0833333333333333</a>
    <c>0.0</c>
    <g>0.0</g>
    <t>0.916666666666667</t>
   </pm-column>
   <pm-column position='8'>
    <a>0.333333333333333</a>
    <c>0.416666666666667</c>
    <g>0.0833333333333333</g>
    <t>0.166666666666667</t>
   </pm-column>
   <pm-column position='9'>
    <a>0.666666666666667</a>
    <c>0.0</c>
    <g>0.0</g>
    <t>0.333333333333333</t>
   </pm-column>
   <pm-column position='10'>
    <a>0.416666666666667</a>
    <c>0.0</c>
    <g>0.0</g>
    <t>0.583333333333333</t>
   </pm-column>
   <pm-column position='11'>
    <a>1.0</a>
    <c>0.0</c>
    <g>0.0</g>
    <t>0.0</t>
   </pm-column>
   <pm-column position='12'>
    <a>0.833333333333333</a>
    <c>0.0</c>
    <g>0.0</g>
    <t>0.166666666666667</t>
   </pm-column>
   <pm-column position='13'>
    <a>0.0833333333333333</a>
    <c>0.0833333333333333</c>
    <g>0.0833333333333333</g>
    <t>0.75</t>
   </pm-column>
  </PPM>
  <PWM length='13'>
   <pm-column position='1'>
    <a>0.802346472524937</a>
    <c>0.268263986594679</c>
    <g>-2.56494935746154</g>
    <t>-0.955511445027436</t>
   </pm-column>
   <pm-column position='2'>
    <a>1.32687094064909</a>
    <c>-2.56494935746154</c>
    <g>-2.56494935746154</g>
    <t>-2.56494935746154</t>
   </pm-column>
   <pm-column position='3'>
    <a>0.931558204004943</a>
    <c>-0.367724780125317</c>
    <g>-2.56494935746154</g>
    <t>-0.367724780125317</t>
   </pm-column>
   <pm-column position='4'>
    <a>-0.955511445027436</a>
    <c>-0.955511445027436</c>
    <g>-2.56494935746154</g>
    <t>1.14862270924277</t>
   </pm-column>
   <pm-column position='5'>
    <a>1.04596855518269</a>
    <c>-0.955511445027436</c>
    <g>-0.955511445027436</g>
    <t>-0.955511445027436</t>
   </pm-column>
   <pm-column position='6'>
    <a>1.24171313230878</a>
    <c>-2.56494935746154</c>
    <g>-2.56494935746154</g>
    <t>-0.955511445027436</t>
   </pm-column>
   <pm-column position='7'>
    <a>-0.955511445027436</a>
    <c>-2.56494935746154</c>
    <g>-2.56494935746154</g>
    <t>1.24171313230878</t>
   </pm-column>
   <pm-column position='8'>
    <a>0.268263986594679</a>
    <c>0.479573080261886</c>
    <g>-0.955511445027436</g>
    <t>-0.367724780125317</t>
   </pm-column>
   <pm-column position='9'>
    <a>0.931558204004943</a>
    <c>-2.56494935746154</c>
    <g>-2.56494935746154</g>
    <t>0.268263986594679</t>
   </pm-column>
   <pm-column position='10'>
    <a>0.479573080261886</a>
    <c>-2.56494935746154</c>
    <g>-2.56494935746154</g>
    <t>0.802346472524937</t>
   </pm-column>
   <pm-column position='11'>
    <a>1.32687094064909</a>
    <c>-2.56494935746154</c>
    <g>-2.56494935746154</g>
    <t>-2.56494935746154</t>
   </pm-column>
   <pm-column position='12'>
    <a>1.14862270924277</a>
    <c>-2.56494935746154</c>
    <g>-2.56494935746154</g>
    <t>-0.367724780125317</t>
   </pm-column>
   <pm-column position='13'>
    <a>-0.955511445027436</a>
    <c>-0.955511445027436</c>
    <g>-0.955511445027436</g>
    <t>1.04596855518269</t>
   </pm-column>
  </PWM>
  <word-list size='12'>
   <word score='8.68318021179976'>AAACAATTAAATT</word>
   <word score='10.7393655986687'>AACTAATGATAAT</word>
   <word score='9.09904974031679'>CAATTATCAAATT</word>
   <word score='6.8714592661372'>CATAAATCTTAAG</word>
   <word score='10.7424260448218'>AAATATTAAAAAT</word>
   <word score='11.3175942457647'>CATTAATCAAAAT</word>
   <word score='10.5976497968007'>AAATAATATTAAA</word>
   <word score='9.63888763781767'>AACTCATAAAAAT</word>
   <word score='6.61025431292158'>AAATGAACTTAAC</word>
   <word score='12.9396506221581'>CAATAATCATAAT</word>
   <word score='13.2624240144211'>AAATAATAATAAT</word>
   <word score='10.2052831127385'>TAATAATTTTAAT</word>
  </word-list>
 </motif>
</smallbismark>