<?xml version='1.0' encoding='UTF-8'?>
<smallbismark>
 <comment name='WARNING'>This is a draft version of small-BiSMark. Specification is the subject to change!</comment>
 <motif name='Eip74EF' id='EIP74EF.MTF'>
  <comment name='discrete information content by position'>[-0.640495497418073, -0.640495497418073, -0.416525563764566, -0.503168961341719, -0.25993019270998, -0.503168961341894, 0.0, 0.0, -0.755031838894999, -0.416525563764566, -0.92831863403482, -0.503168961341894, -0.640495497418073, -0.704348700395974]</comment>
  <comment name='discrete information content'>-6.91167386984463</comment>
  <comment name='number of sequences in the corresponding alignment'>8</comment>
  <PPM length='14'>
   <pm-column position='1'>
    <a>0.625</a>
    <c>0.125</c>
    <g>0.0</g>
    <t>0.25</t>
   </pm-column>
   <pm-column position='2'>
    <a>0.625</a>
    <c>0.125</c>
    <g>0.0</g>
    <t>0.25</t>
   </pm-column>
   <pm-column position='3'>
    <a>0.25</a>
    <c>0.75</c>
    <g>0.0</g>
    <t>0.0</t>
   </pm-column>
   <pm-column position='4'>
    <a>0.625</a>
    <c>0.375</c>
    <g>0.0</g>
    <t>0.0</t>
   </pm-column>
   <pm-column position='5'>
    <a>0.125</a>
    <c>0.0</c>
    <g>0.875</g>
    <t>0.0</t>
   </pm-column>
   <pm-column position='6'>
    <a>0.0</a>
    <c>0.125</c>
    <g>0.75</g>
    <t>0.125</t>
   </pm-column>
   <pm-column position='7'>
    <a>1.0</a>
    <c>0.0</c>
    <g>0.0</g>
    <t>0.0</t>
   </pm-column>
   <pm-column position='8'>
    <a>1.0</a>
    <c>0.0</c>
    <g>0.0</g>
    <t>0.0</t>
   </pm-column>
   <pm-column position='9'>
    <a>0.25</a>
    <c>0.0</c>
    <g>0.5</g>
    <t>0.25</t>
   </pm-column>
   <pm-column position='10'>
    <a>0.0</a>
    <c>0.25</c>
    <g>0.0</g>
    <t>0.75</t>
   </pm-column>
   <pm-column position='11'>
    <a>0.375</a>
    <c>0.125</c>
    <g>0.25</g>
    <t>0.25</t>
   </pm-column>
   <pm-column position='12'>
    <a>0.125</a>
    <c>0.0</c>
    <g>0.125</g>
    <t>0.75</t>
   </pm-column>
   <pm-column position='13'>
    <a>0.0</a>
    <c>0.625</c>
    <g>0.125</g>
    <t>0.25</t>
   </pm-column>
   <pm-column position='14'>
    <a>0.125</a>
    <c>0.0</c>
    <g>0.5</g>
    <t>0.375</t>
   </pm-column>
  </PPM>
  <PWM length='14'>
   <pm-column position='1'>
    <a>0.847297860387204</a>
    <c>-0.587786664902119</c>
    <g>-2.19722457733622</g>
    <t>0.0</t>
   </pm-column>
   <pm-column position='2'>
    <a>0.847297860387204</a>
    <c>-0.587786664902119</c>
    <g>-2.19722457733622</g>
    <t>0.0</t>
   </pm-column>
   <pm-column position='3'>
    <a>0.0</a>
    <c>1.02165124753198</c>
    <g>-2.19722457733622</g>
    <t>-2.19722457733622</t>
   </pm-column>
   <pm-column position='4'>
    <a>0.847297860387204</a>
    <c>0.367724780125317</c>
    <g>-2.19722457733622</g>
    <t>-2.19722457733622</t>
   </pm-column>
   <pm-column position='5'>
    <a>-0.587786664902119</a>
    <c>-2.19722457733622</c>
    <g>1.17007125265025</g>
    <t>-2.19722457733622</t>
   </pm-column>
   <pm-column position='6'>
    <a>-2.19722457733622</a>
    <c>-0.587786664902119</c>
    <g>1.02165124753198</g>
    <t>-0.587786664902119</t>
   </pm-column>
   <pm-column position='7'>
    <a>1.29928298413026</a>
    <c>-2.19722457733622</c>
    <g>-2.19722457733622</g>
    <t>-2.19722457733622</t>
   </pm-column>
   <pm-column position='8'>
    <a>1.29928298413026</a>
    <c>-2.19722457733622</c>
    <g>-2.19722457733622</g>
    <t>-2.19722457733622</t>
   </pm-column>
   <pm-column position='9'>
    <a>0.0</a>
    <c>-2.19722457733622</c>
    <g>0.635988766719997</g>
    <t>0.0</t>
   </pm-column>
   <pm-column position='10'>
    <a>-2.19722457733622</a>
    <c>0.0</c>
    <g>-2.19722457733622</g>
    <t>1.02165124753198</t>
   </pm-column>
   <pm-column position='11'>
    <a>0.367724780125317</a>
    <c>-0.587786664902119</c>
    <g>0.0</g>
    <t>0.0</t>
   </pm-column>
   <pm-column position='12'>
    <a>-0.587786664902119</a>
    <c>-2.19722457733622</c>
    <g>-0.587786664902119</g>
    <t>1.02165124753198</t>
   </pm-column>
   <pm-column position='13'>
    <a>-2.19722457733622</a>
    <c>0.847297860387204</c>
    <g>-0.587786664902119</g>
    <t>0.0</t>
   </pm-column>
   <pm-column position='14'>
    <a>-0.587786664902119</a>
    <c>-2.19722457733622</c>
    <g>0.635988766719997</g>
    <t>0.367724780125317</t>
   </pm-column>
  </PWM>
  <word-list size='8'>
   <word score='10.0027205202787'>AAAAGGAAATCTCT</word>
   <word score='7.98860212119689'>ACAAGGAAGTGTTA</word>
   <word score='8.29018709881766'>TACCGTAAACATCG</word>
   <word score='8.58438446743884'>TACCAGAAGTTTTG</word>
   <word score='9.212377552819'>CTCAGGAAGCTTCG</word>
   <word score='8.39328260784463'>AACAGCAATTGGCT</word>
   <word score='9.96576481375631'>ATCAGGAATTATGG</word>
   <word score='10.5268609868622'>AACCGGAAGTAACT</word>
  </word-list>
 </motif>
</smallbismark>