<?xml version='1.0' encoding='UTF-8'?>
<smallbismark>
 <comment name='WARNING'>This is a draft version of small-BiSMark. Specification is the subject to change!</comment>
 <motif name='Eip74EF' id='EIP74EF.MTF'>
  <comment name='discrete information content by position'>[-0.704348700395974, -0.416525563764566, -0.25993019270998, 0.0, 0.0, 0.0]</comment>
  <comment name='discrete information content'>-1.38080445687052</comment>
  <comment name='number of sequences in the corresponding alignment'>8</comment>
  <PPM length='6'>
   <pm-column position='1'>
    <a>0.375</a>
    <c>0.5</c>
    <g>0.0</g>
    <t>0.125</t>
   </pm-column>
   <pm-column position='2'>
    <a>0.75</a>
    <c>0.25</c>
    <g>0.0</g>
    <t>0.0</t>
   </pm-column>
   <pm-column position='3'>
    <a>0.125</a>
    <c>0.0</c>
    <g>0.875</g>
    <t>0.0</t>
   </pm-column>
   <pm-column position='4'>
    <a>0.0</a>
    <c>0.0</c>
    <g>1.0</g>
    <t>0.0</t>
   </pm-column>
   <pm-column position='5'>
    <a>1.0</a>
    <c>0.0</c>
    <g>0.0</g>
    <t>0.0</t>
   </pm-column>
   <pm-column position='6'>
    <a>1.0</a>
    <c>0.0</c>
    <g>0.0</g>
    <t>0.0</t>
   </pm-column>
  </PPM>
  <PWM length='6'>
   <pm-column position='1'>
    <a>0.367724780125317</a>
    <c>0.635988766719997</c>
    <g>-2.19722457733622</g>
    <t>-0.587786664902119</t>
   </pm-column>
   <pm-column position='2'>
    <a>1.02165124753198</a>
    <c>0.0</c>
    <g>-2.19722457733622</g>
    <t>-2.19722457733622</t>
   </pm-column>
   <pm-column position='3'>
    <a>-0.587786664902119</a>
    <c>-2.19722457733622</c>
    <g>1.17007125265025</g>
    <t>-2.19722457733622</t>
   </pm-column>
   <pm-column position='4'>
    <a>-2.19722457733622</a>
    <c>-2.19722457733622</c>
    <g>1.29928298413026</g>
    <t>-2.19722457733622</t>
   </pm-column>
   <pm-column position='5'>
    <a>1.29928298413026</a>
    <c>-2.19722457733622</c>
    <g>-2.19722457733622</g>
    <t>-2.19722457733622</t>
   </pm-column>
   <pm-column position='6'>
    <a>1.29928298413026</a>
    <c>-2.19722457733622</c>
    <g>-2.19722457733622</g>
    <t>-2.19722457733622</t>
   </pm-column>
  </PWM>
  <word-list size='8'>
   <word score='6.45729623269834'>AAGGAA</word>
   <word score='6.45729623269834'>AAGGAA</word>
   <word score='6.45729623269834'>AAGGAA</word>
   <word score='3.94605105420866'>CCAGAA</word>
   <word score='6.72556021929301'>CAGGAA</word>
   <word score='5.5017847876709'>TAGGAA</word>
   <word score='6.72556021929301'>CAGGAA</word>
   <word score='5.70390897176103'>CCGGAA</word>
  </word-list>
 </motif>
</smallbismark>