<?xml version='1.0' encoding='UTF-8'?>
<smallbismark>
 <comment name='WARNING'>This is a draft version of small-BiSMark. Specification is the subject to change!</comment>
 <motif name='Eip74EF' id='EIP74EF.MTF'>
  <PPM length='7'>
   <pm-column position='1'>
    <a>0.75</a>
    <c>0.25</c>
    <g>0.0</g>
    <t>0.0</t>
   </pm-column>
   <pm-column position='2'>
    <a>0.125</a>
    <c>0.0</c>
    <g>0.875</g>
    <t>0.0</t>
   </pm-column>
   <pm-column position='3'>
    <a>0.0</a>
    <c>0.0</c>
    <g>1.0</g>
    <t>0.0</t>
   </pm-column>
   <pm-column position='4'>
    <a>1.0</a>
    <c>0.0</c>
    <g>0.0</g>
    <t>0.0</t>
   </pm-column>
   <pm-column position='5'>
    <a>1.0</a>
    <c>0.0</c>
    <g>0.0</g>
    <t>0.0</t>
   </pm-column>
   <pm-column position='6'>
    <a>0.125</a>
    <c>0.125</c>
    <g>0.625</g>
    <t>0.125</t>
   </pm-column>
   <pm-column position='7'>
    <a>0.25</a>
    <c>0.125</c>
    <g>0.0</g>
    <t>0.625</t>
   </pm-column>
  </PPM>
  <PWM length='7'>
   <pm-column position='1'>
    <a>1.02165124753198</a>
    <c>0.0</c>
    <g>-2.19722457733622</g>
    <t>-2.19722457733622</t>
   </pm-column>
   <pm-column position='2'>
    <a>-0.587786664902119</a>
    <c>-2.19722457733622</c>
    <g>1.17007125265025</g>
    <t>-2.19722457733622</t>
   </pm-column>
   <pm-column position='3'>
    <a>-2.19722457733622</a>
    <c>-2.19722457733622</c>
    <g>1.29928298413026</g>
    <t>-2.19722457733622</t>
   </pm-column>
   <pm-column position='4'>
    <a>1.29928298413026</a>
    <c>-2.19722457733622</c>
    <g>-2.19722457733622</g>
    <t>-2.19722457733622</t>
   </pm-column>
   <pm-column position='5'>
    <a>1.29928298413026</a>
    <c>-2.19722457733622</c>
    <g>-2.19722457733622</g>
    <t>-2.19722457733622</t>
   </pm-column>
   <pm-column position='6'>
    <a>-0.587786664902119</a>
    <c>-0.587786664902119</c>
    <g>0.847297860387204</g>
    <t>-0.587786664902119</t>
   </pm-column>
   <pm-column position='7'>
    <a>0.0</a>
    <c>-0.587786664902119</c>
    <g>-2.19722457733622</g>
    <t>0.847297860387204</t>
   </pm-column>
  </PWM>
  <word-list size='8'>
   <word score='6.3490826480581'>AGGAAAT</word>
   <word score='7.78416717334743'>AGGAAGT</word>
   <word score='6.93686931296022'>AGGAAGA</word>
   <word score='5.00465800826307'>CAGAAGT</word>
   <word score='6.3490826480581'>AGGAAGC</word>
   <word score='5.5017847876709'>AGGAACA</word>
   <word score='6.3490826480581'>AGGAATT</word>
   <word score='6.76251592581544'>CGGAAGT</word>
  </word-list>
 </motif>
</smallbismark>