<?xml version='1.0' encoding='UTF-8'?>
<smallbismark>
 <comment name='WARNING'>This is a draft version of small-BiSMark. Specification is the subject to change!</comment>
 <motif name='Eip74EF' id='EIP74EF.MTF'>
  <comment name='discrete information content by position'>[-0.755031838894999, -0.503168961341719, -0.416525563764566, -0.25993019270998, -0.25993019270998, 0.0, 0.0, -0.640495497418073, -0.503168961341894]</comment>
  <comment name='discrete information content'>-3.33825120818121</comment>
  <comment name='number of sequences in the corresponding alignment'>8</comment>
  <PPM length='9'>
   <pm-column position='1'>
    <a>0.5</a>
    <c>0.25</c>
    <g>0.0</g>
    <t>0.25</t>
   </pm-column>
   <pm-column position='2'>
    <a>0.375</a>
    <c>0.625</c>
    <g>0.0</g>
    <t>0.0</t>
   </pm-column>
   <pm-column position='3'>
    <a>0.75</a>
    <c>0.25</c>
    <g>0.0</g>
    <t>0.0</t>
   </pm-column>
   <pm-column position='4'>
    <a>0.125</a>
    <c>0.0</c>
    <g>0.875</g>
    <t>0.0</t>
   </pm-column>
   <pm-column position='5'>
    <a>0.0</a>
    <c>0.125</c>
    <g>0.875</g>
    <t>0.0</t>
   </pm-column>
   <pm-column position='6'>
    <a>1.0</a>
    <c>0.0</c>
    <g>0.0</g>
    <t>0.0</t>
   </pm-column>
   <pm-column position='7'>
    <a>1.0</a>
    <c>0.0</c>
    <g>0.0</g>
    <t>0.0</t>
   </pm-column>
   <pm-column position='8'>
    <a>0.125</a>
    <c>0.0</c>
    <g>0.625</g>
    <t>0.25</t>
   </pm-column>
   <pm-column position='9'>
    <a>0.125</a>
    <c>0.125</c>
    <g>0.0</g>
    <t>0.75</t>
   </pm-column>
  </PPM>
  <PWM length='9'>
   <pm-column position='1'>
    <a>0.635988766719997</a>
    <c>0.0</c>
    <g>-2.19722457733622</g>
    <t>0.0</t>
   </pm-column>
   <pm-column position='2'>
    <a>0.367724780125317</a>
    <c>0.847297860387204</c>
    <g>-2.19722457733622</g>
    <t>-2.19722457733622</t>
   </pm-column>
   <pm-column position='3'>
    <a>1.02165124753198</a>
    <c>0.0</c>
    <g>-2.19722457733622</g>
    <t>-2.19722457733622</t>
   </pm-column>
   <pm-column position='4'>
    <a>-0.587786664902119</a>
    <c>-2.19722457733622</c>
    <g>1.17007125265025</g>
    <t>-2.19722457733622</t>
   </pm-column>
   <pm-column position='5'>
    <a>-2.19722457733622</a>
    <c>-0.587786664902119</c>
    <g>1.17007125265025</g>
    <t>-2.19722457733622</t>
   </pm-column>
   <pm-column position='6'>
    <a>1.29928298413026</a>
    <c>-2.19722457733622</c>
    <g>-2.19722457733622</g>
    <t>-2.19722457733622</t>
   </pm-column>
   <pm-column position='7'>
    <a>1.29928298413026</a>
    <c>-2.19722457733622</c>
    <g>-2.19722457733622</g>
    <t>-2.19722457733622</t>
   </pm-column>
   <pm-column position='8'>
    <a>-0.587786664902119</a>
    <c>-2.19722457733622</c>
    <g>0.847297860387204</g>
    <t>0.0</t>
   </pm-column>
   <pm-column position='9'>
    <a>-0.587786664902119</a>
    <c>-0.587786664902119</c>
    <g>-2.19722457733622</g>
    <t>1.02165124753198</t>
   </pm-column>
  </PWM>
  <word-list size='8'>
   <word score='7.39793785056819'>AAAGGAAAT</word>
   <word score='8.19703360913751'>CAAGGAAGT</word>
   <word score='6.58759569670341'>CAAGGAAGA</word>
   <word score='6.53308629103504'>ACCAGAAGT</word>
   <word score='7.0671687769653'>TCAGGAAGC</word>
   <word score='6.70743967817982'>ACAGCAATT</word>
   <word score='7.8293088290122'>TCAGGAATT</word>
   <word score='8.29094420858742'>ACCGGAAGT</word>
  </word-list>
 </motif>
</smallbismark>