<?xml version='1.0' encoding='UTF-8'?>
<smallbismark>
 <comment name='WARNING'>This is a draft version of small-BiSMark. Specification is the subject to change!</comment>
 <motif name='Dfd' id='DFD.MTF'>
  <comment name='discrete information content by position'>[-0.799678675669169, -0.84300037444683, 0.0, -0.173286795139986, -0.173286795139986, -0.173286795139986, -0.624468651866173, -0.799678675669169, -0.972965470812735, -0.972965470812735, -0.998307040062248, -0.705673838374319, -0.860980503985982]</comment>
  <comment name='discrete information content'>-8.09757908711932</comment>
  <comment name='number of sequences in the corresponding alignment'>16</comment>
  <PPM length='13'>
   <pm-column position='1'>
    <a>0.0</a>
    <c>0.375</c>
    <g>0.125</g>
    <t>0.5</t>
   </pm-column>
   <pm-column position='2'>
    <a>0.125</a>
    <c>0.125</c>
    <g>0.125</g>
    <t>0.625</t>
   </pm-column>
   <pm-column position='3'>
    <a>0.0</a>
    <c>0.0</c>
    <g>0.0</g>
    <t>1.0</t>
   </pm-column>
   <pm-column position='4'>
    <a>0.9375</a>
    <c>0.0625</c>
    <g>0.0</g>
    <t>0.0</t>
   </pm-column>
   <pm-column position='5'>
    <a>0.9375</a>
    <c>0.0625</c>
    <g>0.0</g>
    <t>0.0</t>
   </pm-column>
   <pm-column position='6'>
    <a>0.0625</a>
    <c>0.0</c>
    <g>0.0</g>
    <t>0.9375</t>
   </pm-column>
   <pm-column position='7'>
    <a>0.0625</a>
    <c>0.0</c>
    <g>0.25</g>
    <t>0.6875</t>
   </pm-column>
   <pm-column position='8'>
    <a>0.5</a>
    <c>0.0</c>
    <g>0.375</g>
    <t>0.125</t>
   </pm-column>
   <pm-column position='9'>
    <a>0.0625</a>
    <c>0.3125</c>
    <g>0.1875</g>
    <t>0.4375</t>
   </pm-column>
   <pm-column position='10'>
    <a>0.0625</a>
    <c>0.1875</c>
    <g>0.3125</g>
    <t>0.4375</t>
   </pm-column>
   <pm-column position='11'>
    <a>0.125</a>
    <c>0.125</c>
    <g>0.4375</g>
    <t>0.3125</t>
   </pm-column>
   <pm-column position='12'>
    <a>0.0</a>
    <c>0.375</c>
    <g>0.0625</g>
    <t>0.5625</t>
   </pm-column>
   <pm-column position='13'>
    <a>0.4375</a>
    <c>0.1875</c>
    <g>0.375</g>
    <t>0.0</t>
   </pm-column>
  </PPM>
  <PWM length='13'>
   <pm-column position='1'>
    <a>-2.83321334405622</a>
    <c>0.385662480811985</c>
    <g>-0.635988766719997</g>
    <t>0.663294217410264</t>
   </pm-column>
   <pm-column position='2'>
    <a>-0.635988766719997</a>
    <c>-0.635988766719997</c>
    <g>-0.635988766719997</g>
    <t>0.880358722648092</t>
   </pm-column>
   <pm-column position='3'>
    <a>-2.83321334405622</a>
    <c>-2.83321334405622</c>
    <g>-2.83321334405622</g>
    <t>1.34117392583942</t>
   </pm-column>
   <pm-column position='4'>
    <a>1.2776605201171</a>
    <c>-1.22377543162212</c>
    <g>-2.83321334405622</g>
    <t>-2.83321334405622</t>
   </pm-column>
   <pm-column position='5'>
    <a>1.2776605201171</a>
    <c>-1.22377543162212</c>
    <g>-2.83321334405622</g>
    <t>-2.83321334405622</t>
   </pm-column>
   <pm-column position='6'>
    <a>-1.22377543162212</a>
    <c>-2.83321334405622</c>
    <g>-2.83321334405622</g>
    <t>1.2776605201171</t>
   </pm-column>
   <pm-column position='7'>
    <a>-1.22377543162212</a>
    <c>-2.83321334405622</c>
    <g>0.0</g>
    <t>0.973449145714104</t>
   </pm-column>
   <pm-column position='8'>
    <a>0.663294217410264</a>
    <c>-2.83321334405622</c>
    <g>0.385662480811985</g>
    <t>-0.635988766719997</t>
   </pm-column>
   <pm-column position='9'>
    <a>-1.22377543162212</a>
    <c>0.211309093667207</c>
    <g>-0.268263986594679</g>
    <t>0.534082485930258</t>
   </pm-column>
   <pm-column position='10'>
    <a>-1.22377543162212</a>
    <c>-0.268263986594679</c>
    <g>0.211309093667207</g>
    <t>0.534082485930258</t>
   </pm-column>
   <pm-column position='11'>
    <a>-0.635988766719997</a>
    <c>-0.635988766719997</c>
    <g>0.534082485930258</g>
    <t>0.211309093667207</t>
   </pm-column>
   <pm-column position='12'>
    <a>-2.83321334405622</a>
    <c>0.385662480811985</c>
    <g>-1.22377543162212</g>
    <t>0.777704568588008</t>
   </pm-column>
   <pm-column position='13'>
    <a>0.534082485930258</a>
    <c>-0.268263986594679</c>
    <g>0.385662480811985</g>
    <t>-2.83321334405622</t>
   </pm-column>
  </PWM>
  <word-list size='16'>
   <word score='8.52141006050117'>TTTAATTTGGTTA</word>
   <word score='6.19658982606074'>CTTAATAGCCGCC</word>
   <word score='7.71674915816373'>CATAATTAATGTA</word>
   <word score='7.42434178452402'>TTTACTTATCGCG</word>
   <word score='5.01945174883778'>TCTAATGATAGGA</word>
   <word score='7.05020422679785'>GATAATTGTTTTC</word>
   <word score='9.95336569278206'>CTTAATTACGGCA</word>
   <word score='9.22353862972571'>CTTAATGATGTTG</word>
   <word score='6.36132212878528'>CCTAATTGCCACG</word>
   <word score='6.51710088816979'>TTTAAATGGTCTA</word>
   <word score='8.01832521596365'>CTTCATTATGGTG</word>
   <word score='8.00526527525758'>TTTAATTTCGCTG</word>
   <word score='5.20513991304584'>GGTAATGGGTGCC</word>
   <word score='9.42946542005133'>TGTAATTATTTTA</word>
   <word score='10.1277190799268'>TTTAATTGTTTCG</word>
   <word score='8.80229251105506'>TTTAATGACTATA</word>
  </word-list>
 </motif>
</smallbismark>