<?xml version='1.0' encoding='UTF-8'?>
<smallbismark>
 <comment name='WARNING'>This is a draft version of small-BiSMark. Specification is the subject to change!</comment>
 <motif name='Dfd' id='DFD.MTF'>
  <comment name='discrete information content by position'>[-0.799678675669169, -0.736453618685596, -0.173286795139986, -0.342539932708875, -0.173286795139986, -0.173286795139986, -0.624468651866173, -0.799678675669169, -0.972965470812735, -0.843000374457745, -1.00794145755145, -0.561762270062191]</comment>
  <comment name='discrete information content'>-7.20834951290306</comment>
  <comment name='number of sequences in the corresponding alignment'>16</comment>
  <PPM length='12'>
   <pm-column position='1'>
    <a>0.0</a>
    <c>0.375</c>
    <g>0.125</g>
    <t>0.5</t>
   </pm-column>
   <pm-column position='2'>
    <a>0.125</a>
    <c>0.0625</c>
    <g>0.125</g>
    <t>0.6875</t>
   </pm-column>
   <pm-column position='3'>
    <a>0.0625</a>
    <c>0.0</c>
    <g>0.0</g>
    <t>0.9375</t>
   </pm-column>
   <pm-column position='4'>
    <a>0.875</a>
    <c>0.0625</c>
    <g>0.0625</g>
    <t>0.0</t>
   </pm-column>
   <pm-column position='5'>
    <a>0.9375</a>
    <c>0.0625</c>
    <g>0.0</g>
    <t>0.0</t>
   </pm-column>
   <pm-column position='6'>
    <a>0.0625</a>
    <c>0.0</c>
    <g>0.0</g>
    <t>0.9375</t>
   </pm-column>
   <pm-column position='7'>
    <a>0.0625</a>
    <c>0.0</c>
    <g>0.25</g>
    <t>0.6875</t>
   </pm-column>
   <pm-column position='8'>
    <a>0.5</a>
    <c>0.0</c>
    <g>0.375</g>
    <t>0.125</t>
   </pm-column>
   <pm-column position='9'>
    <a>0.0625</a>
    <c>0.3125</c>
    <g>0.1875</g>
    <t>0.4375</t>
   </pm-column>
   <pm-column position='10'>
    <a>0.0</a>
    <c>0.1875</c>
    <g>0.3125</g>
    <t>0.5</t>
   </pm-column>
   <pm-column position='11'>
    <a>0.125</a>
    <c>0.125</c>
    <g>0.375</g>
    <t>0.375</t>
   </pm-column>
   <pm-column position='12'>
    <a>0.0</a>
    <c>0.375</c>
    <g>0.0</g>
    <t>0.625</t>
   </pm-column>
  </PPM>
  <PWM length='12'>
   <pm-column position='1'>
    <a>-2.83321334405622</a>
    <c>0.385662480811985</c>
    <g>-0.635988766719997</g>
    <t>0.663294217410264</t>
   </pm-column>
   <pm-column position='2'>
    <a>-0.635988766719997</a>
    <c>-1.22377543162212</c>
    <g>-0.635988766719997</g>
    <t>0.973449145714104</t>
   </pm-column>
   <pm-column position='3'>
    <a>-1.22377543162212</a>
    <c>-2.83321334405622</c>
    <g>-2.83321334405622</g>
    <t>1.2776605201171</t>
   </pm-column>
   <pm-column position='4'>
    <a>1.20983792377833</a>
    <c>-1.22377543162212</c>
    <g>-1.22377543162212</g>
    <t>-2.83321334405622</t>
   </pm-column>
   <pm-column position='5'>
    <a>1.2776605201171</a>
    <c>-1.22377543162212</c>
    <g>-2.83321334405622</g>
    <t>-2.83321334405622</t>
   </pm-column>
   <pm-column position='6'>
    <a>-1.22377543162212</a>
    <c>-2.83321334405622</c>
    <g>-2.83321334405622</g>
    <t>1.2776605201171</t>
   </pm-column>
   <pm-column position='7'>
    <a>-1.22377543162212</a>
    <c>-2.83321334405622</c>
    <g>0.0</g>
    <t>0.973449145714104</t>
   </pm-column>
   <pm-column position='8'>
    <a>0.663294217410264</a>
    <c>-2.83321334405622</c>
    <g>0.385662480811985</g>
    <t>-0.635988766719997</t>
   </pm-column>
   <pm-column position='9'>
    <a>-1.22377543162212</a>
    <c>0.211309093667207</c>
    <g>-0.268263986594679</g>
    <t>0.534082485930258</t>
   </pm-column>
   <pm-column position='10'>
    <a>-2.83321334405622</a>
    <c>-0.268263986594679</c>
    <g>0.211309093667207</g>
    <t>0.663294217410264</t>
   </pm-column>
   <pm-column position='11'>
    <a>-0.635988766719997</a>
    <c>-0.635988766719997</c>
    <g>0.385662480811985</g>
    <t>0.385662480811985</t>
   </pm-column>
   <pm-column position='12'>
    <a>-2.83321334405622</a>
    <c>0.385662480811985</c>
    <g>-2.83321334405622</g>
    <t>0.880358722648092</t>
   </pm-column>
  </PWM>
  <word-list size='16'>
   <word score='8.2260895367807'>TTTAATTTGGTT</word>
   <word score='6.27818822854207'>CTTAATAGCCGC</word>
   <word score='7.1347765505942'>CATAATTAATGT</word>
   <word score='6.85201371959869'>TTTACTTATCGC</word>
   <word score='4.87120566432519'>TTAGATGATTTT</word>
   <word score='7.59335148401631'>GATAATTGTTTT</word>
   <word score='9.23261762273846'>CTTAATTACGGC</word>
   <word score='9.07663811112351'>CTTAATGATGTT</word>
   <word score='5.25653698101009'>CCTAATTGCCAC</word>
   <word score='6.17663870878454'>TTTAAATGGTCT</word>
   <word score='7.61647390143717'>CTTCATTATGGT</word>
   <word score='7.6840113695106'>TTTAATTTCGCT</word>
   <word score='5.32285962394117'>GGTAATGGGTGC</word>
   <word score='9.17026620474485'>TGTAATTATTTT</word>
   <word score='10.0073761387446'>TTTAATTGTTTC</word>
   <word score='8.46183033166982'>TTTAATGACTAT</word>
  </word-list>
 </motif>
</smallbismark>