<?xml version='1.0' encoding='UTF-8'?>
<smallbismark>
 <comment name='WARNING'>This is a draft version of small-BiSMark. Specification is the subject to change!</comment>
 <motif name='Dfd' id='DFD.MTF'>
  <comment name='discrete information content by position'>[-1.05126315634003, -0.705673838374319, -0.84300037444683, 0.0, -0.299218233920211, -0.173286795139986, -0.173286795139986, -0.731015407627408, -0.799678675669169, -0.843000374457832, -1.05126315634003, -0.982599888301939, -0.705673838374319, -0.799678675669169]</comment>
  <comment name='discrete information content'>-9.15863920980122</comment>
  <comment name='number of sequences in the corresponding alignment'>16</comment>
  <PPM length='14'>
   <pm-column position='1'>
    <a>0.375</a>
    <c>0.1875</c>
    <g>0.3125</g>
    <t>0.125</t>
   </pm-column>
   <pm-column position='2'>
    <a>0.0</a>
    <c>0.375</c>
    <g>0.0625</g>
    <t>0.5625</t>
   </pm-column>
   <pm-column position='3'>
    <a>0.125</a>
    <c>0.125</c>
    <g>0.125</g>
    <t>0.625</t>
   </pm-column>
   <pm-column position='4'>
    <a>0.0</a>
    <c>0.0</c>
    <g>0.0</g>
    <t>1.0</t>
   </pm-column>
   <pm-column position='5'>
    <a>0.875</a>
    <c>0.125</c>
    <g>0.0</g>
    <t>0.0</t>
   </pm-column>
   <pm-column position='6'>
    <a>0.9375</a>
    <c>0.0625</c>
    <g>0.0</g>
    <t>0.0</t>
   </pm-column>
   <pm-column position='7'>
    <a>0.0625</a>
    <c>0.0</c>
    <g>0.0</g>
    <t>0.9375</t>
   </pm-column>
   <pm-column position='8'>
    <a>0.125</a>
    <c>0.0</c>
    <g>0.25</g>
    <t>0.625</t>
   </pm-column>
   <pm-column position='9'>
    <a>0.5</a>
    <c>0.0</c>
    <g>0.375</g>
    <t>0.125</t>
   </pm-column>
   <pm-column position='10'>
    <a>0.0625</a>
    <c>0.375</c>
    <g>0.0625</g>
    <t>0.5</t>
   </pm-column>
   <pm-column position='11'>
    <a>0.125</a>
    <c>0.1875</c>
    <g>0.3125</g>
    <t>0.375</t>
   </pm-column>
   <pm-column position='12'>
    <a>0.1875</a>
    <c>0.0625</c>
    <g>0.375</g>
    <t>0.375</t>
   </pm-column>
   <pm-column position='13'>
    <a>0.0</a>
    <c>0.375</c>
    <g>0.0625</g>
    <t>0.5625</t>
   </pm-column>
   <pm-column position='14'>
    <a>0.375</a>
    <c>0.125</c>
    <g>0.5</g>
    <t>0.0</t>
   </pm-column>
  </PPM>
  <PWM length='14'>
   <pm-column position='1'>
    <a>0.385662480811985</a>
    <c>-0.268263986594679</c>
    <g>0.211309093667207</g>
    <t>-0.635988766719997</t>
   </pm-column>
   <pm-column position='2'>
    <a>-2.83321334405622</a>
    <c>0.385662480811985</c>
    <g>-1.22377543162212</g>
    <t>0.777704568588008</t>
   </pm-column>
   <pm-column position='3'>
    <a>-0.635988766719997</a>
    <c>-0.635988766719997</c>
    <g>-0.635988766719997</g>
    <t>0.880358722648092</t>
   </pm-column>
   <pm-column position='4'>
    <a>-2.83321334405622</a>
    <c>-2.83321334405622</c>
    <g>-2.83321334405622</g>
    <t>1.34117392583942</t>
   </pm-column>
   <pm-column position='5'>
    <a>1.20983792377833</a>
    <c>-0.635988766719997</c>
    <g>-2.83321334405622</g>
    <t>-2.83321334405622</t>
   </pm-column>
   <pm-column position='6'>
    <a>1.2776605201171</a>
    <c>-1.22377543162212</c>
    <g>-2.83321334405622</g>
    <t>-2.83321334405622</t>
   </pm-column>
   <pm-column position='7'>
    <a>-1.22377543162212</a>
    <c>-2.83321334405622</c>
    <g>-2.83321334405622</g>
    <t>1.2776605201171</t>
   </pm-column>
   <pm-column position='8'>
    <a>-0.635988766719997</a>
    <c>-2.83321334405622</c>
    <g>0.0</g>
    <t>0.880358722648092</t>
   </pm-column>
   <pm-column position='9'>
    <a>0.663294217410264</a>
    <c>-2.83321334405622</c>
    <g>0.385662480811985</g>
    <t>-0.635988766719997</t>
   </pm-column>
   <pm-column position='10'>
    <a>-1.22377543162212</a>
    <c>0.385662480811985</c>
    <g>-1.22377543162212</g>
    <t>0.663294217410264</t>
   </pm-column>
   <pm-column position='11'>
    <a>-0.635988766719997</a>
    <c>-0.268263986594679</c>
    <g>0.211309093667207</g>
    <t>0.385662480811985</t>
   </pm-column>
   <pm-column position='12'>
    <a>-0.268263986594679</a>
    <c>-1.22377543162212</c>
    <g>0.385662480811985</g>
    <t>0.385662480811985</t>
   </pm-column>
   <pm-column position='13'>
    <a>-2.83321334405622</a>
    <c>0.385662480811985</c>
    <g>-1.22377543162212</g>
    <t>0.777704568588008</t>
   </pm-column>
   <pm-column position='14'>
    <a>0.385662480811985</a>
    <c>-0.635988766719997</c>
    <g>0.663294217410264</g>
    <t>-2.83321334405622</t>
   </pm-column>
  </PWM>
  <word-list size='16'>
   <word score='7.75663842294042'>GTTTAATTTGGTTA</word>
   <word score='5.73877372980529'>TCTTAATAGCCGCC</word>
   <word score='6.47458735668414'>TCATAATTAATGTA</word>
   <word score='8.02192506006899'>ATTTACTTATCGCG</word>
   <word score='5.87186037063433'>ATCTAATGATAGGA</word>
   <word score='6.30023396953936'>GGATAATTGTTTTC</word>
   <word score='10.0556285310975'>ACTTAATTACGGCA</word>
   <word score='9.94822198227722'>GCTTAATGATGTTG</word>
   <word score='6.75185502665421'>CCCTAATTGCCACG</word>
   <word score='6.60424056491101'>ATTTAAAAGCTTCG</word>
   <word score='8.98275401442698'>GCTTCATTATGGTG</word>
   <word score='8.20862354668347'>ATTTAATTTCGCTG</word>
   <word score='4.71966074553279'>CTGTCATGGTAATG</word>
   <word score='9.60099695387975'>GTGTAATTATTTTA</word>
   <word score='10.8996557426166'>ATTTAATTGTTTCG</word>
   <word score='8.82585443633291'>CTTTAATGACTATA</word>
  </word-list>
 </motif>
</smallbismark>