<?xml version='1.0' encoding='UTF-8'?>
<smallbismark>
 <comment name='WARNING'>This is a draft version of small-BiSMark. Specification is the subject to change!</comment>
 <motif name='eve' id='EVE.MTF'>
  <comment name='discrete information content by position'>[-1.12218560724473, -1.09523578220523, -0.856871330434865, -0.351939177069357, -0.493599844272168, -0.663659713352408, -0.663659713352408, 0.0, -0.831330049246636, -0.1497866136777]</comment>
  <comment name='discrete information content'>-6.2282678308555</comment>
  <comment name='number of sequences in the corresponding alignment'>20</comment>
  <PPM length='10'>
   <pm-column position='1'>
    <a>0.25</a>
    <c>0.35</c>
    <g>0.25</g>
    <t>0.15</t>
   </pm-column>
   <pm-column position='2'>
    <a>0.3</a>
    <c>0.1</c>
    <g>0.3</g>
    <t>0.3</t>
   </pm-column>
   <pm-column position='3'>
    <a>0.4</a>
    <c>0.45</c>
    <g>0.15</g>
    <t>0.0</t>
   </pm-column>
   <pm-column position='4'>
    <a>0.85</a>
    <c>0.0</c>
    <g>0.15</g>
    <t>0.0</t>
   </pm-column>
   <pm-column position='5'>
    <a>0.05</a>
    <c>0.8</c>
    <g>0.0</g>
    <t>0.15</t>
   </pm-column>
   <pm-column position='6'>
    <a>0.7</a>
    <c>0.1</c>
    <g>0.2</g>
    <t>0.0</t>
   </pm-column>
   <pm-column position='7'>
    <a>0.7</a>
    <c>0.0</c>
    <g>0.1</g>
    <t>0.2</t>
   </pm-column>
   <pm-column position='8'>
    <a>0.0</a>
    <c>0.0</c>
    <g>0.0</g>
    <t>1.0</t>
   </pm-column>
   <pm-column position='9'>
    <a>0.4</a>
    <c>0.05</c>
    <g>0.05</g>
    <t>0.5</t>
   </pm-column>
   <pm-column position='10'>
    <a>0.95</a>
    <c>0.0</c>
    <g>0.0</g>
    <t>0.05</t>
   </pm-column>
  </PPM>
  <PWM length='10'>
   <pm-column position='1'>
    <a>0.0</a>
    <c>0.322773392263051</c>
    <g>0.0</g>
    <t>-0.479573080261886</t>
   </pm-column>
   <pm-column position='2'>
    <a>0.174353387144778</a>
    <c>-0.847297860387204</c>
    <g>0.174353387144778</g>
    <t>0.174353387144778</t>
   </pm-column>
   <pm-column position='3'>
    <a>0.451985123743057</a>
    <c>0.566395474920801</c>
    <g>-0.479573080261886</g>
    <t>-3.04452243772342</t>
   </pm-column>
   <pm-column position='4'>
    <a>1.18958406687384</a>
    <c>-3.04452243772342</c>
    <g>-0.479573080261886</g>
    <t>-3.04452243772342</t>
   </pm-column>
   <pm-column position='5'>
    <a>-1.43508452528932</a>
    <c>1.12986483217221</c>
    <g>-3.04452243772342</g>
    <t>-0.479573080261886</t>
   </pm-column>
   <pm-column position='6'>
    <a>0.998528830111127</a>
    <c>-0.847297860387204</c>
    <g>-0.211309093667207</g>
    <t>-3.04452243772342</t>
   </pm-column>
   <pm-column position='7'>
    <a>0.998528830111127</a>
    <c>-3.04452243772342</c>
    <g>-0.847297860387204</g>
    <t>-0.211309093667207</t>
   </pm-column>
   <pm-column position='8'>
    <a>-3.04452243772342</a>
    <c>-3.04452243772342</c>
    <g>-3.04452243772342</g>
    <t>1.34992671694902</t>
   </pm-column>
   <pm-column position='9'>
    <a>0.451985123743057</a>
    <c>-1.43508452528932</c>
    <g>-1.43508452528932</g>
    <t>0.669049628980885</t>
   </pm-column>
   <pm-column position='10'>
    <a>1.29928298413026</a>
    <c>-3.04452243772342</c>
    <g>-3.04452243772342</g>
    <t>-1.43508452528932</t>
   </pm-column>
  </PWM>
  <word-list size='20'>
   <word score='6.63539694792094'>CACACCATAA</word>
   <word score='4.74832729888856'>CGCACAGTCA</word>
   <word score='3.21183537252749'>GCGGCGATAA</word>
   <word score='7.48845021987876'>CGCACGATTA</word>
   <word score='8.2611044002163'>AAAACAATTA</word>
   <word score='7.16567682761571'>GGCACATTTA</word>
   <word score='5.64013519217114'>TTGACATTTA</word>
   <word score='7.15697536346319'>CAAACATTAA</word>
   <word score='5.44182856400387'>GGAATGATTA</word>
   <word score='6.83420197120014'>GTAACATTAA</word>
   <word score='5.68470635672634'>ACCGCAATTA</word>
   <word score='6.73805110198102'>CAAACCATTA</word>
   <word score='5.87901230744466'>CGCATGATTA</word>
   <word score='8.04403989497848'>ATAACAATAA</word>
   <word score='8.04403989497848'>ATAACAATAA</word>
   <word score='5.93570462945608'>TGAACAGTTA</word>
   <word score='5.59350088869468'>GACAAAATAA</word>
   <word score='3.33507174404065'>TTCATAATAT</word>
   <word score='6.27138059712384'>ATCACAATGA</word>
   <word score='5.98316244133869'>CAGGCAATTA</word>
  </word-list>
 </motif>
</smallbismark>