<?xml version='1.0' encoding='UTF-8'?>
<smallbismark>
 <comment name='WARNING'>This is a draft version of small-BiSMark. Specification is the subject to change!</comment>
 <motif name='eve' id='EVE.MTF'>
  <PPM length='15'>
   <pm-column position='1'>
    <a>0.1</a>
    <c>0.85</c>
    <g>0.05</g>
    <t>0.0</t>
   </pm-column>
   <pm-column position='2'>
    <a>0.6</a>
    <c>0.2</c>
    <g>0.0</g>
    <t>0.2</t>
   </pm-column>
   <pm-column position='3'>
    <a>0.25</a>
    <c>0.1</c>
    <g>0.25</g>
    <t>0.4</t>
   </pm-column>
   <pm-column position='4'>
    <a>0.2</a>
    <c>0.25</c>
    <g>0.0</g>
    <t>0.55</t>
   </pm-column>
   <pm-column position='5'>
    <a>0.35</a>
    <c>0.25</c>
    <g>0.25</g>
    <t>0.15</t>
   </pm-column>
   <pm-column position='6'>
    <a>0.6</a>
    <c>0.35</c>
    <g>0.05</g>
    <t>0.0</t>
   </pm-column>
   <pm-column position='7'>
    <a>0.8</a>
    <c>0.0</c>
    <g>0.1</g>
    <t>0.1</t>
   </pm-column>
   <pm-column position='8'>
    <a>0.75</a>
    <c>0.05</c>
    <g>0.1</g>
    <t>0.1</t>
   </pm-column>
   <pm-column position='9'>
    <a>0.3</a>
    <c>0.2</c>
    <g>0.0</g>
    <t>0.5</t>
   </pm-column>
   <pm-column position='10'>
    <a>0.05</a>
    <c>0.1</c>
    <g>0.3</g>
    <t>0.55</t>
   </pm-column>
   <pm-column position='11'>
    <a>0.85</a>
    <c>0.0</c>
    <g>0.1</g>
    <t>0.05</t>
   </pm-column>
   <pm-column position='12'>
    <a>0.3</a>
    <c>0.0</c>
    <g>0.1</g>
    <t>0.6</t>
   </pm-column>
   <pm-column position='13'>
    <a>0.2</a>
    <c>0.05</c>
    <g>0.1</g>
    <t>0.65</t>
   </pm-column>
   <pm-column position='14'>
    <a>0.75</a>
    <c>0.0</c>
    <g>0.0</g>
    <t>0.25</t>
   </pm-column>
   <pm-column position='15'>
    <a>0.5</a>
    <c>0.45</c>
    <g>0.0</g>
    <t>0.05</t>
   </pm-column>
  </PPM>
  <PWM length='15'>
   <pm-column position='1'>
    <a>-0.847297860387204</a>
    <c>1.18958406687384</c>
    <g>-1.43508452528932</g>
    <t>-3.04452243772342</t>
   </pm-column>
   <pm-column position='2'>
    <a>0.847297860387204</a>
    <c>-0.211309093667207</c>
    <g>-3.04452243772342</g>
    <t>-0.211309093667207</t>
   </pm-column>
   <pm-column position='3'>
    <a>0.0</a>
    <c>-0.847297860387204</c>
    <g>0.0</g>
    <t>0.451985123743057</t>
   </pm-column>
   <pm-column position='4'>
    <a>-0.211309093667207</a>
    <c>0.0</c>
    <g>-3.04452243772342</g>
    <t>0.762140052046897</t>
   </pm-column>
   <pm-column position='5'>
    <a>0.322773392263051</a>
    <c>0.0</c>
    <g>0.0</g>
    <t>-0.479573080261886</t>
   </pm-column>
   <pm-column position='6'>
    <a>0.847297860387204</a>
    <c>0.322773392263051</c>
    <g>-1.43508452528932</g>
    <t>-3.04452243772342</t>
   </pm-column>
   <pm-column position='7'>
    <a>1.12986483217221</a>
    <c>-3.04452243772342</c>
    <g>-0.847297860387204</g>
    <t>-0.847297860387204</t>
   </pm-column>
   <pm-column position='8'>
    <a>1.06635142644989</a>
    <c>-1.43508452528932</c>
    <g>-0.847297860387204</g>
    <t>-0.847297860387204</t>
   </pm-column>
   <pm-column position='9'>
    <a>0.174353387144778</a>
    <c>-0.211309093667207</c>
    <g>-3.04452243772342</g>
    <t>0.669049628980885</t>
   </pm-column>
   <pm-column position='10'>
    <a>-1.43508452528932</a>
    <c>-0.847297860387204</c>
    <g>0.174353387144778</g>
    <t>0.762140052046897</t>
   </pm-column>
   <pm-column position='11'>
    <a>1.18958406687384</a>
    <c>-3.04452243772342</c>
    <g>-0.847297860387204</g>
    <t>-1.43508452528932</t>
   </pm-column>
   <pm-column position='12'>
    <a>0.174353387144778</a>
    <c>-3.04452243772342</c>
    <g>-0.847297860387204</g>
    <t>0.847297860387204</t>
   </pm-column>
   <pm-column position='13'>
    <a>-0.211309093667207</a>
    <c>-1.43508452528932</c>
    <g>-0.847297860387204</g>
    <t>0.925769475828699</t>
   </pm-column>
   <pm-column position='14'>
    <a>1.06635142644989</a>
    <c>-3.04452243772342</c>
    <g>-3.04452243772342</g>
    <t>0.0</t>
   </pm-column>
   <pm-column position='15'>
    <a>0.669049628980885</a>
    <c>0.566395474920801</c>
    <g>-3.04452243772342</g>
    <t>-1.43508452528932</t>
   </pm-column>
  </PWM>
  <word-list size='20'>
   <word score='8.61080778971233'>CAACCAAAATATTAT</word>
   <word score='3.00463321673348'>CACCGCAGCAAATTC</word>
   <word score='2.81650757947016'>CTGAGCGGCGATAAC</word>
   <word score='3.8140135873912'>CCGCACGATTAGCAC</word>
   <word score='10.0315130845483'>CATTTAAATTAAAAC</word>
   <word score='6.81808573744434'>CATTTAACTGGTTAA</word>
   <word score='8.96418956805973'>CATTTAATTTATTTA</word>
   <word score='12.0735922806292'>CATTAAAATTAATAA</word>
   <word score='4.44488449535522'>GCGAGGAATGATTAA</word>
   <word score='7.17501483552048'>AAGTAAATTTATTTC</word>
   <word score='7.9620943670313'>CACCGCAATTATGAC</word>
   <word score='7.44992550301483'>CTAACAAACCATTAA</word>
   <word score='7.40805173097382'>CATTACAAATTGTAA</word>
   <word score='10.0683039609956'>CCATAAAAATAATAA</word>
   <word score='7.54031031005654'>CAATAATAACAATAA</word>
   <word score='6.09587190106279'>CTTTCCAACGGTAAC</word>
   <word score='8.69360980757699'>CAGACAAAATAAAAA</word>
   <word score='8.79064331909857'>CTTTCATAATATTAC</word>
   <word score='7.76885221508755'>AATCACAATGATTTA</word>
   <word score='7.38331170218313'>CCATGAAATGATGTC</word>
  </word-list>
 </motif>
</smallbismark>