<?xml version='1.0' encoding='UTF-8'?>
<smallbismark>
 <comment name='WARNING'>This is a draft version of small-BiSMark. Specification is the subject to change!</comment>
 <motif name='eve' id='EVE.MTF'>
  <PPM length='13'>
   <pm-column position='1'>
    <a>0.15</a>
    <c>0.6</c>
    <g>0.15</g>
    <t>0.1</t>
   </pm-column>
   <pm-column position='2'>
    <a>0.5</a>
    <c>0.05</c>
    <g>0.45</g>
    <t>0.0</t>
   </pm-column>
   <pm-column position='3'>
    <a>0.45</a>
    <c>0.4</c>
    <g>0.05</g>
    <t>0.1</t>
   </pm-column>
   <pm-column position='4'>
    <a>0.8</a>
    <c>0.05</c>
    <g>0.1</g>
    <t>0.05</t>
   </pm-column>
   <pm-column position='5'>
    <a>0.25</a>
    <c>0.4</c>
    <g>0.0</g>
    <t>0.35</t>
   </pm-column>
   <pm-column position='6'>
    <a>0.4</a>
    <c>0.3</c>
    <g>0.15</g>
    <t>0.15</t>
   </pm-column>
   <pm-column position='7'>
    <a>0.75</a>
    <c>0.0</c>
    <g>0.2</g>
    <t>0.05</t>
   </pm-column>
   <pm-column position='8'>
    <a>0.05</a>
    <c>0.0</c>
    <g>0.0</g>
    <t>0.95</t>
   </pm-column>
   <pm-column position='9'>
    <a>0.05</a>
    <c>0.1</c>
    <g>0.0</g>
    <t>0.85</t>
   </pm-column>
   <pm-column position='10'>
    <a>0.95</a>
    <c>0.0</c>
    <g>0.05</g>
    <t>0.0</t>
   </pm-column>
   <pm-column position='11'>
    <a>0.45</a>
    <c>0.05</c>
    <g>0.25</g>
    <t>0.25</t>
   </pm-column>
   <pm-column position='12'>
    <a>0.25</a>
    <c>0.45</c>
    <g>0.3</g>
    <t>0.0</t>
   </pm-column>
   <pm-column position='13'>
    <a>0.35</a>
    <c>0.0</c>
    <g>0.5</g>
    <t>0.15</t>
   </pm-column>
  </PPM>
  <PWM length='13'>
   <pm-column position='1'>
    <a>-0.479573080261886</a>
    <c>0.847297860387204</c>
    <g>-0.479573080261886</g>
    <t>-0.847297860387204</t>
   </pm-column>
   <pm-column position='2'>
    <a>0.669049628980885</a>
    <c>-1.43508452528932</c>
    <g>0.566395474920801</g>
    <t>-3.04452243772342</t>
   </pm-column>
   <pm-column position='3'>
    <a>0.566395474920801</a>
    <c>0.451985123743057</c>
    <g>-1.43508452528932</g>
    <t>-0.847297860387204</t>
   </pm-column>
   <pm-column position='4'>
    <a>1.12986483217221</a>
    <c>-1.43508452528932</c>
    <g>-0.847297860387204</g>
    <t>-1.43508452528932</t>
   </pm-column>
   <pm-column position='5'>
    <a>0.0</a>
    <c>0.451985123743057</c>
    <g>-3.04452243772342</g>
    <t>0.322773392263051</t>
   </pm-column>
   <pm-column position='6'>
    <a>0.451985123743057</a>
    <c>0.174353387144778</c>
    <g>-0.479573080261886</g>
    <t>-0.479573080261886</t>
   </pm-column>
   <pm-column position='7'>
    <a>1.06635142644989</a>
    <c>-3.04452243772342</c>
    <g>-0.211309093667207</g>
    <t>-1.43508452528932</t>
   </pm-column>
   <pm-column position='8'>
    <a>-1.43508452528932</a>
    <c>-3.04452243772342</c>
    <g>-3.04452243772342</g>
    <t>1.29928298413026</t>
   </pm-column>
   <pm-column position='9'>
    <a>-1.43508452528932</a>
    <c>-0.847297860387204</c>
    <g>-3.04452243772342</g>
    <t>1.18958406687384</t>
   </pm-column>
   <pm-column position='10'>
    <a>1.29928298413026</a>
    <c>-3.04452243772342</c>
    <g>-1.43508452528932</g>
    <t>-3.04452243772342</t>
   </pm-column>
   <pm-column position='11'>
    <a>0.566395474920801</a>
    <c>-1.43508452528932</c>
    <g>0.0</g>
    <t>0.0</t>
   </pm-column>
   <pm-column position='12'>
    <a>0.0</a>
    <c>0.566395474920801</c>
    <g>0.174353387144778</g>
    <t>-3.04452243772342</t>
   </pm-column>
   <pm-column position='13'>
    <a>0.322773392263051</a>
    <c>-3.04452243772342</c>
    <g>0.669049628980885</g>
    <t>-0.479573080261886</t>
   </pm-column>
  </PWM>
  <word-list size='20'>
   <word score='8.43093919390913'>CAAAATATTATGG</word>
   <word score='6.67491765681719'>CGCACAGTCAGCG</word>
   <word score='5.7400067585384'>CGCCTCGTTATCG</word>
   <word score='8.71162566347255'>CGCACGATTAGCA</word>
   <word score='7.73103095954129'>AAAACAATTAGCT</word>
   <word score='5.57892597748505'>GGCACATTTAACT</word>
   <word score='6.19432265929079'>CAAATAAATAAAT</word>
   <word score='7.47835386655108'>CAATACATTAACG</word>
   <word score='7.71622957923903'>GGAATGATTAAAG</word>
   <word score='6.63368931907464'>AGTAACATTAAAG</word>
   <word score='3.94562814628283'>ACCGCAATTATGA</word>
   <word score='10.1490121110378'>CAAACCATTAACA</word>
   <word score='8.53664808093435'>CGCATGATTAGGG</word>
   <word score='8.17574438451994'>CAAATCGTTAAAA</word>
   <word score='6.99446239550942'>CACATTATCAGCG</word>
   <word score='5.69652968919224'>TGAACAGTTACCG</word>
   <word score='5.34231336498227'>GACAAAATAAAAA</word>
   <word score='6.5683154678232'>CGTAATATTATGA</word>
   <word score='4.63239958666702'>TAAATCATTGTGA</word>
   <word score='6.40223530380839'>CAGGCAATTAAGG</word>
  </word-list>
 </motif>
</smallbismark>