<?xml version='1.0' encoding='UTF-8'?>
<smallbismark>
 <comment name='WARNING'>This is a draft version of small-BiSMark. Specification is the subject to change!</comment>
 <motif name='Kr' id='KR.MTF'>
  <comment name='discrete information content by position'>[-1.21578048800644, -1.25472758935957, -1.03377723477436, -0.168685602748635, -0.683484744837739, -1.04337239958385, -0.236864556861412, -0.64989680030146, -0.596110841888278, -0.393437369682261, -0.948089822801564, -0.945472422007898, -1.19133577980594]</comment>
  <comment name='discrete information content'>-10.3610356526594</comment>
  <comment name='number of sequences in the corresponding alignment'>45</comment>
  <PPM length='13'>
   <pm-column position='1'>
    <a>0.244444444444444</a>
    <c>0.2</c>
    <g>0.377777777777778</g>
    <t>0.177777777777778</t>
   </pm-column>
   <pm-column position='2'>
    <a>0.222222222222222</a>
    <c>0.288888888888889</c>
    <g>0.244444444444444</g>
    <t>0.244444444444444</t>
   </pm-column>
   <pm-column position='3'>
    <a>0.533333333333333</a>
    <c>0.155555555555556</c>
    <g>0.244444444444444</g>
    <t>0.0666666666666667</t>
   </pm-column>
   <pm-column position='4'>
    <a>0.955555555555556</a>
    <c>0.0222222222222222</c>
    <g>0.0222222222222222</g>
    <t>0.0</t>
   </pm-column>
   <pm-column position='5'>
    <a>0.733333333333333</a>
    <c>0.155555555555556</c>
    <g>0.0</g>
    <t>0.111111111111111</t>
   </pm-column>
   <pm-column position='6'>
    <a>0.555555555555556</a>
    <c>0.2</c>
    <g>0.111111111111111</g>
    <t>0.133333333333333</t>
   </pm-column>
   <pm-column position='7'>
    <a>0.0222222222222222</a>
    <c>0.0</c>
    <g>0.933333333333333</g>
    <t>0.0444444444444444</t>
   </pm-column>
   <pm-column position='8'>
    <a>0.177777777777778</a>
    <c>0.0444444444444444</c>
    <g>0.755555555555556</g>
    <t>0.0222222222222222</t>
   </pm-column>
   <pm-column position='9'>
    <a>0.111111111111111</a>
    <c>0.0666666666666667</c>
    <g>0.8</g>
    <t>0.0222222222222222</t>
   </pm-column>
   <pm-column position='10'>
    <a>0.0222222222222222</a>
    <c>0.0</c>
    <g>0.111111111111111</g>
    <t>0.866666666666667</t>
   </pm-column>
   <pm-column position='11'>
    <a>0.111111111111111</a>
    <c>0.0888888888888889</c>
    <g>0.177777777777778</g>
    <t>0.622222222222222</t>
   </pm-column>
   <pm-column position='12'>
    <a>0.6</a>
    <c>0.0444444444444444</c>
    <g>0.2</g>
    <t>0.155555555555556</t>
   </pm-column>
   <pm-column position='13'>
    <a>0.355555555555556</a>
    <c>0.244444444444444</c>
    <g>0.111111111111111</g>
    <t>0.288888888888889</t>
   </pm-column>
  </PPM>
  <PWM length='13'>
   <pm-column position='1'>
    <a>-0.0219789067187752</a>
    <c>-0.217723483844871</c>
    <g>0.405465108108164</g>
    <t>-0.332133835022615</t>
   </pm-column>
   <pm-column position='2'>
    <a>-0.115069329784787</a>
    <c>0.141650517063027</c>
    <g>-0.0219789067187752</g>
    <t>-0.0219789067187752</t>
   </pm-column>
   <pm-column position='3'>
    <a>0.746069582014288</a>
    <c>-0.461345566502621</c>
    <g>-0.0219789067187752</g>
    <t>-1.26369203902756</t>
   </pm-column>
   <pm-column position='4'>
    <a>1.32465019800868</a>
    <c>-2.21920348405499</c>
    <g>-2.21920348405499</g>
    <t>-3.8286413964891</t>
   </pm-column>
   <pm-column position='5'>
    <a>1.06170773173266</a>
    <c>-0.461345566502621</c>
    <g>-3.8286413964891</g>
    <t>-0.784118958765672</t>
   </pm-column>
   <pm-column position='6'>
    <a>0.786479120352165</a>
    <c>-0.217723483844871</c>
    <g>-0.784118958765672</g>
    <t>-0.609765571620894</t>
   </pm-column>
   <pm-column position='7'>
    <a>-2.21920348405499</a>
    <c>-3.8286413964891</c>
    <g>1.30125731843398</g>
    <t>-1.63141681915288</t>
   </pm-column>
   <pm-column position='8'>
    <a>-0.332133835022615</a>
    <c>-1.63141681915288</c>
    <g>1.09133952933903</g>
    <t>-2.21920348405499</t>
   </pm-column>
   <pm-column position='9'>
    <a>-0.784118958765672</a>
    <c>-1.26369203902756</c>
    <g>1.14809234593148</g>
    <t>-2.21920348405499</t>
   </pm-column>
   <pm-column position='10'>
    <a>-2.21920348405499</a>
    <c>-3.8286413964891</c>
    <g>-0.784118958765672</g>
    <t>1.22760440885921</t>
   </pm-column>
   <pm-column position='11'>
    <a>-0.784118958765672</a>
    <c>-0.995428052432879</c>
    <g>-0.332133835022615</g>
    <t>0.898746422223246</t>
   </pm-column>
   <pm-column position='12'>
    <a>0.862706485740049</a>
    <c>-1.63141681915288</c>
    <g>-0.217723483844871</g>
    <t>-0.461345566502621</t>
   </pm-column>
   <pm-column position='13'>
    <a>0.345745873406542</a>
    <c>-0.0219789067187752</c>
    <g>-0.784118958765672</g>
    <t>0.141650517063027</t>
   </pm-column>
  </PWM>
  <word-list size='45'>
   <word score='6.12896246919018'>TCGAAGGGATTAT</word>
   <word score='9.02710988905315'>ACAAAAGGGTAAT</word>
   <word score='6.73026832955927'>GCAAAAGGATGGC</word>
   <word score='8.12331625338486'>AGAAATGGGTGAA</word>
   <word score='5.29451284274703'>ATTATTGGGTTAT</word>
   <word score='4.16283351801539'>AGTACCGGGTAAC</word>
   <word score='1.78774002747984'>GTAACTGGGACAG</word>
   <word score='8.40510073231834'>GCAAACGGATTAA</word>
   <word score='2.96563275635458'>GGCACAGCGTGTT</word>
   <word score='3.29405415337765'>GGAATCGAGGGAC</word>
   <word score='3.29405415337765'>GGAATCGAGGGAC</word>
   <word score='6.3413356534891'>GAGACCGGGTTGC</word>
   <word score='5.07128705903382'>GCCAAGGGCTTGA</word>
   <word score='4.16427546027568'>GACAAGGGATTGG</word>
   <word score='5.20319299336148'>TCGAAGGGATTAG</word>
   <word score='7.43130327892583'>CGAACTGGGTTAT</word>
   <word score='9.45740359821464'>CAAAACGGGTTAA</word>
   <word score='4.49364791147421'>TTTAACTGGTTAA</word>
   <word score='4.98647088165021'>TAGAAGGAGTGAC</word>
   <word score='2.57498116577801'>CAAGCTGAGTTAA</word>
   <word score='6.01886374571871'>GGGAAAGTGTTGA</word>
   <word score='8.27869323654583'>GGCAAAGGGTTTC</word>
   <word score='6.08266734080354'>ACCAAAGGGTTCG</word>
   <word score='6.81493146417756'>CTCAACGGGTTTT</word>
   <word score='7.28177332871957'>CAGAAAGGCTTAA</word>
   <word score='5.75840622571925'>CTGAACGGGTCAG</word>
   <word score='7.44637422657986'>CCGAAAGAGTTGA</word>
   <word score='2.61216889814043'>TTAAAATGTTTTT</word>
   <word score='8.92973025625349'>GCAAAAGGCTTAA</word>
   <word score='0.878548093887416'>ACACCAAGGTTGC</word>
   <word score='9.12920337095159'>AAAAAAGGGTTTT</word>
   <word score='6.39566070401295'>CGCAAAGAGTTTT</word>
   <word score='5.81648462159501'>GGGATAGAGTTTA</word>
   <word score='10.0725614941746'>TTAAAAGGGTTAC</word>
   <word score='8.92372248687229'>TAAAAAGAGTTAA</word>
   <word score='10.7504412026038'>ATAAAAGGGTTAA</word>
   <word score='10.7504412026038'>ATAAAAGGGTTAA</word>
   <word score='9.43380072333105'>CCAAAAGGGTTGT</word>
   <word score='4.35763379275354'>ATAAAAGGGGACT</word>
   <word score='7.84062034750791'>TCAAAAGGGTAGA</word>
   <word score='9.19783405703228'>GAAAAAGGGTAAT</word>
   <word score='0.407236577911361'>AGGATTGCGGGAC</word>
   <word score='6.97480159574018'>GAAAAAGGGGCAT</word>
   <word score='9.07961538643108'>GCAAAAGGGTCAC</word>
   <word score='9.1789564714518'>GTGAAAGGGTGAA</word>
  </word-list>
 </motif>
</smallbismark>