<?xml version='1.0' encoding='UTF-8'?>
<smallbismark>
 <comment name='WARNING'>This is a draft version of small-BiSMark. Specification is the subject to change!</comment>
 <motif name='Kr' id='KR.MTF'>
  <comment name='discrete information content by position'>[-0.38704443473628, -0.727760970719742, -1.08067086144876, -0.212450950447838, -0.500464950926913, -0.635927718982236, -0.362630828322706]</comment>
  <comment name='discrete information content'>-3.90695071558447</comment>
  <comment name='number of sequences in the corresponding alignment'>45</comment>
  <PPM length='7'>
   <pm-column position='1'>
    <a>0.888888888888889</a>
    <c>0.0444444444444444</c>
    <g>0.0444444444444444</g>
    <t>0.0222222222222222</t>
   </pm-column>
   <pm-column position='2'>
    <a>0.688888888888889</a>
    <c>0.222222222222222</c>
    <g>0.0</g>
    <t>0.0888888888888889</t>
   </pm-column>
   <pm-column position='3'>
    <a>0.533333333333333</a>
    <c>0.177777777777778</c>
    <g>0.133333333333333</g>
    <t>0.155555555555556</t>
   </pm-column>
   <pm-column position='4'>
    <a>0.0</a>
    <c>0.0</c>
    <g>0.933333333333333</g>
    <t>0.0666666666666667</t>
   </pm-column>
   <pm-column position='5'>
    <a>0.133333333333333</a>
    <c>0.0444444444444444</c>
    <g>0.822222222222222</g>
    <t>0.0</t>
   </pm-column>
   <pm-column position='6'>
    <a>0.133333333333333</a>
    <c>0.0666666666666667</c>
    <g>0.777777777777778</g>
    <t>0.0222222222222222</t>
   </pm-column>
   <pm-column position='7'>
    <a>0.0444444444444444</a>
    <c>0.0</c>
    <g>0.0666666666666667</g>
    <t>0.888888888888889</t>
   </pm-column>
  </PPM>
  <PWM length='7'>
   <pm-column position='1'>
    <a>1.25276296849537</a>
    <c>-1.63141681915288</c>
    <g>-1.63141681915288</g>
    <t>-2.21920348405499</t>
   </pm-column>
   <pm-column position='2'>
    <a>0.999672340813206</a>
    <c>-0.115069329784787</c>
    <g>-3.8286413964891</g>
    <t>-0.995428052432879</t>
   </pm-column>
   <pm-column position='3'>
    <a>0.746069582014288</a>
    <c>-0.332133835022615</c>
    <g>-0.609765571620894</g>
    <t>-0.461345566502621</t>
   </pm-column>
   <pm-column position='4'>
    <a>-3.8286413964891</a>
    <c>-3.8286413964891</c>
    <g>1.30125731843398</g>
    <t>-1.26369203902756</t>
   </pm-column>
   <pm-column position='5'>
    <a>-0.609765571620894</a>
    <c>-1.63141681915288</c>
    <g>1.17530490945636</g>
    <t>-3.8286413964891</t>
   </pm-column>
   <pm-column position='6'>
    <a>-0.609765571620894</a>
    <c>-1.26369203902756</c>
    <g>1.12011849388907</g>
    <t>-2.21920348405499</t>
   </pm-column>
   <pm-column position='7'>
    <a>-1.63141681915288</a>
    <c>-3.8286413964891</c>
    <g>-1.26369203902756</g>
    <t>1.25276296849537</t>
   </pm-column>
  </PWM>
  <word-list size='45'>
   <word score='4.7622293624525'>AAGGGAT</word>
   <word score='7.84794858159765'>AAAGGGT</word>
   <word score='6.11806451608768'>AAAGGAT</word>
   <word score='6.64053343308074'>AATGGGT</word>
   <word score='4.64543303983465'>ATTGGGT</word>
   <word score='5.65500349396275'>ACCGGGT</word>
   <word score='2.6416119748345'>ACTGGGA</word>
   <word score='5.03986109905078'>AACGGAT</word>
   <word score='3.92648518239041'>ACAGCGT</word>
   <word score='1.86241721077724'>ACGGAAT</word>
   <word score='3.84902712335141'>CCAGGGT</word>
   <word score='5.65500349396275'>ACCGGGT</word>
   <word score='4.10830289504583'>AAGGGCT</word>
   <word score='4.7622293624525'>AAGGGAT</word>
   <word score='4.7622293624525'>AAGGGAT</word>
   <word score='5.52579176248274'>ACTGGGT</word>
   <word score='6.76974516456074'>AACGGGT</word>
   <word score='4.20479580709921'>AACTGGT</word>
   <word score='4.70704294688521'>AAGGAGT</word>
   <word score='0.856541493757242'>GCTGAGT</word>
   <word score='0.964847335703165'>GCAGGGA</word>
   <word score='7.84794858159765'>AAAGGGT</word>
   <word score='7.84794858159765'>AAAGGGT</word>
   <word score='6.76974516456074'>AACGGGT</word>
   <word score='5.46413804868101'>AAAGGCT</word>
   <word score='6.76974516456074'>AACGGGT</word>
   <word score='1.3026783187643'>TTCGGGT</word>
   <word score='1.94367724619204'>AAATGTT</word>
   <word score='5.46413804868101'>AAAGGCT</word>
   <word score='0.0766626173729634'>CCTTGGT</word>
   <word score='7.84794858159765'>AAAGGGT</word>
   <word score='6.06287810052039'>AAAGAGT</word>
   <word score='4.0677777072743'>ATAGAGT</word>
   <word score='7.84794858159765'>AAAGGGT</word>
   <word score='6.06287810052039'>AAAGAGT</word>
   <word score='7.84794858159765'>AAAGGGT</word>
   <word score='7.84794858159765'>AAAGGGT</word>
   <word score='7.84794858159765'>AAAGGGT</word>
   <word score='5.33149357407472'>AAAGGGG</word>
   <word score='7.84794858159765'>AAAGGGT</word>
   <word score='7.84794858159765'>AAAGGGT</word>
   <word score='-0.677743696297514'>ATTGCGG</word>
   <word score='5.33149357407472'>AAAGGGG</word>
   <word score='7.84794858159765'>AAAGGGT</word>
   <word score='7.84794858159765'>AAAGGGT</word>
  </word-list>
 </motif>
</smallbismark>