<?xml version='1.0' encoding='UTF-8'?>
<smallbismark>
 <comment name='WARNING'>This is a draft version of small-BiSMark. Specification is the subject to change!</comment>
 <motif name='gt' id='GT.MTF'>
  <comment name='discrete information content by position'>[-0.531061905256154, -0.503168961341894, -0.640495497418073, -0.531061905256154, -0.416525563764566, -0.531061905256154, -0.25993019270998, -0.25993019270998, -0.531061905256154, -0.503168961341894, -0.503168961341719, 0.0, -0.503168961341894, -0.531061905256154]</comment>
  <comment name='discrete information content'>-6.24486681825077</comment>
  <comment name='number of sequences in the corresponding alignment'>8</comment>
  <PPM length='14'>
   <pm-column position='1'>
    <a>0.5</a>
    <c>0.0</c>
    <g>0.0</g>
    <t>0.5</t>
   </pm-column>
   <pm-column position='2'>
    <a>0.75</a>
    <c>0.125</c>
    <g>0.125</g>
    <t>0.0</t>
   </pm-column>
   <pm-column position='3'>
    <a>0.25</a>
    <c>0.0</c>
    <g>0.125</g>
    <t>0.625</t>
   </pm-column>
   <pm-column position='4'>
    <a>0.5</a>
    <c>0.0</c>
    <g>0.0</g>
    <t>0.5</t>
   </pm-column>
   <pm-column position='5'>
    <a>0.75</a>
    <c>0.0</c>
    <g>0.25</g>
    <t>0.0</t>
   </pm-column>
   <pm-column position='6'>
    <a>0.5</a>
    <c>0.5</c>
    <g>0.0</g>
    <t>0.0</t>
   </pm-column>
   <pm-column position='7'>
    <a>0.0</a>
    <c>0.125</c>
    <g>0.875</g>
    <t>0.0</t>
   </pm-column>
   <pm-column position='8'>
    <a>0.0</a>
    <c>0.125</c>
    <g>0.0</g>
    <t>0.875</t>
   </pm-column>
   <pm-column position='9'>
    <a>0.5</a>
    <c>0.5</c>
    <g>0.0</g>
    <t>0.0</t>
   </pm-column>
   <pm-column position='10'>
    <a>0.75</a>
    <c>0.125</c>
    <g>0.0</g>
    <t>0.125</t>
   </pm-column>
   <pm-column position='11'>
    <a>0.625</a>
    <c>0.0</c>
    <g>0.0</g>
    <t>0.375</t>
   </pm-column>
   <pm-column position='12'>
    <a>1.0</a>
    <c>0.0</c>
    <g>0.0</g>
    <t>0.0</t>
   </pm-column>
   <pm-column position='13'>
    <a>0.75</a>
    <c>0.125</c>
    <g>0.0</g>
    <t>0.125</t>
   </pm-column>
   <pm-column position='14'>
    <a>0.5</a>
    <c>0.0</c>
    <g>0.0</g>
    <t>0.5</t>
   </pm-column>
  </PPM>
  <PWM length='14'>
   <pm-column position='1'>
    <a>0.635988766719997</a>
    <c>-2.19722457733622</c>
    <g>-2.19722457733622</g>
    <t>0.635988766719997</t>
   </pm-column>
   <pm-column position='2'>
    <a>1.02165124753198</a>
    <c>-0.587786664902119</c>
    <g>-0.587786664902119</g>
    <t>-2.19722457733622</t>
   </pm-column>
   <pm-column position='3'>
    <a>0.0</a>
    <c>-2.19722457733622</c>
    <g>-0.587786664902119</g>
    <t>0.847297860387204</t>
   </pm-column>
   <pm-column position='4'>
    <a>0.635988766719997</a>
    <c>-2.19722457733622</c>
    <g>-2.19722457733622</g>
    <t>0.635988766719997</t>
   </pm-column>
   <pm-column position='5'>
    <a>1.02165124753198</a>
    <c>-2.19722457733622</c>
    <g>0.0</g>
    <t>-2.19722457733622</t>
   </pm-column>
   <pm-column position='6'>
    <a>0.635988766719997</a>
    <c>0.635988766719997</c>
    <g>-2.19722457733622</g>
    <t>-2.19722457733622</t>
   </pm-column>
   <pm-column position='7'>
    <a>-2.19722457733622</a>
    <c>-0.587786664902119</c>
    <g>1.17007125265025</g>
    <t>-2.19722457733622</t>
   </pm-column>
   <pm-column position='8'>
    <a>-2.19722457733622</a>
    <c>-0.587786664902119</c>
    <g>-2.19722457733622</g>
    <t>1.17007125265025</t>
   </pm-column>
   <pm-column position='9'>
    <a>0.635988766719997</a>
    <c>0.635988766719997</c>
    <g>-2.19722457733622</g>
    <t>-2.19722457733622</t>
   </pm-column>
   <pm-column position='10'>
    <a>1.02165124753198</a>
    <c>-0.587786664902119</c>
    <g>-2.19722457733622</g>
    <t>-0.587786664902119</t>
   </pm-column>
   <pm-column position='11'>
    <a>0.847297860387204</a>
    <c>-2.19722457733622</c>
    <g>-2.19722457733622</g>
    <t>0.367724780125317</t>
   </pm-column>
   <pm-column position='12'>
    <a>1.29928298413026</a>
    <c>-2.19722457733622</c>
    <g>-2.19722457733622</g>
    <t>-2.19722457733622</t>
   </pm-column>
   <pm-column position='13'>
    <a>1.02165124753198</a>
    <c>-0.587786664902119</c>
    <g>-2.19722457733622</g>
    <t>-0.587786664902119</t>
   </pm-column>
   <pm-column position='14'>
    <a>0.635988766719997</a>
    <c>-2.19722457733622</c>
    <g>-2.19722457733622</g>
    <t>0.635988766719997</t>
   </pm-column>
  </PWM>
  <word-list size='8'>
   <word score='9.34148778858684'>AATTGACTAATAAT</word>
   <word score='9.38169420906489'>AATAAAGTCTAACT</word>
   <word score='10.6859124283819'>TAGAAAGTCATAAA</word>
   <word score='9.48990779370512'>TCTTGCGTCATAAA</word>
   <word score='9.38169420906489'>TGTTACGTAAAATT</word>
   <word score='8.38597634355941'>AAAAACGCACAAAA</word>
   <word score='11.7532721735459'>AAAAAAGTCAAAAA</word>
   <word score='12.6005700339331'>TATTACGTAAAAAT</word>
  </word-list>
 </motif>
</smallbismark>