<?xml version='1.0' encoding='UTF-8'?>
<smallbismark>
 <comment name='WARNING'>This is a draft version of small-BiSMark. Specification is the subject to change!</comment>
 <motif name='gt' id='GT.MTF'>
  <comment name='discrete information content by position'>[-0.25993019270998, -0.503168961341894, -0.503168961341719, 0.0, -0.503168961341719, 0.0, -0.416525563764566, -0.503168961341719]</comment>
  <comment name='discrete information content'>-2.6891316018416</comment>
  <comment name='number of sequences in the corresponding alignment'>8</comment>
  <PPM length='8'>
   <pm-column position='1'>
    <a>0.0</a>
    <c>0.125</c>
    <g>0.875</g>
    <t>0.0</t>
   </pm-column>
   <pm-column position='2'>
    <a>0.0</a>
    <c>0.125</c>
    <g>0.125</g>
    <t>0.75</t>
   </pm-column>
   <pm-column position='3'>
    <a>0.625</a>
    <c>0.375</c>
    <g>0.0</g>
    <t>0.0</t>
   </pm-column>
   <pm-column position='4'>
    <a>1.0</a>
    <c>0.0</c>
    <g>0.0</g>
    <t>0.0</t>
   </pm-column>
   <pm-column position='5'>
    <a>0.375</a>
    <c>0.0</c>
    <g>0.0</g>
    <t>0.625</t>
   </pm-column>
   <pm-column position='6'>
    <a>1.0</a>
    <c>0.0</c>
    <g>0.0</g>
    <t>0.0</t>
   </pm-column>
   <pm-column position='7'>
    <a>0.75</a>
    <c>0.0</c>
    <g>0.0</g>
    <t>0.25</t>
   </pm-column>
   <pm-column position='8'>
    <a>0.625</a>
    <c>0.0</c>
    <g>0.0</g>
    <t>0.375</t>
   </pm-column>
  </PPM>
  <PWM length='8'>
   <pm-column position='1'>
    <a>-2.19722457733622</a>
    <c>-0.587786664902119</c>
    <g>1.17007125265025</g>
    <t>-2.19722457733622</t>
   </pm-column>
   <pm-column position='2'>
    <a>-2.19722457733622</a>
    <c>-0.587786664902119</c>
    <g>-0.587786664902119</g>
    <t>1.02165124753198</t>
   </pm-column>
   <pm-column position='3'>
    <a>0.847297860387204</a>
    <c>0.367724780125317</c>
    <g>-2.19722457733622</g>
    <t>-2.19722457733622</t>
   </pm-column>
   <pm-column position='4'>
    <a>1.29928298413026</a>
    <c>-2.19722457733622</c>
    <g>-2.19722457733622</g>
    <t>-2.19722457733622</t>
   </pm-column>
   <pm-column position='5'>
    <a>0.367724780125317</a>
    <c>-2.19722457733622</c>
    <g>-2.19722457733622</g>
    <t>0.847297860387204</t>
   </pm-column>
   <pm-column position='6'>
    <a>1.29928298413026</a>
    <c>-2.19722457733622</c>
    <g>-2.19722457733622</g>
    <t>-2.19722457733622</t>
   </pm-column>
   <pm-column position='7'>
    <a>1.02165124753198</a>
    <c>-2.19722457733622</c>
    <g>-2.19722457733622</g>
    <t>0.0</t>
   </pm-column>
   <pm-column position='8'>
    <a>0.847297860387204</a>
    <c>-2.19722457733622</c>
    <g>-2.19722457733622</g>
    <t>0.367724780125317</t>
   </pm-column>
  </PWM>
  <word-list size='8'>
   <word score='6.11640229932209'>CTAATAAT</word>
   <word score='6.74439538470225'>GCAATAAA</word>
   <word score='7.87426021687446'>GTCATAAA</word>
   <word score='7.87426021687446'>GTCATAAA</word>
   <word score='6.37303588908059'>GTAAAATT</word>
   <word score='6.26482230444036'>GGAAAAAA</word>
   <word score='7.39468713661258'>GTCAAAAA</word>
   <word score='6.85260896934248'>GTAATATT</word>
  </word-list>
 </motif>
</smallbismark>