<?xml version='1.0' encoding='UTF-8'?>
<smallbismark>
 <comment name='WARNING'>This is a draft version of small-BiSMark. Specification is the subject to change!</comment>
 <motif name='gt' id='GT.MTF'>
  <PPM length='12'>
   <pm-column position='1'>
    <a>0.0</a>
    <c>0.125</c>
    <g>0.25</g>
    <t>0.625</t>
   </pm-column>
   <pm-column position='2'>
    <a>0.5</a>
    <c>0.5</c>
    <g>0.0</g>
    <t>0.0</t>
   </pm-column>
   <pm-column position='3'>
    <a>1.0</a>
    <c>0.0</c>
    <g>0.0</g>
    <t>0.0</t>
   </pm-column>
   <pm-column position='4'>
    <a>0.25</a>
    <c>0.0</c>
    <g>0.0</g>
    <t>0.75</t>
   </pm-column>
   <pm-column position='5'>
    <a>1.0</a>
    <c>0.0</c>
    <g>0.0</g>
    <t>0.0</t>
   </pm-column>
   <pm-column position='6'>
    <a>1.0</a>
    <c>0.0</c>
    <g>0.0</g>
    <t>0.0</t>
   </pm-column>
   <pm-column position='7'>
    <a>0.625</a>
    <c>0.0</c>
    <g>0.0</g>
    <t>0.375</t>
   </pm-column>
   <pm-column position='8'>
    <a>0.25</a>
    <c>0.375</c>
    <g>0.375</g>
    <t>0.0</t>
   </pm-column>
   <pm-column position='9'>
    <a>0.25</a>
    <c>0.0</c>
    <g>0.125</g>
    <t>0.625</t>
   </pm-column>
   <pm-column position='10'>
    <a>0.0</a>
    <c>0.625</c>
    <g>0.0</g>
    <t>0.375</t>
   </pm-column>
   <pm-column position='11'>
    <a>0.625</a>
    <c>0.0</c>
    <g>0.25</g>
    <t>0.125</t>
   </pm-column>
   <pm-column position='12'>
    <a>0.375</a>
    <c>0.625</c>
    <g>0.0</g>
    <t>0.0</t>
   </pm-column>
  </PPM>
  <PWM length='12'>
   <pm-column position='1'>
    <a>-2.19722457733622</a>
    <c>-0.587786664902119</c>
    <g>0.0</g>
    <t>0.847297860387204</t>
   </pm-column>
   <pm-column position='2'>
    <a>0.635988766719997</a>
    <c>0.635988766719997</c>
    <g>-2.19722457733622</g>
    <t>-2.19722457733622</t>
   </pm-column>
   <pm-column position='3'>
    <a>1.29928298413026</a>
    <c>-2.19722457733622</c>
    <g>-2.19722457733622</g>
    <t>-2.19722457733622</t>
   </pm-column>
   <pm-column position='4'>
    <a>0.0</a>
    <c>-2.19722457733622</c>
    <g>-2.19722457733622</g>
    <t>1.02165124753198</t>
   </pm-column>
   <pm-column position='5'>
    <a>1.29928298413026</a>
    <c>-2.19722457733622</c>
    <g>-2.19722457733622</g>
    <t>-2.19722457733622</t>
   </pm-column>
   <pm-column position='6'>
    <a>1.29928298413026</a>
    <c>-2.19722457733622</c>
    <g>-2.19722457733622</g>
    <t>-2.19722457733622</t>
   </pm-column>
   <pm-column position='7'>
    <a>0.847297860387204</a>
    <c>-2.19722457733622</c>
    <g>-2.19722457733622</g>
    <t>0.367724780125317</t>
   </pm-column>
   <pm-column position='8'>
    <a>0.0</a>
    <c>0.367724780125317</c>
    <g>0.367724780125317</g>
    <t>-2.19722457733622</t>
   </pm-column>
   <pm-column position='9'>
    <a>0.0</a>
    <c>-2.19722457733622</c>
    <g>-0.587786664902119</g>
    <t>0.847297860387204</t>
   </pm-column>
   <pm-column position='10'>
    <a>-2.19722457733622</a>
    <c>0.847297860387204</c>
    <g>-2.19722457733622</g>
    <t>0.367724780125317</t>
   </pm-column>
   <pm-column position='11'>
    <a>0.847297860387204</a>
    <c>-2.19722457733622</c>
    <g>0.0</g>
    <t>-0.587786664902119</t>
   </pm-column>
   <pm-column position='12'>
    <a>0.367724780125317</a>
    <c>0.847297860387204</c>
    <g>-2.19722457733622</g>
    <t>-2.19722457733622</t>
   </pm-column>
  </PWM>
  <word-list size='8'>
   <word score='9.68012996844221'>TAATAATCTCGC</word>
   <word score='7.65725877825077'>CAATAAAGTCTA</word>
   <word score='9.79197826857878'>TCATAAAAACAC</word>
   <word score='8.35325902779312'>TCATAAACATGA</word>
   <word score='9.20055688818032'>GCATAATGTTAC</word>
   <word score='7.70296727588279'>GAAAAAACGCAC</word>
   <word score='9.50577658129743'>TAAAAAAGTCAA</word>
   <word score='9.68012996844221'>TCATAATATTAC</word>
  </word-list>
 </motif>
</smallbismark>