<?xml version='1.0' encoding='UTF-8'?>
<smallbismark>
 <comment name='WARNING'>This is a draft version of small-BiSMark. Specification is the subject to change!</comment>
 <motif name='br-Z3' id='BR_Z3.MTF'>
  <PPM length='10'>
   <pm-column position='1'>
    <a>0.125</a>
    <c>0.3125</c>
    <g>0.0</g>
    <t>0.5625</t>
   </pm-column>
   <pm-column position='2'>
    <a>0.625</a>
    <c>0.0625</c>
    <g>0.0</g>
    <t>0.3125</t>
   </pm-column>
   <pm-column position='3'>
    <a>0.3125</a>
    <c>0.25</c>
    <g>0.0</g>
    <t>0.4375</t>
   </pm-column>
   <pm-column position='4'>
    <a>0.0</a>
    <c>0.0</c>
    <g>0.0</g>
    <t>1.0</t>
   </pm-column>
   <pm-column position='5'>
    <a>0.75</a>
    <c>0.0</c>
    <g>0.0</g>
    <t>0.25</t>
   </pm-column>
   <pm-column position='6'>
    <a>0.0</a>
    <c>0.0</c>
    <g>0.75</g>
    <t>0.25</t>
   </pm-column>
   <pm-column position='7'>
    <a>0.125</a>
    <c>0.0625</c>
    <g>0.0</g>
    <t>0.8125</t>
   </pm-column>
   <pm-column position='8'>
    <a>0.125</a>
    <c>0.0</c>
    <g>0.0625</g>
    <t>0.8125</t>
   </pm-column>
   <pm-column position='9'>
    <a>0.3125</a>
    <c>0.0</c>
    <g>0.1875</g>
    <t>0.5</t>
   </pm-column>
   <pm-column position='10'>
    <a>0.4375</a>
    <c>0.25</c>
    <g>0.0</g>
    <t>0.3125</t>
   </pm-column>
  </PPM>
  <PWM length='10'>
   <pm-column position='1'>
    <a>-0.635988766719997</a>
    <c>0.211309093667207</c>
    <g>-2.83321334405622</g>
    <t>0.777704568588008</t>
   </pm-column>
   <pm-column position='2'>
    <a>0.880358722648092</a>
    <c>-1.22377543162212</c>
    <g>-2.83321334405622</g>
    <t>0.211309093667207</t>
   </pm-column>
   <pm-column position='3'>
    <a>0.211309093667207</a>
    <c>0.0</c>
    <g>-2.83321334405622</g>
    <t>0.534082485930258</t>
   </pm-column>
   <pm-column position='4'>
    <a>-2.83321334405622</a>
    <c>-2.83321334405622</c>
    <g>-2.83321334405622</g>
    <t>1.34117392583942</t>
   </pm-column>
   <pm-column position='5'>
    <a>1.05860695405441</a>
    <c>-2.83321334405622</c>
    <g>-2.83321334405622</g>
    <t>0.0</t>
   </pm-column>
   <pm-column position='6'>
    <a>-2.83321334405622</a>
    <c>-2.83321334405622</c>
    <g>1.05860695405441</g>
    <t>0.0</t>
   </pm-column>
   <pm-column position='7'>
    <a>-0.635988766719997</a>
    <c>-1.22377543162212</c>
    <g>-2.83321334405622</g>
    <t>1.13707856949591</t>
   </pm-column>
   <pm-column position='8'>
    <a>-0.635988766719997</a>
    <c>-2.83321334405622</c>
    <g>-1.22377543162212</g>
    <t>1.13707856949591</t>
   </pm-column>
   <pm-column position='9'>
    <a>0.211309093667207</a>
    <c>-2.83321334405622</c>
    <g>-0.268263986594679</g>
    <t>0.663294217410264</t>
   </pm-column>
   <pm-column position='10'>
    <a>0.534082485930258</a>
    <c>0.0</c>
    <g>-2.83321334405622</g>
    <t>0.211309093667207</t>
   </pm-column>
  </PWM>
  <word-list size='16'>
   <word score='5.90519197224404'>TTATAGTAAA</word>
   <word score='6.18246861096474'>CTATTGTTTT</word>
   <word score='5.55229260924153'>TCCTAGTTGA</word>
   <word score='7.06282733361283'>AAATAGTTTT</word>
   <word score='7.33365337124868'>TACTAGTTGT</word>
   <word score='7.28870198338642'>TATTATTTAT</word>
   <word score='7.88662234954525'>CTTTAGTTTA</word>
   <word score='5.25062137453144'>TATTTGTGAA</word>
   <word score='5.18412647414932'>AACTTGTTGA</word>
   <word score='7.91893533853579'>TTTTAGTTTC</word>
   <word score='4.06888044960162'>CTTTATATAC</word>
   <word score='4.06804605149318'>CACTATCTTC</word>
   <word score='8.02453554517778'>TAATAGTTAT</word>
   <word score='8.79929406118388'>TAATAGTTTA</word>
   <word score='5.18991520232556'>CATTTGTATC</word>
   <word score='6.29039316317662'>TATTATATTA</word>
  </word-list>
 </motif>
</smallbismark>