<?xml version='1.0' encoding='UTF-8'?>
<smallbismark>
 <comment name='WARNING'>This is a draft version of small-BiSMark. Specification is the subject to change!</comment>
 <group name='mapping of ../BE_DMEL-footprint-Bigfoot/BR_Z3/BR_Z3_ready.xml on ../BE_DMEL-footprint-Bigfoot/BR_Z3/BR_Z3_footprints.xml (flank_length=6)' size='16'>
  <segment id='BE_DMEL.004472' length='36' chromosome='X' location='3105438'>
   <sequence>cgcaATTTATAGTAAaagctccagaccacgttttat</sequence>
  </segment>
  <segment id='BE_DMEL.004476' length='31' chromosome='X' location='3105538'>
   <sequence>gAAAACAATAGAgctggtgattggtctccgc</sequence>
  </segment>
  <segment id='BE_DMEL.004479' length='32' chromosome='X' location='3105627'>
   <sequence>aatgATCCTAGTTGAgtcttgtctatgtctaa</sequence>
  </segment>
  <segment id='BE_DMEL.004482' length='32' chromosome='X' location='3105702'>
   <sequence>ttgagcaAAACTATTTGAtttgctcacacaac</sequence>
  </segment>
  <segment id='BE_DMEL.004485' length='29' chromosome='X' location='3105724'>
   <sequence>ctcacACAACTAGTACacgcaatttttcc</sequence>
  </segment>
  <segment id='BE_DMEL.004489' length='44' chromosome='X' location='3105778'>
   <sequence>taaataaataataaacAAAATAATAAAcaaaaccacgatcaata</sequence>
  </segment>
  <segment id='BE_DMEL.004491' length='29' chromosome='X' location='3105843'>
   <sequence>gttaagtAAACTAAAGCTggtgctcgaga</sequence>
  </segment>
  <segment id='BE_DMEL.004496' length='28' chromosome='X' location='3105933'>
   <sequence>ATATTTGTGAAagacaagttcgaggcac</sequence>
  </segment>
  <segment id='BE_DMEL.004498' length='27' chromosome='X' location='3106071'>
   <sequence>caattTCAACAAGTTTatcatgattca</sequence>
  </segment>
  <segment id='BE_DMEL.004499' length='32' chromosome='X' location='3106124'>
   <sequence>tatatcgcttACTTTTAGTTTcttcattttaa</sequence>
  </segment>
  <segment id='BE_DMEL.004500' length='31' chromosome='X' location='3106213'>
   <sequence>ggcaaaatgcagtgggtatATAAAGCGCATc</sequence>
  </segment>
  <segment id='BE_DMEL.005450' length='27' chromosome='2L' location='19115455'>
   <sequence>ttttgAAGATAGTGCTaatcagtgcag</sequence>
  </segment>
  <segment id='BE_DMEL.005459' length='29' chromosome='2L' location='19115560'>
   <sequence>gatgatgATAATAGTTATaataataaggt</sequence>
  </segment>
  <segment id='BE_DMEL.005461' length='25' chromosome='2L' location='19115591'>
   <sequence>taaggtATTAATAGTTTaaagcgtt</sequence>
  </segment>
  <segment id='BE_DMEL.001200' length='38' chromosome='3L' location='9354216'>
   <sequence>tctccataTACATTTGTATctacatacatacatacata</sequence>
  </segment>
  <segment id='BE_DMEL.001207' length='36' chromosome='3L' location='9354457'>
   <sequence>gccatatattataTTATATAGTATgtttgtattgat</sequence>
  </segment>
 </group>
</smallbismark>