<?xml version='1.0' encoding='UTF-8'?>
<smallbismark>
 <comment name='WARNING'>This is a draft version of small-BiSMark. Specification is the subject to change!</comment>
 <motif name='Deaf1' id='DEAF1.MTF'>
  <PPM length='10'>
   <pm-column position='1'>
    <a>0.3</a>
    <c>0.7</c>
    <g>0.0</g>
    <t>0.0</t>
   </pm-column>
   <pm-column position='2'>
    <a>0.0</a>
    <c>1.0</c>
    <g>0.0</g>
    <t>0.0</t>
   </pm-column>
   <pm-column position='3'>
    <a>0.0</a>
    <c>0.0</c>
    <g>1.0</g>
    <t>0.0</t>
   </pm-column>
   <pm-column position='4'>
    <a>0.9</a>
    <c>0.1</c>
    <g>0.0</g>
    <t>0.0</t>
   </pm-column>
   <pm-column position='5'>
    <a>0.7</a>
    <c>0.3</c>
    <g>0.0</g>
    <t>0.0</t>
   </pm-column>
   <pm-column position='6'>
    <a>0.2</a>
    <c>0.0</c>
    <g>0.4</g>
    <t>0.4</t>
   </pm-column>
   <pm-column position='7'>
    <a>0.3</a>
    <c>0.4</c>
    <g>0.3</g>
    <t>0.0</t>
   </pm-column>
   <pm-column position='8'>
    <a>0.4</a>
    <c>0.0</c>
    <g>0.6</g>
    <t>0.0</t>
   </pm-column>
   <pm-column position='9'>
    <a>0.0</a>
    <c>0.8</c>
    <g>0.2</g>
    <t>0.0</t>
   </pm-column>
   <pm-column position='10'>
    <a>0.0</a>
    <c>0.2</c>
    <g>0.2</g>
    <t>0.6</t>
   </pm-column>
  </PPM>
  <PWM length='10'>
   <pm-column position='1'>
    <a>0.167054084663166</a>
    <c>0.969400557188103</c>
    <g>-2.39789527279837</g>
    <t>-2.39789527279837</t>
   </pm-column>
   <pm-column position='2'>
    <a>-2.39789527279837</a>
    <c>1.31567679390594</c>
    <g>-2.39789527279837</g>
    <t>-2.39789527279837</t>
   </pm-column>
   <pm-column position='3'>
    <a>-2.39789527279837</a>
    <c>-2.39789527279837</c>
    <g>1.31567679390594</g>
    <t>-2.39789527279837</t>
   </pm-column>
   <pm-column position='4'>
    <a>1.21302263984585</a>
    <c>-0.78845736036427</c>
    <g>-2.39789527279837</g>
    <t>-2.39789527279837</t>
   </pm-column>
   <pm-column position='5'>
    <a>0.969400557188103</a>
    <c>0.167054084663166</c>
    <g>-2.39789527279837</g>
    <t>-2.39789527279837</t>
   </pm-column>
   <pm-column position='6'>
    <a>-0.200670695462151</a>
    <c>-2.39789527279837</c>
    <g>0.435318071257846</g>
    <t>0.435318071257846</t>
   </pm-column>
   <pm-column position='7'>
    <a>0.167054084663166</a>
    <c>0.435318071257846</c>
    <g>0.167054084663166</g>
    <t>-2.39789527279837</t>
   </pm-column>
   <pm-column position='8'>
    <a>0.435318071257846</a>
    <c>-2.39789527279837</c>
    <g>0.82098055206983</g>
    <t>-2.39789527279837</t>
   </pm-column>
   <pm-column position='9'>
    <a>-2.39789527279837</a>
    <c>1.09861228866811</c>
    <g>-0.200670695462151</g>
    <t>-2.39789527279837</t>
   </pm-column>
   <pm-column position='10'>
    <a>-2.39789527279837</a>
    <c>-0.200670695462151</c>
    <g>-0.200670695462151</g>
    <t>0.82098055206983</t>
   </pm-column>
  </PWM>
  <word-list size='10'>
   <word score='8.32377641823778'>CCGACGAGCT</word>
   <word score='7.18472667648849'>ACGAAGCACG</word>
   <word score='9.12612289076272'>CCGAATGGCT</word>
   <word score='7.82683990663246'>CCGAAGAGGT</word>
   <word score='7.39290687714727'>CCGCAGCGCT</word>
   <word score='7.9381139374258'>CCGACTGACT</word>
   <word score='4.98119093904356'>ACGAAAAAGC</word>
   <word score='7.73674686310542'>CCGAAACGCC</word>
   <word score='7.3021251707058'>CCGACTGGCG</word>
   <word score='8.20637792402047'>ACGAATCACT</word>
  </word-list>
 </motif>
</smallbismark>