<?xml version='1.0' encoding='UTF-8'?>
<smallbismark>
 <comment name='WARNING'>This is a draft version of small-BiSMark. Specification is the subject to change!</comment>
 <motif name='Deaf1' id='DEAF1.MTF'>
  <comment name='discrete information content by position'>[-0.588610403139148, -0.534710753071741, -0.534710753071741, 0.0, -0.588610403139148, -0.852516136106402, -0.534710753071741, -0.673340189183597, -0.588610403139148, -0.588610403139148, -0.380666248971164, -0.588610403139148, -0.713886699994546, -0.534710753071741, -0.893062646905622]</comment>
  <comment name='discrete information content'>-8.59536694914403</comment>
  <comment name='number of sequences in the corresponding alignment'>10</comment>
  <PPM length='15'>
   <pm-column position='1'>
    <a>0.0</a>
    <c>0.7</c>
    <g>0.2</g>
    <t>0.1</t>
   </pm-column>
   <pm-column position='2'>
    <a>0.0</a>
    <c>0.6</c>
    <g>0.4</g>
    <t>0.0</t>
   </pm-column>
   <pm-column position='3'>
    <a>0.4</a>
    <c>0.0</c>
    <g>0.6</g>
    <t>0.0</t>
   </pm-column>
   <pm-column position='4'>
    <a>1.0</a>
    <c>0.0</c>
    <g>0.0</g>
    <t>0.0</t>
   </pm-column>
   <pm-column position='5'>
    <a>0.2</a>
    <c>0.7</c>
    <g>0.0</g>
    <t>0.1</t>
   </pm-column>
   <pm-column position='6'>
    <a>0.1</a>
    <c>0.5</c>
    <g>0.3</g>
    <t>0.1</t>
   </pm-column>
   <pm-column position='7'>
    <a>0.4</a>
    <c>0.0</c>
    <g>0.6</g>
    <t>0.0</t>
   </pm-column>
   <pm-column position='8'>
    <a>0.6</a>
    <c>0.1</c>
    <g>0.3</g>
    <t>0.0</t>
   </pm-column>
   <pm-column position='9'>
    <a>0.1</a>
    <c>0.7</c>
    <g>0.2</g>
    <t>0.0</t>
   </pm-column>
   <pm-column position='10'>
    <a>0.2</a>
    <c>0.1</c>
    <g>0.0</g>
    <t>0.7</t>
   </pm-column>
   <pm-column position='11'>
    <a>0.0</a>
    <c>0.0</c>
    <g>0.8</g>
    <t>0.2</t>
   </pm-column>
   <pm-column position='12'>
    <a>0.2</a>
    <c>0.7</c>
    <g>0.1</g>
    <t>0.0</t>
   </pm-column>
   <pm-column position='13'>
    <a>0.0</a>
    <c>0.4</c>
    <g>0.5</g>
    <t>0.1</t>
   </pm-column>
   <pm-column position='14'>
    <a>0.4</a>
    <c>0.0</c>
    <g>0.6</g>
    <t>0.0</t>
   </pm-column>
   <pm-column position='15'>
    <a>0.1</a>
    <c>0.2</c>
    <g>0.5</g>
    <t>0.2</t>
   </pm-column>
  </PPM>
  <PWM length='15'>
   <pm-column position='1'>
    <a>-2.39789527279837</a>
    <c>0.969400557188103</c>
    <g>-0.200670695462151</g>
    <t>-0.78845736036427</t>
   </pm-column>
   <pm-column position='2'>
    <a>-2.39789527279837</a>
    <c>0.82098055206983</c>
    <g>0.435318071257846</g>
    <t>-2.39789527279837</t>
   </pm-column>
   <pm-column position='3'>
    <a>0.435318071257846</a>
    <c>-2.39789527279837</c>
    <g>0.82098055206983</g>
    <t>-2.39789527279837</t>
   </pm-column>
   <pm-column position='4'>
    <a>1.31567679390594</a>
    <c>-2.39789527279837</c>
    <g>-2.39789527279837</g>
    <t>-2.39789527279837</t>
   </pm-column>
   <pm-column position='5'>
    <a>-0.200670695462151</a>
    <c>0.969400557188103</c>
    <g>-2.39789527279837</g>
    <t>-0.78845736036427</t>
   </pm-column>
   <pm-column position='6'>
    <a>-0.78845736036427</a>
    <c>0.646627164925052</c>
    <g>0.167054084663166</g>
    <t>-0.78845736036427</t>
   </pm-column>
   <pm-column position='7'>
    <a>0.435318071257846</a>
    <c>-2.39789527279837</c>
    <g>0.82098055206983</g>
    <t>-2.39789527279837</t>
   </pm-column>
   <pm-column position='8'>
    <a>0.82098055206983</a>
    <c>-0.78845736036427</c>
    <g>0.167054084663166</g>
    <t>-2.39789527279837</t>
   </pm-column>
   <pm-column position='9'>
    <a>-0.78845736036427</a>
    <c>0.969400557188103</c>
    <g>-0.200670695462151</g>
    <t>-2.39789527279837</t>
   </pm-column>
   <pm-column position='10'>
    <a>-0.200670695462151</a>
    <c>-0.78845736036427</c>
    <g>-2.39789527279837</g>
    <t>0.969400557188103</t>
   </pm-column>
   <pm-column position='11'>
    <a>-2.39789527279837</a>
    <c>-2.39789527279837</c>
    <g>1.09861228866811</g>
    <t>-0.200670695462151</t>
   </pm-column>
   <pm-column position='12'>
    <a>-0.200670695462151</a>
    <c>0.969400557188103</c>
    <g>-0.78845736036427</g>
    <t>-2.39789527279837</t>
   </pm-column>
   <pm-column position='13'>
    <a>-2.39789527279837</a>
    <c>0.435318071257846</c>
    <g>0.646627164925052</g>
    <t>-0.78845736036427</t>
   </pm-column>
   <pm-column position='14'>
    <a>0.435318071257846</a>
    <c>-2.39789527279837</c>
    <g>0.82098055206983</g>
    <t>-2.39789527279837</t>
   </pm-column>
   <pm-column position='15'>
    <a>-0.78845736036427</a>
    <c>-0.200670695462151</c>
    <g>0.646627164925052</g>
    <t>-0.200670695462151</t>
   </pm-column>
  </PWM>
  <word-list size='10'>
   <word score='10.6168428425081'>CCGACGAGCTGAGGG</word>
   <word score='9.82649987504835'>GCAACGAACTGCCGT</word>
   <word score='11.1533708156974'>CGGACCGAGTGCCAG</word>
   <word score='8.47332244414373'>CCGACGAGAAGCGAG</word>
   <word score='5.95224416939536'>TGGACCGAGCGCTGC</word>
   <word score='9.05452672674277'>CCGACTGACTGACGA</word>
   <word score='8.89000643585668'>CGAAAAAGCTGCGGG</word>
   <word score='6.05292741895085'>CGAAACGCCATCGAT</word>
   <word score='10.9512466316073'>CCAACCGACTGGCGG</word>
   <word score='7.8459036281068'>GCGATCGACTTCGAC</word>
  </word-list>
 </motif>
</smallbismark>