<?xml version='1.0' encoding='UTF-8'?>
<smallbismark>
 <comment name='WARNING'>This is a draft version of small-BiSMark. Specification is the subject to change!</comment>
 <motif name='Deaf1' id='DEAF1.MTF'>
  <PPM length='7'>
   <pm-column position='1'>
    <a>0.3</a>
    <c>0.7</c>
    <g>0.0</g>
    <t>0.0</t>
   </pm-column>
   <pm-column position='2'>
    <a>0.0</a>
    <c>1.0</c>
    <g>0.0</g>
    <t>0.0</t>
   </pm-column>
   <pm-column position='3'>
    <a>0.0</a>
    <c>0.0</c>
    <g>1.0</g>
    <t>0.0</t>
   </pm-column>
   <pm-column position='4'>
    <a>1.0</a>
    <c>0.0</c>
    <g>0.0</g>
    <t>0.0</t>
   </pm-column>
   <pm-column position='5'>
    <a>0.7</a>
    <c>0.2</c>
    <g>0.1</g>
    <t>0.0</t>
   </pm-column>
   <pm-column position='6'>
    <a>0.2</a>
    <c>0.1</c>
    <g>0.4</g>
    <t>0.3</t>
   </pm-column>
   <pm-column position='7'>
    <a>0.3</a>
    <c>0.3</c>
    <g>0.4</g>
    <t>0.0</t>
   </pm-column>
  </PPM>
  <PWM length='7'>
   <pm-column position='1'>
    <a>0.167054084663166</a>
    <c>0.969400557188103</c>
    <g>-2.39789527279837</g>
    <t>-2.39789527279837</t>
   </pm-column>
   <pm-column position='2'>
    <a>-2.39789527279837</a>
    <c>1.31567679390594</c>
    <g>-2.39789527279837</g>
    <t>-2.39789527279837</t>
   </pm-column>
   <pm-column position='3'>
    <a>-2.39789527279837</a>
    <c>-2.39789527279837</c>
    <g>1.31567679390594</g>
    <t>-2.39789527279837</t>
   </pm-column>
   <pm-column position='4'>
    <a>1.31567679390594</a>
    <c>-2.39789527279837</c>
    <g>-2.39789527279837</g>
    <t>-2.39789527279837</t>
   </pm-column>
   <pm-column position='5'>
    <a>0.969400557188103</a>
    <c>-0.200670695462151</c>
    <g>-0.78845736036427</g>
    <t>-2.39789527279837</t>
   </pm-column>
   <pm-column position='6'>
    <a>-0.200670695462151</a>
    <c>-0.78845736036427</c>
    <g>0.435318071257846</g>
    <t>0.167054084663166</t>
   </pm-column>
   <pm-column position='7'>
    <a>0.167054084663166</a>
    <c>0.167054084663166</c>
    <g>0.435318071257846</g>
    <t>-2.39789527279837</t>
   </pm-column>
  </PWM>
  <word-list size='10'>
   <word score='5.31813239936478'>CCGACGA</word>
   <word score='5.95412116608477'>ACGAAGG</word>
   <word score='6.48820365201503'>CCGAATG</word>
   <word score='6.48820365201503'>CCGAAGA</word>
   <word score='3.77483428943522'>CCGAGCG</word>
   <word score='5.31813239936478'>CCGACTG</word>
   <word score='5.0498684127701'>ACGAAAA</word>
   <word score='5.85221488529503'>CCGAAAC</word>
   <word score='6.48820365201503'>CCGAAGC</word>
   <word score='5.41759319289541'>ACGAATC</word>
  </word-list>
 </motif>
</smallbismark>