<?xml version='1.0' encoding='UTF-8'?>
<smallbismark>
 <comment name='WARNING'>This is a draft version of small-BiSMark. Specification is the subject to change!</comment>
 <motif name='Deaf1' id='DEAF1.MTF'>
  <comment name='discrete information content by position'>[-0.944145209287943, -0.552942908751142, 0.0, 0.0, 0.0, -0.478749174278066]</comment>
  <comment name='discrete information content'>-1.97583729231715</comment>
  <comment name='number of sequences in the corresponding alignment'>10</comment>
  <PPM length='6'>
   <pm-column position='1'>
    <a>0.2</a>
    <c>0.4</c>
    <g>0.3</g>
    <t>0.1</t>
   </pm-column>
   <pm-column position='2'>
    <a>0.5</a>
    <c>0.5</c>
    <g>0.0</g>
    <t>0.0</t>
   </pm-column>
   <pm-column position='3'>
    <a>0.0</a>
    <c>1.0</c>
    <g>0.0</g>
    <t>0.0</t>
   </pm-column>
   <pm-column position='4'>
    <a>0.0</a>
    <c>0.0</c>
    <g>1.0</g>
    <t>0.0</t>
   </pm-column>
   <pm-column position='5'>
    <a>1.0</a>
    <c>0.0</c>
    <g>0.0</g>
    <t>0.0</t>
   </pm-column>
   <pm-column position='6'>
    <a>0.7</a>
    <c>0.0</c>
    <g>0.3</g>
    <t>0.0</t>
   </pm-column>
  </PPM>
  <PWM length='6'>
   <pm-column position='1'>
    <a>-0.200670695462151</a>
    <c>0.435318071257846</c>
    <g>0.167054084663166</g>
    <t>-0.78845736036427</t>
   </pm-column>
   <pm-column position='2'>
    <a>0.646627164925052</a>
    <c>0.646627164925052</c>
    <g>-2.39789527279837</g>
    <t>-2.39789527279837</t>
   </pm-column>
   <pm-column position='3'>
    <a>-2.39789527279837</a>
    <c>1.31567679390594</c>
    <g>-2.39789527279837</g>
    <t>-2.39789527279837</t>
   </pm-column>
   <pm-column position='4'>
    <a>-2.39789527279837</a>
    <c>-2.39789527279837</c>
    <g>1.31567679390594</g>
    <t>-2.39789527279837</t>
   </pm-column>
   <pm-column position='5'>
    <a>1.31567679390594</a>
    <c>-2.39789527279837</c>
    <g>-2.39789527279837</g>
    <t>-2.39789527279837</t>
   </pm-column>
   <pm-column position='6'>
    <a>0.969400557188103</a>
    <c>-2.39789527279837</c>
    <g>0.167054084663166</g>
    <t>-2.39789527279837</t>
   </pm-column>
  </PWM>
  <word-list size='12'>
   <word score='4.9277657159692'>GACGAG</word>
   <word score='5.36238740836882'>AACGAA</word>
   <word score='5.36238740836882'>AACGAA</word>
   <word score='5.36238740836882'>AACGAA</word>
   <word score='5.73011218849413'>GCCGAA</word>
   <word score='5.99837617508881'>CCCGAA</word>
   <word score='4.56004093584388'>ACCGAG</word>
   <word score='4.9277657159692'>GACGAG</word>
   <word score='5.99837617508881'>CACGAA</word>
   <word score='4.7746007434667'>TCCGAA</word>
   <word score='5.99837617508881'>CCCGAA</word>
   <word score='5.99837617508881'>CACGAA</word>
  </word-list>
 </motif>
</smallbismark>