<?xml version='1.0' encoding='UTF-8'?>
<smallbismark>
 <comment name='WARNING'>This is a draft version of small-BiSMark. Specification is the subject to change!</comment>
 <motif name='Deaf1' id='DEAF1.MTF'>
  <comment name='discrete information content by position'>[-0.834283980426861, -0.478749174278066, 0.0, 0.0, -0.230258509299405, -0.380666248971164, -0.78320141804454, -0.78320141804454, -0.713886699994546, -0.588610403139148, -0.588610403139148]</comment>
  <comment name='discrete information content'>-5.38146825533742</comment>
  <comment name='number of sequences in the corresponding alignment'>10</comment>
  <PPM length='11'>
   <pm-column position='1'>
    <a>0.0</a>
    <c>0.4</c>
    <g>0.3</g>
    <t>0.3</t>
   </pm-column>
   <pm-column position='2'>
    <a>0.3</a>
    <c>0.7</c>
    <g>0.0</g>
    <t>0.0</t>
   </pm-column>
   <pm-column position='3'>
    <a>0.0</a>
    <c>1.0</c>
    <g>0.0</g>
    <t>0.0</t>
   </pm-column>
   <pm-column position='4'>
    <a>0.0</a>
    <c>0.0</c>
    <g>1.0</g>
    <t>0.0</t>
   </pm-column>
   <pm-column position='5'>
    <a>0.9</a>
    <c>0.1</c>
    <g>0.0</g>
    <t>0.0</t>
   </pm-column>
   <pm-column position='6'>
    <a>0.8</a>
    <c>0.2</c>
    <g>0.0</g>
    <t>0.0</t>
   </pm-column>
   <pm-column position='7'>
    <a>0.2</a>
    <c>0.0</c>
    <g>0.5</g>
    <t>0.3</t>
   </pm-column>
   <pm-column position='8'>
    <a>0.3</a>
    <c>0.5</c>
    <g>0.2</g>
    <t>0.0</t>
   </pm-column>
   <pm-column position='9'>
    <a>0.4</a>
    <c>0.0</c>
    <g>0.5</g>
    <t>0.1</t>
   </pm-column>
   <pm-column position='10'>
    <a>0.0</a>
    <c>0.7</c>
    <g>0.2</g>
    <t>0.1</t>
   </pm-column>
   <pm-column position='11'>
    <a>0.0</a>
    <c>0.2</c>
    <g>0.1</g>
    <t>0.7</t>
   </pm-column>
  </PPM>
  <PWM length='11'>
   <pm-column position='1'>
    <a>-2.39789527279837</a>
    <c>0.435318071257846</c>
    <g>0.167054084663166</g>
    <t>0.167054084663166</t>
   </pm-column>
   <pm-column position='2'>
    <a>0.167054084663166</a>
    <c>0.969400557188103</c>
    <g>-2.39789527279837</g>
    <t>-2.39789527279837</t>
   </pm-column>
   <pm-column position='3'>
    <a>-2.39789527279837</a>
    <c>1.31567679390594</c>
    <g>-2.39789527279837</g>
    <t>-2.39789527279837</t>
   </pm-column>
   <pm-column position='4'>
    <a>-2.39789527279837</a>
    <c>-2.39789527279837</c>
    <g>1.31567679390594</g>
    <t>-2.39789527279837</t>
   </pm-column>
   <pm-column position='5'>
    <a>1.21302263984585</a>
    <c>-0.78845736036427</c>
    <g>-2.39789527279837</g>
    <t>-2.39789527279837</t>
   </pm-column>
   <pm-column position='6'>
    <a>1.09861228866811</a>
    <c>-0.200670695462151</c>
    <g>-2.39789527279837</g>
    <t>-2.39789527279837</t>
   </pm-column>
   <pm-column position='7'>
    <a>-0.200670695462151</a>
    <c>-2.39789527279837</c>
    <g>0.646627164925052</g>
    <t>0.167054084663166</t>
   </pm-column>
   <pm-column position='8'>
    <a>0.167054084663166</a>
    <c>0.646627164925052</c>
    <g>-0.200670695462151</g>
    <t>-2.39789527279837</t>
   </pm-column>
   <pm-column position='9'>
    <a>0.435318071257846</a>
    <c>-2.39789527279837</c>
    <g>0.646627164925052</g>
    <t>-0.78845736036427</t>
   </pm-column>
   <pm-column position='10'>
    <a>-2.39789527279837</a>
    <c>0.969400557188103</c>
    <g>-0.200670695462151</g>
    <t>-0.78845736036427</t>
   </pm-column>
   <pm-column position='11'>
    <a>-2.39789527279837</a>
    <c>-0.200670695462151</c>
    <g>-0.78845736036427</g>
    <t>0.969400557188103</t>
   </pm-column>
  </PWM>
  <word-list size='10'>
   <word score='8.17926970293633'>TCCGACGAGCT</word>
   <word score='7.18661228358396'>TACGAAGCACG</word>
   <word score='8.63125482667938'>GCCGAATGGCT</word>
   <word score='8.57674542101101'>CCCGAAGAGGT</word>
   <word score='7.95664576711835'>GCCGCAGCGCT</word>
   <word score='7.12066274888191'>GCCGACTGACT</word>
   <word score='5.54572074178141'>CACGAAAAAGC</word>
   <word score='7.94075665429102'>TCCGAAACGCC</word>
   <word score='7.03344731108146'>CCCGAAGCTTT</word>
   <word score='8.73316110746912'>CACGAATCACT</word>
  </word-list>
 </motif>
</smallbismark>