<?xml version='1.0' encoding='UTF-8'?>
<smallbismark>
 <comment name='WARNING'>This is a draft version of small-BiSMark. Specification is the subject to change!</comment>
 <motif name='Deaf1' id='DEAF1.MTF'>
  <comment name='discrete information content by position'>[-0.834283980426861, -0.380666248971164, 0.0, 0.0, -0.380666248971164, -0.380666248971164, -0.673340189183597, -0.713886699982817, -0.78320141804454, -0.588610403139148, -0.449980967033026, -0.984691720087164, -0.78320141804454, -0.834283980426861]</comment>
  <comment name='discrete information content'>-7.78747952328204</comment>
  <comment name='number of sequences in the corresponding alignment'>10</comment>
  <PPM length='14'>
   <pm-column position='1'>
    <a>0.0</a>
    <c>0.4</c>
    <g>0.3</g>
    <t>0.3</t>
   </pm-column>
   <pm-column position='2'>
    <a>0.2</a>
    <c>0.8</c>
    <g>0.0</g>
    <t>0.0</t>
   </pm-column>
   <pm-column position='3'>
    <a>0.0</a>
    <c>1.0</c>
    <g>0.0</g>
    <t>0.0</t>
   </pm-column>
   <pm-column position='4'>
    <a>0.0</a>
    <c>0.0</c>
    <g>1.0</g>
    <t>0.0</t>
   </pm-column>
   <pm-column position='5'>
    <a>0.8</a>
    <c>0.2</c>
    <g>0.0</g>
    <t>0.0</t>
   </pm-column>
   <pm-column position='6'>
    <a>0.8</a>
    <c>0.2</c>
    <g>0.0</g>
    <t>0.0</t>
   </pm-column>
   <pm-column position='7'>
    <a>0.1</a>
    <c>0.0</c>
    <g>0.6</g>
    <t>0.3</t>
   </pm-column>
   <pm-column position='8'>
    <a>0.2</a>
    <c>0.6</c>
    <g>0.2</g>
    <t>0.0</t>
   </pm-column>
   <pm-column position='9'>
    <a>0.3</a>
    <c>0.0</c>
    <g>0.5</g>
    <t>0.2</t>
   </pm-column>
   <pm-column position='10'>
    <a>0.0</a>
    <c>0.7</c>
    <g>0.1</g>
    <t>0.2</t>
   </pm-column>
   <pm-column position='11'>
    <a>0.0</a>
    <c>0.1</c>
    <g>0.1</g>
    <t>0.8</t>
   </pm-column>
   <pm-column position='12'>
    <a>0.2</a>
    <c>0.2</c>
    <g>0.2</g>
    <t>0.4</t>
   </pm-column>
   <pm-column position='13'>
    <a>0.5</a>
    <c>0.0</c>
    <g>0.3</g>
    <t>0.2</t>
   </pm-column>
   <pm-column position='14'>
    <a>0.3</a>
    <c>0.4</c>
    <g>0.3</g>
    <t>0.0</t>
   </pm-column>
  </PPM>
  <PWM length='14'>
   <pm-column position='1'>
    <a>-2.39789527279837</a>
    <c>0.435318071257846</c>
    <g>0.167054084663166</g>
    <t>0.167054084663166</t>
   </pm-column>
   <pm-column position='2'>
    <a>-0.200670695462151</a>
    <c>1.09861228866811</c>
    <g>-2.39789527279837</g>
    <t>-2.39789527279837</t>
   </pm-column>
   <pm-column position='3'>
    <a>-2.39789527279837</a>
    <c>1.31567679390594</c>
    <g>-2.39789527279837</g>
    <t>-2.39789527279837</t>
   </pm-column>
   <pm-column position='4'>
    <a>-2.39789527279837</a>
    <c>-2.39789527279837</c>
    <g>1.31567679390594</g>
    <t>-2.39789527279837</t>
   </pm-column>
   <pm-column position='5'>
    <a>1.09861228866811</a>
    <c>-0.200670695462151</c>
    <g>-2.39789527279837</g>
    <t>-2.39789527279837</t>
   </pm-column>
   <pm-column position='6'>
    <a>1.09861228866811</a>
    <c>-0.200670695462151</c>
    <g>-2.39789527279837</g>
    <t>-2.39789527279837</t>
   </pm-column>
   <pm-column position='7'>
    <a>-0.78845736036427</a>
    <c>-2.39789527279837</c>
    <g>0.82098055206983</g>
    <t>0.167054084663166</t>
   </pm-column>
   <pm-column position='8'>
    <a>-0.200670695462151</a>
    <c>0.82098055206983</c>
    <g>-0.200670695462151</g>
    <t>-2.39789527279837</t>
   </pm-column>
   <pm-column position='9'>
    <a>0.167054084663166</a>
    <c>-2.39789527279837</c>
    <g>0.646627164925052</g>
    <t>-0.200670695462151</t>
   </pm-column>
   <pm-column position='10'>
    <a>-2.39789527279837</a>
    <c>0.969400557188103</c>
    <g>-0.78845736036427</g>
    <t>-0.200670695462151</t>
   </pm-column>
   <pm-column position='11'>
    <a>-2.39789527279837</a>
    <c>-0.78845736036427</c>
    <g>-0.78845736036427</g>
    <t>1.09861228866811</t>
   </pm-column>
   <pm-column position='12'>
    <a>-0.200670695462151</a>
    <c>-0.200670695462151</c>
    <g>-0.200670695462151</g>
    <t>0.435318071257846</t>
   </pm-column>
   <pm-column position='13'>
    <a>0.646627164925052</a>
    <c>-2.39789527279837</c>
    <g>0.167054084663166</g>
    <t>-0.200670695462151</t>
   </pm-column>
   <pm-column position='14'>
    <a>0.167054084663166</a>
    <c>0.435318071257846</c>
    <g>0.167054084663166</g>
    <t>-2.39789527279837</t>
   </pm-column>
  </PWM>
  <word-list size='10'>
   <word score='8.74292197586412'>TCCGACGAGCTGAG</word>
   <word score='6.91835741383995'>TACGAAGCACGCGA</word>
   <word score='10.0242672593077'>GCCGAATGGCTTAG</word>
   <word score='8.34130193536948'>CCCGAAGAGGTAGC</word>
   <word score='9.28500014313422'>GCCGCAGCGCTCGG</word>
   <word score='7.87768641479025'>GCCGACTGACTGAC</word>
   <word score='8.0724229898808'>CCCGCAGCTTTTTC</word>
   <word score='6.98831477226736'>TCCGAAACGCCATC</word>
   <word score='9.95073984780358'>CCCGAAGCTTTTAA</word>
   <word score='9.53532642904223'>CACGAATCACTTAA</word>
  </word-list>
 </motif>
</smallbismark>