<?xml version='1.0' encoding='UTF-8'?>
<smallbismark>
 <comment name='WARNING'>This is a draft version of small-BiSMark. Specification is the subject to change!</comment>
 <motif name='grh' id='GRH.MTF'>
  <comment name='discrete information content by position'>[-0.813465395186756, -0.716191091042828, 0.0, -0.398168770933048, -0.475185124335118, -0.492312977649102, -0.398168770933048, -0.398168770933048]</comment>
  <comment name='discrete information content'>-3.69166090101295</comment>
  <comment name='number of sequences in the corresponding alignment'>9</comment>
  <PPM length='8'>
   <pm-column position='1'>
    <a>0.555555555555556</a>
    <c>0.111111111111111</c>
    <g>0.111111111111111</g>
    <t>0.222222222222222</t>
   </pm-column>
   <pm-column position='2'>
    <a>0.444444444444444</a>
    <c>0.111111111111111</c>
    <g>0.444444444444444</g>
    <t>0.0</t>
   </pm-column>
   <pm-column position='3'>
    <a>1.0</a>
    <c>0.0</c>
    <g>0.0</g>
    <t>0.0</t>
   </pm-column>
   <pm-column position='4'>
    <a>0.777777777777778</a>
    <c>0.0</c>
    <g>0.222222222222222</g>
    <t>0.0</t>
   </pm-column>
   <pm-column position='5'>
    <a>0.111111111111111</a>
    <c>0.777777777777778</c>
    <g>0.0</g>
    <t>0.111111111111111</t>
   </pm-column>
   <pm-column position='6'>
    <a>0.333333333333333</a>
    <c>0.666666666666667</c>
    <g>0.0</g>
    <t>0.0</t>
   </pm-column>
   <pm-column position='7'>
    <a>0.777777777777778</a>
    <c>0.0</c>
    <g>0.222222222222222</g>
    <t>0.0</t>
   </pm-column>
   <pm-column position='8'>
    <a>0.0</a>
    <c>0.0</c>
    <g>0.777777777777778</g>
    <t>0.222222222222222</t>
   </pm-column>
  </PPM>
  <PWM length='8'>
   <pm-column position='1'>
    <a>0.741937344729377</a>
    <c>-0.693147180559945</c>
    <g>-0.693147180559945</g>
    <t>-0.105360515657826</t>
   </pm-column>
   <pm-column position='2'>
    <a>0.53062825106217</a>
    <c>-0.693147180559945</c>
    <g>0.53062825106217</g>
    <t>-2.30258509299405</t>
   </pm-column>
   <pm-column position='3'>
    <a>1.30833281965018</a>
    <c>-2.30258509299405</c>
    <g>-2.30258509299405</g>
    <t>-2.30258509299405</t>
   </pm-column>
   <pm-column position='4'>
    <a>1.06471073699243</a>
    <c>-2.30258509299405</c>
    <g>-0.105360515657826</g>
    <t>-2.30258509299405</t>
   </pm-column>
   <pm-column position='5'>
    <a>-0.693147180559945</a>
    <c>1.06471073699243</c>
    <g>-2.30258509299405</g>
    <t>-0.693147180559945</t>
   </pm-column>
   <pm-column position='6'>
    <a>0.262364264467491</a>
    <c>0.916290731874155</c>
    <g>-2.30258509299405</g>
    <t>-2.30258509299405</t>
   </pm-column>
   <pm-column position='7'>
    <a>1.06471073699243</a>
    <c>-2.30258509299405</c>
    <g>-0.105360515657826</g>
    <t>-2.30258509299405</t>
   </pm-column>
   <pm-column position='8'>
    <a>-2.30258509299405</a>
    <c>-2.30258509299405</c>
    <g>1.06471073699243</g>
    <t>-0.105360515657826</t>
   </pm-column>
  </PWM>
  <word-list size='9'>
   <word score='4.76196312257842'>AGAGCAGG</word>
   <word score='5.73866298224814'>TGAACCGG</word>
   <word score='4.44324567096749'>GCAACAAG</word>
   <word score='3.39301839979364'>CGAATCAT</word>
   <word score='5.99817417773322'>AAAAACAG</word>
   <word score='6.58596084263534'>AAAACCAT</word>
   <word score='7.75603209528559'>AAAACCAG</word>
   <word score='7.75603209528559'>AAAACCAG</word>
   <word score='5.08473651484147'>TGAGCAAG</word>
  </word-list>
 </motif>
</smallbismark>