<?xml version='1.0' encoding='UTF-8'?>
<smallbismark>
 <comment name='WARNING'>This is a draft version of small-BiSMark. Specification is the subject to change!</comment>
 <motif name='grh' id='GRH.MTF'>
  <comment name='discrete information content by position'>[-0.492312977649102, 0.0, -0.614381009716972, -0.398168770933048, -0.691397363118886, -0.398168770933048, -0.492312977649102, -0.614381009716972, -0.691397363118886]</comment>
  <comment name='discrete information content'>-4.39252024283602</comment>
  <comment name='number of sequences in the corresponding alignment'>9</comment>
  <PPM length='9'>
   <pm-column position='1'>
    <a>0.666666666666667</a>
    <c>0.0</c>
    <g>0.333333333333333</g>
    <t>0.0</t>
   </pm-column>
   <pm-column position='2'>
    <a>1.0</a>
    <c>0.0</c>
    <g>0.0</g>
    <t>0.0</t>
   </pm-column>
   <pm-column position='3'>
    <a>0.666666666666667</a>
    <c>0.0</c>
    <g>0.111111111111111</g>
    <t>0.222222222222222</t>
   </pm-column>
   <pm-column position='4'>
    <a>0.777777777777778</a>
    <c>0.222222222222222</c>
    <g>0.0</g>
    <t>0.0</t>
   </pm-column>
   <pm-column position='5'>
    <a>0.111111111111111</a>
    <c>0.555555555555556</c>
    <g>0.333333333333333</g>
    <t>0.0</t>
   </pm-column>
   <pm-column position='6'>
    <a>0.0</a>
    <c>0.777777777777778</c>
    <g>0.222222222222222</g>
    <t>0.0</t>
   </pm-column>
   <pm-column position='7'>
    <a>0.666666666666667</a>
    <c>0.0</c>
    <g>0.333333333333333</g>
    <t>0.0</t>
   </pm-column>
   <pm-column position='8'>
    <a>0.111111111111111</a>
    <c>0.0</c>
    <g>0.666666666666667</g>
    <t>0.222222222222222</t>
   </pm-column>
   <pm-column position='9'>
    <a>0.333333333333333</a>
    <c>0.555555555555556</c>
    <g>0.111111111111111</g>
    <t>0.0</t>
   </pm-column>
  </PPM>
  <PWM length='9'>
   <pm-column position='1'>
    <a>0.916290731874155</a>
    <c>-2.30258509299405</c>
    <g>0.262364264467491</g>
    <t>-2.30258509299405</t>
   </pm-column>
   <pm-column position='2'>
    <a>1.30833281965018</a>
    <c>-2.30258509299405</c>
    <g>-2.30258509299405</g>
    <t>-2.30258509299405</t>
   </pm-column>
   <pm-column position='3'>
    <a>0.916290731874155</a>
    <c>-2.30258509299405</c>
    <g>-0.693147180559945</g>
    <t>-0.105360515657826</t>
   </pm-column>
   <pm-column position='4'>
    <a>1.06471073699243</a>
    <c>-0.105360515657826</c>
    <g>-2.30258509299405</g>
    <t>-2.30258509299405</t>
   </pm-column>
   <pm-column position='5'>
    <a>-0.693147180559945</a>
    <c>0.741937344729377</c>
    <g>0.262364264467491</g>
    <t>-2.30258509299405</t>
   </pm-column>
   <pm-column position='6'>
    <a>-2.30258509299405</a>
    <c>1.06471073699243</c>
    <g>-0.105360515657826</g>
    <t>-2.30258509299405</t>
   </pm-column>
   <pm-column position='7'>
    <a>0.916290731874155</a>
    <c>-2.30258509299405</c>
    <g>0.262364264467491</g>
    <t>-2.30258509299405</t>
   </pm-column>
   <pm-column position='8'>
    <a>-0.693147180559945</a>
    <c>-2.30258509299405</c>
    <g>0.916290731874155</g>
    <t>-0.105360515657826</t>
   </pm-column>
   <pm-column position='9'>
    <a>0.262364264467491</a>
    <c>0.741937344729377</c>
    <g>-0.693147180559945</g>
    <t>-2.30258509299405</t>
   </pm-column>
  </PWM>
  <word-list size='9'>
   <word score='5.0626963926051'>AAGAGCAGG</word>
   <word score='3.91714522294459'>GAACCGGTC</word>
   <word score='5.26156986273962'>AATAGGGGC</word>
   <word score='4.16827673554912'>GATACCGAA</word>
   <word score='7.15170738530109'>AAAAACAGC</word>
   <word score='7.56514066305843'>AAAACCATC</word>
   <word score='8.10721883032852'>AAAACCAGA</word>
   <word score='8.10721883032852'>AAAACCAGA</word>
   <word score='6.28322111027161'>GAACGCAGC</word>
  </word-list>
 </motif>
</smallbismark>