<?xml version='1.0' encoding='UTF-8'?>
<smallbismark>
 <comment name='WARNING'>This is a draft version of small-BiSMark. Specification is the subject to change!</comment>
 <comment name='bismark extraction parameters'>source_id=BE_DMEL,factor_name=grh</comment>
 <group name='bismark extracted sequences' size='9'>
  <segment id='BE_DMEL.005241' length='19' chromosome='2L' location='2456659'>
   <sequence>TCCTTTTACCTGCTCTTCC</sequence>
  </segment>
  <segment id='BE_DMEL.005463' length='25' chromosome='2L' location='19116284'>
   <sequence>TCCGCAGGACCGGTTCAATCGCAGT</sequence>
  </segment>
  <segment id='BE_DMEL.006279' length='32' chromosome='3R' location='2581246'>
   <sequence>AAAATAGGGGCAACAAGTTGCCTGGCGGCGCC</sequence>
  </segment>
  <segment id='BE_DMEL.005549' length='28' chromosome='3R' location='2688246'>
   <sequence>AGTAAATGATTCGGTATCGAAAGAATTT</sequence>
  </segment>
  <segment id='BE_DMEL.005550' length='27' chromosome='3R' location='2688276'>
   <sequence>TTTTTGGGGAGCTGTTTTTCCTTTCTT</sequence>
  </segment>
  <segment id='BE_DMEL.005551' length='47' chromosome='3R' location='2688323'>
   <sequence>AAGTTATCGGATGGTTTTATATCCTACTCTACACCCTTATTGTTAAG</sequence>
  </segment>
  <segment id='BE_DMEL.005552' length='28' chromosome='3R' location='2688368'>
   <sequence>AGTTTACTGCAAAACCAGAAAGGAGGCT</sequence>
  </segment>
  <segment id='BE_DMEL.006161' length='28' chromosome='3R' location='12560248'>
   <sequence>CGAAACGCTCAAAACCAGATTGTTTTTG</sequence>
  </segment>
  <segment id='BE_DMEL.005153' length='35' chromosome='3R' location='26677836'>
   <sequence>GCTGCTGCGTTCCTTGCTCAATGAATTTTTCGCAA</sequence>
  </segment>
 </group>
</smallbismark>