<?xml version='1.0' encoding='UTF-8'?>
<smallbismark>
 <comment name='WARNING'>This is a draft version of small-BiSMark. Specification is the subject to change!</comment>
 <motif name='grh' id='GRH.MTF'>
  <PPM length='10'>
   <pm-column position='1'>
    <a>0.0</a>
    <c>0.444444444444444</c>
    <g>0.444444444444444</g>
    <t>0.111111111111111</t>
   </pm-column>
   <pm-column position='2'>
    <a>0.666666666666667</a>
    <c>0.0</c>
    <g>0.333333333333333</g>
    <t>0.0</t>
   </pm-column>
   <pm-column position='3'>
    <a>0.777777777777778</a>
    <c>0.111111111111111</c>
    <g>0.111111111111111</g>
    <t>0.0</t>
   </pm-column>
   <pm-column position='4'>
    <a>0.777777777777778</a>
    <c>0.0</c>
    <g>0.222222222222222</g>
    <t>0.0</t>
   </pm-column>
   <pm-column position='5'>
    <a>0.888888888888889</a>
    <c>0.111111111111111</c>
    <g>0.0</g>
    <t>0.0</t>
   </pm-column>
   <pm-column position='6'>
    <a>0.111111111111111</a>
    <c>0.555555555555556</c>
    <g>0.333333333333333</g>
    <t>0.0</t>
   </pm-column>
   <pm-column position='7'>
    <a>0.222222222222222</a>
    <c>0.777777777777778</c>
    <g>0.0</g>
    <t>0.0</t>
   </pm-column>
   <pm-column position='8'>
    <a>0.888888888888889</a>
    <c>0.0</c>
    <g>0.111111111111111</g>
    <t>0.0</t>
   </pm-column>
   <pm-column position='9'>
    <a>0.0</a>
    <c>0.0</c>
    <g>0.777777777777778</g>
    <t>0.222222222222222</t>
   </pm-column>
   <pm-column position='10'>
    <a>0.222222222222222</a>
    <c>0.333333333333333</c>
    <g>0.111111111111111</g>
    <t>0.333333333333333</t>
   </pm-column>
  </PPM>
  <PWM length='10'>
   <pm-column position='1'>
    <a>-2.30258509299405</a>
    <c>0.53062825106217</c>
    <g>0.53062825106217</g>
    <t>-0.693147180559945</t>
   </pm-column>
   <pm-column position='2'>
    <a>0.916290731874155</a>
    <c>-2.30258509299405</c>
    <g>0.262364264467491</g>
    <t>-2.30258509299405</t>
   </pm-column>
   <pm-column position='3'>
    <a>1.06471073699243</a>
    <c>-0.693147180559945</c>
    <g>-0.693147180559945</g>
    <t>-2.30258509299405</t>
   </pm-column>
   <pm-column position='4'>
    <a>1.06471073699243</a>
    <c>-2.30258509299405</c>
    <g>-0.105360515657826</g>
    <t>-2.30258509299405</t>
   </pm-column>
   <pm-column position='5'>
    <a>1.19392246847243</a>
    <c>-0.693147180559945</c>
    <g>-2.30258509299405</g>
    <t>-2.30258509299405</t>
   </pm-column>
   <pm-column position='6'>
    <a>-0.693147180559945</a>
    <c>0.741937344729377</c>
    <g>0.262364264467491</g>
    <t>-2.30258509299405</t>
   </pm-column>
   <pm-column position='7'>
    <a>-0.105360515657826</a>
    <c>1.06471073699243</c>
    <g>-2.30258509299405</g>
    <t>-2.30258509299405</t>
   </pm-column>
   <pm-column position='8'>
    <a>1.19392246847243</a>
    <c>-2.30258509299405</c>
    <g>-0.693147180559945</g>
    <t>-2.30258509299405</t>
   </pm-column>
   <pm-column position='9'>
    <a>-2.30258509299405</a>
    <c>-2.30258509299405</c>
    <g>1.06471073699243</g>
    <t>-0.105360515657826</t>
   </pm-column>
   <pm-column position='10'>
    <a>-0.105360515657826</a>
    <c>0.262364264467491</c>
    <g>-0.693147180559945</g>
    <t>0.262364264467491</t>
   </pm-column>
  </PWM>
  <word-list size='9'>
   <word score='6.4927526991082'>GAAGAGCAGG</word>
   <word score='4.28290965781277'>CAGGACCGGT</word>
   <word score='5.51605283943848'>GGCAACAAGT</word>
   <word score='5.62426642407872'>CGAAAGAATT</word>
   <word score='7.66282395175845'>GAAAAACAGC</word>
   <word score='6.7040617927754'>TAAAACCATC</word>
   <word score='8.73018369692246'>CAAAACCAGA</word>
   <word score='8.73018369692246'>CAAAACCAGA</word>
   <word score='6.07733928034684'>GGAACGCAGC</word>
  </word-list>
 </motif>
</smallbismark>