<?xml version='1.0' encoding='UTF-8'?>
<smallbismark>
 <comment name='WARNING'>This is a draft version of small-BiSMark. Specification is the subject to change!</comment>
 <motif name='grh' id='GRH.MTF'>
  <comment name='discrete information content by position'>[-0.870223797833779, -0.398168770933048, -0.492312977649102, -0.716191091042828, -0.716191091042828, -0.79320744443171, -0.614381009716972, -0.492312977649102, -0.244136064148469, -0.614381009716972, -0.398168770933048, -0.537364656327935, -0.492312977649102, -0.79320744443171, -0.614381009716972]</comment>
  <comment name='discrete information content'>-8.78694109322358</comment>
  <comment name='number of sequences in the corresponding alignment'>9</comment>
  <PPM length='15'>
   <pm-column position='1'>
    <a>0.111111111111111</a>
    <c>0.444444444444444</c>
    <g>0.111111111111111</g>
    <t>0.333333333333333</t>
   </pm-column>
   <pm-column position='2'>
    <a>0.222222222222222</a>
    <c>0.0</c>
    <g>0.777777777777778</g>
    <t>0.0</t>
   </pm-column>
   <pm-column position='3'>
    <a>0.333333333333333</a>
    <c>0.666666666666667</c>
    <g>0.0</g>
    <t>0.0</t>
   </pm-column>
   <pm-column position='4'>
    <a>0.0</a>
    <c>0.111111111111111</c>
    <g>0.444444444444444</g>
    <t>0.444444444444444</t>
   </pm-column>
   <pm-column position='5'>
    <a>0.444444444444444</a>
    <c>0.111111111111111</c>
    <g>0.444444444444444</g>
    <t>0.0</t>
   </pm-column>
   <pm-column position='6'>
    <a>0.444444444444444</a>
    <c>0.333333333333333</c>
    <g>0.0</g>
    <t>0.222222222222222</t>
   </pm-column>
   <pm-column position='7'>
    <a>0.666666666666667</a>
    <c>0.222222222222222</c>
    <g>0.0</g>
    <t>0.111111111111111</t>
   </pm-column>
   <pm-column position='8'>
    <a>0.666666666666667</a>
    <c>0.0</c>
    <g>0.333333333333333</g>
    <t>0.0</t>
   </pm-column>
   <pm-column position='9'>
    <a>0.888888888888889</a>
    <c>0.0</c>
    <g>0.111111111111111</g>
    <t>0.0</t>
   </pm-column>
   <pm-column position='10'>
    <a>0.666666666666667</a>
    <c>0.0</c>
    <g>0.222222222222222</g>
    <t>0.111111111111111</t>
   </pm-column>
   <pm-column position='11'>
    <a>0.0</a>
    <c>0.777777777777778</c>
    <g>0.0</g>
    <t>0.222222222222222</t>
   </pm-column>
   <pm-column position='12'>
    <a>0.444444444444444</a>
    <c>0.555555555555556</c>
    <g>0.0</g>
    <t>0.0</t>
   </pm-column>
   <pm-column position='13'>
    <a>0.666666666666667</a>
    <c>0.0</c>
    <g>0.333333333333333</g>
    <t>0.0</t>
   </pm-column>
   <pm-column position='14'>
    <a>0.0</a>
    <c>0.222222222222222</c>
    <g>0.333333333333333</g>
    <t>0.444444444444444</t>
   </pm-column>
   <pm-column position='15'>
    <a>0.111111111111111</a>
    <c>0.222222222222222</c>
    <g>0.0</g>
    <t>0.666666666666667</t>
   </pm-column>
  </PPM>
  <PWM length='15'>
   <pm-column position='1'>
    <a>-0.693147180559945</a>
    <c>0.53062825106217</c>
    <g>-0.693147180559945</g>
    <t>0.262364264467491</t>
   </pm-column>
   <pm-column position='2'>
    <a>-0.105360515657826</a>
    <c>-2.30258509299405</c>
    <g>1.06471073699243</g>
    <t>-2.30258509299405</t>
   </pm-column>
   <pm-column position='3'>
    <a>0.262364264467491</a>
    <c>0.916290731874155</c>
    <g>-2.30258509299405</g>
    <t>-2.30258509299405</t>
   </pm-column>
   <pm-column position='4'>
    <a>-2.30258509299405</a>
    <c>-0.693147180559945</c>
    <g>0.53062825106217</g>
    <t>0.53062825106217</t>
   </pm-column>
   <pm-column position='5'>
    <a>0.53062825106217</a>
    <c>-0.693147180559945</c>
    <g>0.53062825106217</g>
    <t>-2.30258509299405</t>
   </pm-column>
   <pm-column position='6'>
    <a>0.53062825106217</a>
    <c>0.262364264467491</c>
    <g>-2.30258509299405</g>
    <t>-0.105360515657826</t>
   </pm-column>
   <pm-column position='7'>
    <a>0.916290731874155</a>
    <c>-0.105360515657826</c>
    <g>-2.30258509299405</g>
    <t>-0.693147180559945</t>
   </pm-column>
   <pm-column position='8'>
    <a>0.916290731874155</a>
    <c>-2.30258509299405</c>
    <g>0.262364264467491</g>
    <t>-2.30258509299405</t>
   </pm-column>
   <pm-column position='9'>
    <a>1.19392246847243</a>
    <c>-2.30258509299405</c>
    <g>-0.693147180559945</g>
    <t>-2.30258509299405</t>
   </pm-column>
   <pm-column position='10'>
    <a>0.916290731874155</a>
    <c>-2.30258509299405</c>
    <g>-0.105360515657826</g>
    <t>-0.693147180559945</t>
   </pm-column>
   <pm-column position='11'>
    <a>-2.30258509299405</a>
    <c>1.06471073699243</c>
    <g>-2.30258509299405</g>
    <t>-0.105360515657826</t>
   </pm-column>
   <pm-column position='12'>
    <a>0.53062825106217</a>
    <c>0.741937344729377</c>
    <g>-2.30258509299405</g>
    <t>-2.30258509299405</t>
   </pm-column>
   <pm-column position='13'>
    <a>0.916290731874155</a>
    <c>-2.30258509299405</c>
    <g>0.262364264467491</g>
    <t>-2.30258509299405</t>
   </pm-column>
   <pm-column position='14'>
    <a>-2.30258509299405</a>
    <c>-0.105360515657826</c>
    <g>0.262364264467491</g>
    <t>0.53062825106217</t>
   </pm-column>
   <pm-column position='15'>
    <a>-0.693147180559945</a>
    <c>-0.105360515657826</c>
    <g>-2.30258509299405</g>
    <t>0.916290731874155</t>
   </pm-column>
  </PWM>
  <word-list size='9'>
   <word score='9.40708967113526'>CGCGGAAGAGCAGGT</word>
   <word score='8.12635934658567'>TGCGATTGAACCGGT</word>
   <word score='5.94645751104211'>CGCCGCCAGGCAACT</word>
   <word score='8.44832751215221'>CGATACCGAATCATT</word>
   <word score='7.66716945426955'>AAAGGAAAAACAGCT</word>
   <word score='8.68082502046169'>GGATATAAAACCATC</word>
   <word score='8.63186580887406'>TACTGCAAAACCAGA</word>
   <word score='9.75943116092115'>CGCTCAAAAACAATC</word>
   <word score='9.16839378206342'>TGCGAAAAATTCATT</word>
  </word-list>
 </motif>
</smallbismark>