<?xml version='1.0' encoding='UTF-8'?>
<smallbismark>
 <comment name='WARNING'>This is a draft version of small-BiSMark. Specification is the subject to change!</comment>
 <motif name='grh' id='GRH.MTF'>
  <comment name='discrete information content by position'>[-0.79320744443171, -0.716191091042828, -0.492312977649102, -0.244136064148469, -0.475185124335118, -0.398168770933048, -0.716191091042828, -0.398168770933048, 0.0, -0.398168770933048, -0.947240151222661]</comment>
  <comment name='discrete information content'>-5.57897025667186</comment>
  <comment name='number of sequences in the corresponding alignment'>9</comment>
  <PPM length='11'>
   <pm-column position='1'>
    <a>0.222222222222222</a>
    <c>0.0</c>
    <g>0.444444444444444</g>
    <t>0.333333333333333</t>
   </pm-column>
   <pm-column position='2'>
    <a>0.0</a>
    <c>0.444444444444444</c>
    <g>0.444444444444444</g>
    <t>0.111111111111111</t>
   </pm-column>
   <pm-column position='3'>
    <a>0.666666666666667</a>
    <c>0.0</c>
    <g>0.333333333333333</g>
    <t>0.0</t>
   </pm-column>
   <pm-column position='4'>
    <a>0.888888888888889</a>
    <c>0.111111111111111</c>
    <g>0.0</g>
    <t>0.0</t>
   </pm-column>
   <pm-column position='5'>
    <a>0.777777777777778</a>
    <c>0.0</c>
    <g>0.111111111111111</g>
    <t>0.111111111111111</t>
   </pm-column>
   <pm-column position='6'>
    <a>0.777777777777778</a>
    <c>0.222222222222222</c>
    <g>0.0</g>
    <t>0.0</t>
   </pm-column>
   <pm-column position='7'>
    <a>0.111111111111111</a>
    <c>0.444444444444444</c>
    <g>0.444444444444444</g>
    <t>0.0</t>
   </pm-column>
   <pm-column position='8'>
    <a>0.222222222222222</a>
    <c>0.777777777777778</c>
    <g>0.0</g>
    <t>0.0</t>
   </pm-column>
   <pm-column position='9'>
    <a>1.0</a>
    <c>0.0</c>
    <g>0.0</g>
    <t>0.0</t>
   </pm-column>
   <pm-column position='10'>
    <a>0.0</a>
    <c>0.0</c>
    <g>0.777777777777778</g>
    <t>0.222222222222222</t>
   </pm-column>
   <pm-column position='11'>
    <a>0.222222222222222</a>
    <c>0.333333333333333</c>
    <g>0.111111111111111</g>
    <t>0.333333333333333</t>
   </pm-column>
  </PPM>
  <PWM length='11'>
   <pm-column position='1'>
    <a>-0.105360515657826</a>
    <c>-2.30258509299405</c>
    <g>0.53062825106217</g>
    <t>0.262364264467491</t>
   </pm-column>
   <pm-column position='2'>
    <a>-2.30258509299405</a>
    <c>0.53062825106217</c>
    <g>0.53062825106217</g>
    <t>-0.693147180559945</t>
   </pm-column>
   <pm-column position='3'>
    <a>0.916290731874155</a>
    <c>-2.30258509299405</c>
    <g>0.262364264467491</g>
    <t>-2.30258509299405</t>
   </pm-column>
   <pm-column position='4'>
    <a>1.19392246847243</a>
    <c>-0.693147180559945</c>
    <g>-2.30258509299405</g>
    <t>-2.30258509299405</t>
   </pm-column>
   <pm-column position='5'>
    <a>1.06471073699243</a>
    <c>-2.30258509299405</c>
    <g>-0.693147180559945</g>
    <t>-0.693147180559945</t>
   </pm-column>
   <pm-column position='6'>
    <a>1.06471073699243</a>
    <c>-0.105360515657826</c>
    <g>-2.30258509299405</g>
    <t>-2.30258509299405</t>
   </pm-column>
   <pm-column position='7'>
    <a>-0.693147180559945</a>
    <c>0.53062825106217</c>
    <g>0.53062825106217</g>
    <t>-2.30258509299405</t>
   </pm-column>
   <pm-column position='8'>
    <a>-0.105360515657826</a>
    <c>1.06471073699243</c>
    <g>-2.30258509299405</g>
    <t>-2.30258509299405</t>
   </pm-column>
   <pm-column position='9'>
    <a>1.30833281965018</a>
    <c>-2.30258509299405</c>
    <g>-2.30258509299405</g>
    <t>-2.30258509299405</t>
   </pm-column>
   <pm-column position='10'>
    <a>-2.30258509299405</a>
    <c>-2.30258509299405</c>
    <g>1.06471073699243</g>
    <t>-0.105360515657826</t>
   </pm-column>
   <pm-column position='11'>
    <a>-0.105360515657826</a>
    <c>0.262364264467491</c>
    <g>-0.693147180559945</g>
    <t>0.262364264467491</t>
   </pm-column>
  </PWM>
  <word-list size='9'>
   <word score='6.81826862304067'>GGAAGAGCAGG</word>
   <word score='6.33544482882318'>TCAATCGCAGT</word>
   <word score='5.82057061653119'>GGGCAACAAGT</word>
   <word score='6.26930502631863'>TCGAAAGAATT</word>
   <word score='8.30786255399837'>GGAAAAACAGC</word>
   <word score='6.50180253462812'>ATAAAACCATC</word>
   <word score='9.16391320549516'>GCAAAACCAGA</word>
   <word score='8.89564921890049'>TCAAAACCAGA</word>
   <word score='7.07165149884357'>AGGAACGCAGC</word>
  </word-list>
 </motif>
</smallbismark>