<?xml version='1.0' encoding='UTF-8'?>
<smallbismark>
 <comment name='WARNING'>This is a draft version of small-BiSMark. Specification is the subject to change!</comment>
 <motif name='grh' id='GRH.MTF'>
  <PPM length='13'>
   <pm-column position='1'>
    <a>0.333333333333333</a>
    <c>0.222222222222222</c>
    <g>0.111111111111111</g>
    <t>0.333333333333333</t>
   </pm-column>
   <pm-column position='2'>
    <a>0.222222222222222</a>
    <c>0.0</c>
    <g>0.444444444444444</g>
    <t>0.333333333333333</t>
   </pm-column>
   <pm-column position='3'>
    <a>0.0</a>
    <c>0.444444444444444</c>
    <g>0.444444444444444</g>
    <t>0.111111111111111</t>
   </pm-column>
   <pm-column position='4'>
    <a>0.666666666666667</a>
    <c>0.0</c>
    <g>0.333333333333333</g>
    <t>0.0</t>
   </pm-column>
   <pm-column position='5'>
    <a>0.888888888888889</a>
    <c>0.111111111111111</c>
    <g>0.0</g>
    <t>0.0</t>
   </pm-column>
   <pm-column position='6'>
    <a>0.777777777777778</a>
    <c>0.0</c>
    <g>0.111111111111111</g>
    <t>0.111111111111111</t>
   </pm-column>
   <pm-column position='7'>
    <a>0.777777777777778</a>
    <c>0.222222222222222</c>
    <g>0.0</g>
    <t>0.0</t>
   </pm-column>
   <pm-column position='8'>
    <a>0.111111111111111</a>
    <c>0.444444444444444</c>
    <g>0.444444444444444</g>
    <t>0.0</t>
   </pm-column>
   <pm-column position='9'>
    <a>0.222222222222222</a>
    <c>0.777777777777778</c>
    <g>0.0</g>
    <t>0.0</t>
   </pm-column>
   <pm-column position='10'>
    <a>1.0</a>
    <c>0.0</c>
    <g>0.0</g>
    <t>0.0</t>
   </pm-column>
   <pm-column position='11'>
    <a>0.0</a>
    <c>0.0</c>
    <g>0.777777777777778</g>
    <t>0.222222222222222</t>
   </pm-column>
   <pm-column position='12'>
    <a>0.222222222222222</a>
    <c>0.333333333333333</c>
    <g>0.111111111111111</g>
    <t>0.333333333333333</t>
   </pm-column>
   <pm-column position='13'>
    <a>0.222222222222222</a>
    <c>0.222222222222222</c>
    <g>0.0</g>
    <t>0.555555555555556</t>
   </pm-column>
  </PPM>
  <PWM length='13'>
   <pm-column position='1'>
    <a>0.262364264467491</a>
    <c>-0.105360515657826</c>
    <g>-0.693147180559945</g>
    <t>0.262364264467491</t>
   </pm-column>
   <pm-column position='2'>
    <a>-0.105360515657826</a>
    <c>-2.30258509299405</c>
    <g>0.53062825106217</g>
    <t>0.262364264467491</t>
   </pm-column>
   <pm-column position='3'>
    <a>-2.30258509299405</a>
    <c>0.53062825106217</c>
    <g>0.53062825106217</g>
    <t>-0.693147180559945</t>
   </pm-column>
   <pm-column position='4'>
    <a>0.916290731874155</a>
    <c>-2.30258509299405</c>
    <g>0.262364264467491</g>
    <t>-2.30258509299405</t>
   </pm-column>
   <pm-column position='5'>
    <a>1.19392246847243</a>
    <c>-0.693147180559945</c>
    <g>-2.30258509299405</g>
    <t>-2.30258509299405</t>
   </pm-column>
   <pm-column position='6'>
    <a>1.06471073699243</a>
    <c>-2.30258509299405</c>
    <g>-0.693147180559945</g>
    <t>-0.693147180559945</t>
   </pm-column>
   <pm-column position='7'>
    <a>1.06471073699243</a>
    <c>-0.105360515657826</c>
    <g>-2.30258509299405</g>
    <t>-2.30258509299405</t>
   </pm-column>
   <pm-column position='8'>
    <a>-0.693147180559945</a>
    <c>0.53062825106217</c>
    <g>0.53062825106217</g>
    <t>-2.30258509299405</t>
   </pm-column>
   <pm-column position='9'>
    <a>-0.105360515657826</a>
    <c>1.06471073699243</c>
    <g>-2.30258509299405</g>
    <t>-2.30258509299405</t>
   </pm-column>
   <pm-column position='10'>
    <a>1.30833281965018</a>
    <c>-2.30258509299405</c>
    <g>-2.30258509299405</g>
    <t>-2.30258509299405</t>
   </pm-column>
   <pm-column position='11'>
    <a>-2.30258509299405</a>
    <c>-2.30258509299405</c>
    <g>1.06471073699243</g>
    <t>-0.105360515657826</t>
   </pm-column>
   <pm-column position='12'>
    <a>-0.105360515657826</a>
    <c>0.262364264467491</c>
    <g>-0.693147180559945</g>
    <t>0.262364264467491</t>
   </pm-column>
   <pm-column position='13'>
    <a>-0.105360515657826</a>
    <c>-0.105360515657826</c>
    <g>-2.30258509299405</g>
    <t>0.741937344729377</t>
   </pm-column>
  </PWM>
  <word-list size='9'>
   <word score='7.45484545211223'>CGGAAGAGCAGGT</word>
   <word score='6.49244857763284'>TTCAATCGCAGTC</word>
   <word score='5.86936078070062'>GGGGCAACAAGTT</word>
   <word score='7.2736066355155'>ATCGAAAGAATTT</word>
   <word score='9.31216416319524'>AGGAAAAACAGCT</word>
   <word score='6.65880628343778'>TATAAAACCATCC</word>
   <word score='9.32091695430483'>TGCAAAACCAGAA</word>
   <word score='9.53222604797204'>CTCAAAACCAGAT</word>
   <word score='7.22865524765324'>AAGGAACGCAGCA</word>
  </word-list>
 </motif>
</smallbismark>