<?xml version='1.0' encoding='UTF-8'?>
<smallbismark>
 <comment name='WARNING'>This is a draft version of small-BiSMark. Specification is the subject to change!</comment>
 <comment name='bismark extraction parameters'>source_id=BE_DMEL,factor_name=Mad</comment>
 <group name='bismark extracted sequences' size='19'>
  <segment id='BE_DMEL.006302' length='30' chromosome='2R' location='8412616'>
   <sequence>ACTCGCCAACGTGCCGGCCAAAGTTGTCGA</sequence>
  </segment>
  <segment id='BE_DMEL.006303' length='40' chromosome='2R' location='8412633'>
   <sequence>CCAAAGTTGTCGAATCGCGACGGCAGCCAAGCACAAACAT</sequence>
  </segment>
  <segment id='BE_DMEL.006258' length='35' chromosome='3R' location='2579947'>
   <sequence>GGAGGGCTTGTAGGTAGACGACATAACAGGTCAAT</sequence>
  </segment>
  <segment id='BE_DMEL.006259' length='35' chromosome='3R' location='2579972'>
   <sequence>ACAGGTCAATTCCGCCGACGCATCGTTGCGAAAAA</sequence>
  </segment>
  <segment id='BE_DMEL.006260' length='50' chromosome='3R' location='2580034'>
   <sequence>CCTTCGTCGCTGGACTGCCCGACTGGCACCTCGGAGACTAGCCAAGTCCG</sequence>
  </segment>
  <segment id='BE_DMEL.006263' length='42' chromosome='3R' location='2580137'>
   <sequence>CCTGCCAGGATCTGGCGTTGCGTGAGAGACAGTTCCAGGGTT</sequence>
  </segment>
  <segment id='BE_DMEL.006265' length='42' chromosome='3R' location='2580188'>
   <sequence>CAAGAGCCGGAGTCTCGCCAGGTAGACGGGCTGATGATGATC</sequence>
  </segment>
  <segment id='BE_DMEL.006267' length='35' chromosome='3R' location='2580272'>
   <sequence>AAAGAGCCTCCGGTGGCGGCGCTGAAAGTGAAACC</sequence>
  </segment>
  <segment id='BE_DMEL.006268' length='37' chromosome='3R' location='2580299'>
   <sequence>GTGAAACCGAAGCTGTTGTCGCGGCTTTTGGTCGCTC</sequence>
  </segment>
  <segment id='BE_DMEL.006269' length='34' chromosome='3R' location='2580322'>
   <sequence>GCTTTTGGTCGCTCGCCGTCCGCAATTATCCTCA</sequence>
  </segment>
  <segment id='BE_DMEL.006270' length='51' chromosome='3R' location='2580453'>
   <sequence>GCTCAAGTCTCCGACGCGGCGAATGCGAATCTGTCTCGGGTCTCCGGTCCA</sequence>
  </segment>
  <segment id='BE_DMEL.006281' length='35' chromosome='3R' location='2581255'>
   <sequence>GCAACAAGTTGCCTGGCGGCGCCCCGCGAGTGCTG</sequence>
  </segment>
  <segment id='BE_DMEL.000747' length='51' chromosome='3R' location='17209369'>
   <sequence>ATGGACCACACTGACCAGCCACGCCCCGTCGCGAAGGCGGAATATGAATAT</sequence>
  </segment>
  <segment id='BE_DMEL.000749' length='52' chromosome='3R' location='17209424'>
   <sequence>CCCATAAACAATTACTGTCTCGTCTTTCAATGTCGGCGGCAATGTTGCGGCG</sequence>
  </segment>
  <segment id='BE_DMEL.000750' length='39' chromosome='3R' location='17209456'>
   <sequence>TCGGCGGCAATGTTGCGGCGACGTTTGCCCCTCCGTCGA</sequence>
  </segment>
  <segment id='BE_DMEL.000751' length='44' chromosome='3R' location='17209498'>
   <sequence>TCCGGGACCCCGGTCTGGAGTCTAGACCGGCGCAGCTCTCAAGT</sequence>
  </segment>
  <segment id='BE_DMEL.000754' length='40' chromosome='3R' location='17209596'>
   <sequence>CCAGGATAGAGTTCGCCCTGGAGCGCCGTTTAATTCATAT</sequence>
  </segment>
  <segment id='BE_DMEL.000755' length='38' chromosome='3R' location='17209651'>
   <sequence>AAGGTTCAAGAGCCGCTGTCGCAGCTGCGAGCCTCCCA</sequence>
  </segment>
  <segment id='BE_DMEL.000756' length='32' chromosome='3R' location='17209670'>
   <sequence>CGCAGCTGCGAGCCTCCCACCCCCTTCACCAT</sequence>
  </segment>
 </group>
</smallbismark>