<?xml version='1.0' encoding='UTF-8'?>
<smallbismark>
 <comment name='WARNING'>This is a draft version of small-BiSMark. Specification is the subject to change!</comment>
 <motif name='Mad' id='MAD.MTF'>
  <PPM length='10'>
   <pm-column position='1'>
    <a>0.0</a>
    <c>0.0</c>
    <g>0.684210526315789</g>
    <t>0.315789473684211</t>
   </pm-column>
   <pm-column position='2'>
    <a>0.315789473684211</a>
    <c>0.631578947368421</c>
    <g>0.0526315789473684</g>
    <t>0.0</t>
   </pm-column>
   <pm-column position='3'>
    <a>0.105263157894737</a>
    <c>0.0</c>
    <g>0.894736842105263</g>
    <t>0.0</t>
   </pm-column>
   <pm-column position='4'>
    <a>0.526315789473684</a>
    <c>0.263157894736842</c>
    <g>0.157894736842105</g>
    <t>0.0526315789473684</t>
   </pm-column>
   <pm-column position='5'>
    <a>0.105263157894737</a>
    <c>0.842105263157895</c>
    <g>0.0</g>
    <t>0.0526315789473684</t>
   </pm-column>
   <pm-column position='6'>
    <a>0.105263157894737</a>
    <c>0.0</c>
    <g>0.684210526315789</g>
    <t>0.210526315789474</t>
   </pm-column>
   <pm-column position='7'>
    <a>0.157894736842105</a>
    <c>0.368421052631579</c>
    <g>0.421052631578947</g>
    <t>0.0526315789473684</t>
   </pm-column>
   <pm-column position='8'>
    <a>0.0</a>
    <c>1.0</c>
    <g>0.0</g>
    <t>0.0</t>
   </pm-column>
   <pm-column position='9'>
    <a>0.526315789473684</a>
    <c>0.105263157894737</c>
    <g>0.368421052631579</g>
    <t>0.0</t>
   </pm-column>
   <pm-column position='10'>
    <a>0.157894736842105</a>
    <c>0.157894736842105</c>
    <g>0.578947368421053</g>
    <t>0.105263157894737</t>
   </pm-column>
  </PPM>
  <PWM length='10'>
   <pm-column position='1'>
    <a>-2.99573227355399</a>
    <c>-2.99573227355399</c>
    <g>0.974559639998131</g>
    <t>0.22314355131421</t>
   </pm-column>
   <pm-column position='2'>
    <a>0.22314355131421</a>
    <c>0.896088024556636</c>
    <g>-1.38629436111989</g>
    <t>-2.99573227355399</t>
   </pm-column>
   <pm-column position='3'>
    <a>-0.798507696217772</a>
    <c>-2.99573227355399</c>
    <g>1.23837423104327</g>
    <t>-2.99573227355399</t>
   </pm-column>
   <pm-column position='4'>
    <a>0.717839793150317</a>
    <c>0.048790164169432</c>
    <g>-0.430782916092454</g>
    <t>-1.38629436111989</t>
   </pm-column>
   <pm-column position='5'>
    <a>-0.798507696217772</a>
    <c>1.17865499634165</c>
    <g>-2.99573227355399</g>
    <t>-1.38629436111989</t>
   </pm-column>
   <pm-column position='6'>
    <a>-0.798507696217772</a>
    <c>-2.99573227355399</c>
    <g>0.974559639998131</g>
    <t>-0.162518929497775</t>
   </pm-column>
   <pm-column position='7'>
    <a>-0.430782916092454</a>
    <c>0.371563556432483</c>
    <g>0.500775287912489</g>
    <t>-1.38629436111989</t>
   </pm-column>
   <pm-column position='8'>
    <a>-2.99573227355399</a>
    <c>1.34807314829969</c>
    <g>-2.99573227355399</g>
    <t>-2.99573227355399</t>
   </pm-column>
   <pm-column position='9'>
    <a>0.717839793150317</a>
    <c>-0.798507696217772</c>
    <g>0.371563556432483</g>
    <t>-2.99573227355399</t>
   </pm-column>
   <pm-column position='10'>
    <a>-0.430782916092454</a>
    <c>-0.430782916092454</c>
    <g>0.810930216216329</g>
    <t>-0.798507696217772</t>
   </pm-column>
  </PWM>
  <word-list size='19'>
   <word score='4.41313353501684'>TGGCCGGCAC</word>
   <word score='9.35769477066696'>GCGACGGCAG</word>
   <word score='5.39233809230157'>TAGACGACAT</word>
   <word score='6.90728437967892'>GCGTCGGCGG</word>
   <word score='4.84196649924022'>GAGGTGCCAG</word>
   <word score='7.19160111192591'>GCAACGCCAG</word>
   <word score='7.07218375973078'>GAGACTCCGG</word>
   <word score='7.31772027789728'>GCGCCGCCAC</word>
   <word score='6.65306923044611'>GCGACAACAG</word>
   <word score='4.53381191460168'>TCGCCGTCCG</word>
   <word score='4.65546413958502'>GCGAATGCGA</word>
   <word score='8.55943341020607'>GCGCCGCCAG</word>
   <word score='7.0342558413897'>GCGAAGGCGG</word>
   <word score='6.21594284043148'>TCGGCGGCAA</word>
   <word score='5.32179970826731'>GCGGCGACGT</word>
   <word score='6.6670439077647'>TAGACTCCAG</word>
   <word score='4.30846291245295'>TAAACGGCGC</word>
   <word score='7.23835119773322'>GCGACAGCGG</word>
   <word score='3.99134974579086'>GAGCCTCCCA</word>
  </word-list>
 </motif>
</smallbismark>