<?xml version='1.0' encoding='UTF-8'?>
<smallbismark>
 <comment name='WARNING'>This is a draft version of small-BiSMark. Specification is the subject to change!</comment>
 <motif name='bcd' id='BCD.MTF'>
  <comment name='discrete information content by position'>[-1.21308493031246, -1.19970656310773, -1.22724314310736, -1.14803711787782, -0.836069144499752, -0.488282510100949, -0.541366337321328, 0.0, -0.146420863166653, -0.733269251327742, -1.07174207483962, -1.2009324068582, -1.23797982600176, -1.12193788936747]</comment>
  <comment name='discrete information content'>-12.1660720578888</comment>
  <comment name='number of sequences in the corresponding alignment'>48</comment>
  <PPM length='14'>
   <pm-column position='1'>
    <a>0.395833333333333</a>
    <c>0.229166666666667</c>
    <g>0.1875</g>
    <t>0.1875</t>
   </pm-column>
   <pm-column position='2'>
    <a>0.3125</a>
    <c>0.125</c>
    <g>0.208333333333333</g>
    <t>0.354166666666667</t>
   </pm-column>
   <pm-column position='3'>
    <a>0.354166666666667</a>
    <c>0.208333333333333</c>
    <g>0.166666666666667</g>
    <t>0.270833333333333</t>
   </pm-column>
   <pm-column position='4'>
    <a>0.229166666666667</a>
    <c>0.416666666666667</c>
    <g>0.270833333333333</g>
    <t>0.0833333333333333</t>
   </pm-column>
   <pm-column position='5'>
    <a>0.3125</a>
    <c>0.0416666666666667</c>
    <g>0.604166666666667</g>
    <t>0.0416666666666667</t>
   </pm-column>
   <pm-column position='6'>
    <a>0.166666666666667</a>
    <c>0.0208333333333333</c>
    <g>0.8125</g>
    <t>0.0</t>
   </pm-column>
   <pm-column position='7'>
    <a>0.729166666666667</a>
    <c>0.270833333333333</c>
    <g>0.0</g>
    <t>0.0</t>
   </pm-column>
   <pm-column position='8'>
    <a>0.0</a>
    <c>0.0</c>
    <g>0.0</g>
    <t>1.0</t>
   </pm-column>
   <pm-column position='9'>
    <a>0.0416666666666667</a>
    <c>0.0</c>
    <g>0.0</g>
    <t>0.958333333333333</t>
   </pm-column>
   <pm-column position='10'>
    <a>0.708333333333333</a>
    <c>0.0208333333333333</c>
    <g>0.0625</g>
    <t>0.208333333333333</t>
   </pm-column>
   <pm-column position='11'>
    <a>0.395833333333333</a>
    <c>0.0416666666666667</c>
    <g>0.375</g>
    <t>0.1875</t>
   </pm-column>
   <pm-column position='12'>
    <a>0.375</a>
    <c>0.229166666666667</c>
    <g>0.270833333333333</g>
    <t>0.125</t>
   </pm-column>
   <pm-column position='13'>
    <a>0.333333333333333</a>
    <c>0.25</c>
    <g>0.25</g>
    <t>0.166666666666667</t>
   </pm-column>
   <pm-column position='14'>
    <a>0.229166666666667</a>
    <c>0.0625</c>
    <g>0.291666666666667</g>
    <t>0.416666666666667</t>
   </pm-column>
  </PPM>
  <PWM length='14'>
   <pm-column position='1'>
    <a>0.451985123743057</a>
    <c>-0.0851578083403068</c>
    <g>-0.280902385466402</g>
    <t>-0.280902385466402</t>
   </pm-column>
   <pm-column position='2'>
    <a>0.219053566062685</a>
    <c>-0.672944473242426</c>
    <g>-0.178248231406319</g>
    <t>0.342286206486633</t>
   </pm-column>
   <pm-column position='3'>
    <a>0.342286206486633</a>
    <c>-0.178248231406319</c>
    <g>-0.395312736644146</g>
    <t>0.0784716154414953</t>
   </pm-column>
   <pm-column position='4'>
    <a>-0.0851578083403068</a>
    <c>0.502628856561812</c>
    <g>0.0784716154414953</g>
    <t>-1.05860695405441</t>
   </pm-column>
   <pm-column position='5'>
    <a>0.219053566062685</a>
    <c>-1.69459572077441</c>
    <g>0.87035363668713</g>
    <t>-1.69459572077441</t>
   </pm-column>
   <pm-column position='6'>
    <a>-0.395312736644146</a>
    <c>-2.28238238567653</c>
    <g>1.16442550723768</g>
    <t>-3.89182029811063</t>
   </pm-column>
   <pm-column position='7'>
    <a>1.05693959226754</a>
    <c>0.0784716154414953</c>
    <g>-3.89182029811063</g>
    <t>-3.89182029811063</t>
   </pm-column>
   <pm-column position='8'>
    <a>-3.89182029811063</a>
    <c>-3.89182029811063</c>
    <g>-3.89182029811063</g>
    <t>1.37086989079426</t>
   </pm-column>
   <pm-column position='9'>
    <a>-1.69459572077441</a>
    <c>-3.89182029811063</c>
    <g>-3.89182029811063</g>
    <t>1.3285355269677</t>
   </pm-column>
   <pm-column position='10'>
    <a>1.0281606277175</a>
    <c>-2.28238238567653</c>
    <g>-1.32687094064909</g>
    <t>-0.178248231406319</t>
   </pm-column>
   <pm-column position='11'>
    <a>0.451985123743057</a>
    <c>-1.69459572077441</c>
    <g>0.398639143037765</g>
    <t>-0.280902385466402</t>
   </pm-column>
   <pm-column position='12'>
    <a>0.398639143037765</a>
    <c>-0.0851578083403068</c>
    <g>0.0784716154414953</g>
    <t>-0.672944473242426</t>
   </pm-column>
   <pm-column position='13'>
    <a>0.28256697178501</a>
    <c>0.0</c>
    <g>0.0</g>
    <t>-0.395312736644146</t>
   </pm-column>
   <pm-column position='14'>
    <a>-0.0851578083403068</a>
    <c>-1.32687094064909</c>
    <g>0.151230969723924</g>
    <t>0.502628856561812</t>
   </pm-column>
  </PWM>
  <word-list size='48'>
   <word score='8.0811263701144'>GAAGGGATTATAAT</word>
   <word score='4.04619499524137'>GTACTAATTAAGCA</word>
   <word score='6.35971858863722'>GGGCGGATTTGCAT</word>
   <word score='6.67784963101107'>CGTCGGATTTGCAG</word>
   <word score='4.40272380756294'>CAAAGGATTTGTCC</word>
   <word score='5.97110782600057'>CTCCGGCTTATCGA</word>
   <word score='4.49097823994354'>AAACGGCTTGCAAT</word>
   <word score='7.65776188106467'>AAACGGATTAACAC</word>
   <word score='5.82189607021938'>AGCGAGATTATTAG</word>
   <word score='4.57249365235372'>TGTGCGATTATAGT</word>
   <word score='6.25070468020312'>GCTGGGATTAGCCA</word>
   <word score='7.8065355123994'>GAAGGGATTAGGGG</word>
   <word score='9.29317892122448'>AAACGGATTAAATT</word>
   <word score='5.76485122898367'>ATGGTGATTAAGCT</word>
   <word score='7.3092258733176'>AGAGGGATTTAAGG</word>
   <word score='8.22177534705703'>ATCCGGCTTAGGAT</word>
   <word score='4.32146313733903'>GTCCAGATTGACTG</word>
   <word score='7.98327220982018'>ATCAAGATTAAAAG</word>
   <word score='3.94447652032001'>GATCAACTTTAACG</word>
   <word score='3.15405269228752'>TCAAGGCTAAAGGT</word>
   <word score='2.15066295583947'>ACGGCGATTTGTCA</word>
   <word score='6.5332872920694'>TTTCGGCTTAAGTA</word>
   <word score='5.15508221268924'>TTAAAAATTAGTCT</word>
   <word score='7.0841298138139'>GAAAGGCTTAAAAA</word>
   <word score='7.81701732302336'>AAAAGGCTTAAAAA</word>
   <word score='4.71811433408017'>AATCGCATTTGACT</word>
   <word score='6.66899789186646'>CTGCAGATTATCCT</word>
   <word score='4.33719579313321'>CGCTGGCTTAGGTA</word>
   <word score='7.92713488047762'>CAAGGGATTAGATG</word>
   <word score='4.0630214053583'>TCGCGGATTGAGGA</word>
   <word score='5.11422076265775'>TTCTGGATTAGAGC</word>
   <word score='4.94807082273326'>CAAAAAATTATGCG</word>
   <word score='5.67408782126179'>ACTTGGATTTGGAT</word>
   <word score='5.07398187769342'>CGGGAGCTTAGCGG</word>
   <word score='5.80202601871048'>GGCCAGCTTAGCAG</word>
   <word score='5.7879070052836'>ATGGGGATTACGTT</word>
   <word score='8.23521164720587'>CTTGGGATTAAAGG</word>
   <word score='7.98165810381733'>CATCAGATTAGCAT</word>
   <word score='8.76464977052982'>AAACGGATTTAAAT</word>
   <word score='4.92242437048785'>TTGTGGCTTAACTT</word>
   <word score='6.55175375584772'>TTACGGATTTTAGA</word>
   <word score='5.13716234713087'>CCTCGACTTAAGCT</word>
   <word score='7.29045424321873'>AGCGAGATTAGAGG</word>
   <word score='4.91669251974184'>TTTAGGATTCAAGT</word>
   <word score='7.39444395674278'>AGCCAGATTAGGCG</word>
   <word score='4.4260682252813'>AATAAAATTATTTT</word>
   <word score='5.49099516517955'>ATAAAAATTATTAT</word>
   <word score='3.42073378697983'>ATTAAAATAAAAAA</word>
  </word-list>
 </motif>
</smallbismark>