<?xml version='1.0' encoding='UTF-8'?>
<smallbismark>
 <comment name='WARNING'>This is a draft version of small-BiSMark. Specification is the subject to change!</comment>
 <motif name='bcd' id='BCD.MTF'>
  <PPM length='13'>
   <pm-column position='1'>
    <a>0.3125</a>
    <c>0.125</c>
    <g>0.1875</g>
    <t>0.375</t>
   </pm-column>
   <pm-column position='2'>
    <a>0.333333333333333</a>
    <c>0.25</c>
    <g>0.145833333333333</g>
    <t>0.270833333333333</t>
   </pm-column>
   <pm-column position='3'>
    <a>0.25</a>
    <c>0.4375</c>
    <g>0.229166666666667</g>
    <t>0.0833333333333333</t>
   </pm-column>
   <pm-column position='4'>
    <a>0.333333333333333</a>
    <c>0.0416666666666667</c>
    <g>0.604166666666667</g>
    <t>0.0208333333333333</t>
   </pm-column>
   <pm-column position='5'>
    <a>0.166666666666667</a>
    <c>0.0208333333333333</c>
    <g>0.8125</g>
    <t>0.0</t>
   </pm-column>
   <pm-column position='6'>
    <a>0.6875</a>
    <c>0.3125</c>
    <g>0.0</g>
    <t>0.0</t>
   </pm-column>
   <pm-column position='7'>
    <a>0.0</a>
    <c>0.0</c>
    <g>0.0</g>
    <t>1.0</t>
   </pm-column>
   <pm-column position='8'>
    <a>0.0416666666666667</a>
    <c>0.0</c>
    <g>0.0</g>
    <t>0.958333333333333</t>
   </pm-column>
   <pm-column position='9'>
    <a>0.729166666666667</a>
    <c>0.0208333333333333</c>
    <g>0.0625</g>
    <t>0.1875</t>
   </pm-column>
   <pm-column position='10'>
    <a>0.375</a>
    <c>0.0416666666666667</c>
    <g>0.395833333333333</g>
    <t>0.1875</t>
   </pm-column>
   <pm-column position='11'>
    <a>0.375</a>
    <c>0.229166666666667</c>
    <g>0.25</g>
    <t>0.145833333333333</t>
   </pm-column>
   <pm-column position='12'>
    <a>0.333333333333333</a>
    <c>0.25</c>
    <g>0.25</g>
    <t>0.166666666666667</t>
   </pm-column>
   <pm-column position='13'>
    <a>0.25</a>
    <c>0.0833333333333333</c>
    <g>0.270833333333333</g>
    <t>0.395833333333333</t>
   </pm-column>
  </PPM>
  <PWM length='13'>
   <pm-column position='1'>
    <a>0.219053566062685</a>
    <c>-0.672944473242426</c>
    <g>-0.280902385466402</g>
    <t>0.398639143037765</t>
   </pm-column>
   <pm-column position='2'>
    <a>0.28256697178501</a>
    <c>0.0</c>
    <g>-0.524524468124153</g>
    <t>0.0784716154414953</t>
   </pm-column>
   <pm-column position='3'>
    <a>0.0</a>
    <c>0.55083095837969</c>
    <g>-0.0851578083403068</g>
    <t>-1.05860695405441</t>
   </pm-column>
   <pm-column position='4'>
    <a>0.28256697178501</a>
    <c>-1.69459572077441</c>
    <g>0.87035363668713</g>
    <t>-2.28238238567653</t>
   </pm-column>
   <pm-column position='5'>
    <a>-0.395312736644146</a>
    <c>-2.28238238567653</c>
    <g>1.16442550723768</g>
    <t>-3.89182029811063</t>
   </pm-column>
   <pm-column position='6'>
    <a>0.998528830111127</a>
    <c>0.219053566062685</c>
    <g>-3.89182029811063</g>
    <t>-3.89182029811063</t>
   </pm-column>
   <pm-column position='7'>
    <a>-3.89182029811063</a>
    <c>-3.89182029811063</c>
    <g>-3.89182029811063</g>
    <t>1.37086989079426</t>
   </pm-column>
   <pm-column position='8'>
    <a>-1.69459572077441</a>
    <c>-3.89182029811063</c>
    <g>-3.89182029811063</g>
    <t>1.3285355269677</t>
   </pm-column>
   <pm-column position='9'>
    <a>1.05693959226754</a>
    <c>-2.28238238567653</c>
    <g>-1.32687094064909</g>
    <t>-0.280902385466402</t>
   </pm-column>
   <pm-column position='10'>
    <a>0.398639143037765</a>
    <c>-1.69459572077441</c>
    <g>0.451985123743057</g>
    <t>-0.280902385466402</t>
   </pm-column>
   <pm-column position='11'>
    <a>0.398639143037765</a>
    <c>-0.0851578083403068</c>
    <g>0.0</g>
    <t>-0.524524468124153</t>
   </pm-column>
   <pm-column position='12'>
    <a>0.28256697178501</a>
    <c>0.0</c>
    <g>0.0</g>
    <t>-0.395312736644146</t>
   </pm-column>
   <pm-column position='13'>
    <a>0.0</a>
    <c>-1.05860695405441</c>
    <g>0.0784716154414953</g>
    <t>0.451985123743057</t>
   </pm-column>
  </PWM>
  <word-list size='48'>
   <word score='8.05840456667226'>AAGGGATTATAAT</word>
   <word score='3.70785493406018'>TACTAATTAAGCA</word>
   <word score='6.29859452205145'>GGCGGATTTGCAT</word>
   <word score='6.52807709731553'>GTCGGATTTGCAG</word>
   <word score='4.82228524574368'>AAAGGATTTGTCC</word>
   <word score='6.59358762762774'>TCCGGCTTATCGA</word>
   <word score='4.11741420111917'>AACGGCTTGCAAT</word>
   <word score='7.37954583272088'>AACGGATTAACAC</word>
   <word score='5.39141785899256'>GCGAGATTATTAG</word>
   <word score='4.50683692955311'>GTGCGATTATAGT</word>
   <word score='6.47684963332695'>CTGGGATTAGCCA</word>
   <word score='7.73657245275738'>AAGGGATTAGGGG</word>
   <word score='8.69605515346726'>AACGGATTAAATT</word>
   <word score='5.69514487306625'>TCAAGCTTAATCA</word>
   <word score='6.75166513416086'>TCCGGCTTAGAGC</word>
   <word score='8.14618504070557'>TCCGGCTTAGGAT</word>
   <word score='4.76416610115895'>TCCAGATTGACTG</word>
   <word score='7.75882233550312'>TCAAGATTAAAAG</word>
   <word score='4.2489168749'>ATCAACTTTAACG</word>
   <word score='3.4472932375983'>CAAGGCTAAAGGT</word>
   <word score='1.53169555478198'>CGGCGATTTGTCA</word>
   <word score='7.04144584326956'>TTCGGCTTAAGTA</word>
   <word score='5.70277996946623'>TAAAAATTAGTCT</word>
   <word score='7.59164351572523'>AAAGGCTTAAAAA</word>
   <word score='7.59164351572523'>AAAGGCTTAAAAA</word>
   <word score='4.15596864382503'>ATCGCATTTGACT</word>
   <word score='6.71273688239297'>TGCAGATTATCCT</word>
   <word score='4.72734076759509'>GCTGGCTTAGGTA</word>
   <word score='7.739898859151'>AAGGGATTAGATG</word>
   <word score='4.15784361119968'>CGCGGATTGAGGA</word>
   <word score='5.9217024857752'>TCTGGATTAGAGC</word>
   <word score='4.94131784310428'>AAAAAATTATGCG</word>
   <word score='4.98526841374728'>CTTGGATTTGGAT</word>
   <word score='4.97710532402826'>GGGAGCTTAGCGG</word>
   <word score='6.42018553065742'>GCCAGCTTAGCAG</word>
   <word score='4.94068651696325'>TGGGGATTACGTT</word>
   <word score='8.05735583572142'>TTGGGATTAAAGG</word>
   <word score='8.15160186997801'>ATCAGATTAGCAT</word>
   <word score='8.03609288416247'>AACGGATTTAAAT</word>
   <word score='5.19583916267256'>TGTGGCTTAACTT</word>
   <word score='6.80158483710532'>TACGGATTTTAGA</word>
   <word score='5.25742184349475'>CTCGACTTAAGCT</word>
   <word score='6.76490200757893'>GCGAGATTAGAGG</word>
   <word score='5.17670517441922'>TTAGGATTCAAGT</word>
   <word score='7.00225163126116'>GCCAGATTAGGCG</word>
   <word score='4.19089879029403'>ATAAAATTATTTT</word>
   <word score='5.25245943204178'>TAAAAATTATTAT</word>
   <word score='3.17595284387918'>TTAAAATAAAAAA</word>
  </word-list>
 </motif>
</smallbismark>