<?xml version='1.0' encoding='UTF-8'?>
<smallbismark>
 <comment name='WARNING'>This is a draft version of small-BiSMark. Specification is the subject to change!</comment>
 <group name='best hits of ../BE_DMEL-footprint-Bigfoot/BR_Z1/BR_Z1_ready.xml on ../BE_DMEL-footprint-Bigfoot/BR_Z1/BR_Z1_footprints.xml (flank_length=3)' size='17'>
  <segment type='site' id='PMSIT.BE_DMEL.004473.0' length='8' chromosome='X' location='3105518' strand='direct'>
   <sequence>AGAACAAA</sequence>
  </segment>
  <segment type='site' id='PMSIT.BE_DMEL.004475.1' length='8' chromosome='X' location='3105558' strand='revcomp'>
   <sequence>GAGACCAA</sequence>
  </segment>
  <segment type='site' id='PMSIT.BE_DMEL.004478.2' length='8' chromosome='X' location='3105593' strand='revcomp'>
   <sequence>GATACACA</sequence>
  </segment>
  <segment type='site' id='PMSIT.BE_DMEL.004481.3' length='8' chromosome='X' location='3105652' strand='revcomp'>
   <sequence>GTTAGACA</sequence>
  </segment>
  <segment type='site' id='PMSIT.BE_DMEL.004488.4' length='8' chromosome='X' location='3105784' strand='direct'>
   <sequence>AATAATAA</sequence>
  </segment>
  <segment type='site' id='PMSIT.BE_DMEL.004488.5' length='8' chromosome='X' location='3105796' strand='direct'>
   <sequence>AATAATAA</sequence>
  </segment>
  <segment type='site' id='PMSIT.BE_DMEL.004494.6' length='8' chromosome='X' location='3105919' strand='revcomp'>
   <sequence>AATAGAAA</sequence>
  </segment>
  <segment type='site' id='PMSIT.BE_DMEL.005446.7' length='8' chromosome='2L' location='19115437' strand='revcomp'>
   <sequence>ATTAATAA</sequence>
  </segment>
  <segment type='site' id='PMSIT.BE_DMEL.005451.8' length='8' chromosome='2L' location='19115465' strand='direct'>
   <sequence>AGTGCTAA</sequence>
  </segment>
  <segment type='site' id='PMSIT.BE_DMEL.005454.9' length='8' chromosome='2L' location='19115534' strand='direct'>
   <sequence>AATACTAA</sequence>
  </segment>
  <segment type='site' id='PMSIT.BE_DMEL.005457.10' length='8' chromosome='2L' location='19115563' strand='direct'>
   <sequence>GATGATAA</sequence>
  </segment>
  <segment type='site' id='PMSIT.BE_DMEL.001199.11' length='8' chromosome='3L' location='9354228' strand='revcomp'>
   <sequence>GATACAAA</sequence>
  </segment>
  <segment type='site' id='PMSIT.BE_DMEL.001203.12' length='8' chromosome='3L' location='9354344' strand='direct'>
   <sequence>AATGCAAA</sequence>
  </segment>
  <segment type='site' id='PMSIT.BE_DMEL.001205.13' length='8' chromosome='3L' location='9354482' strand='revcomp'>
   <sequence>AATACAAA</sequence>
  </segment>
  <segment type='site' id='PMSIT.BE_DMEL.004527.14' length='8' chromosome='3L' location='15622714' strand='direct'>
   <sequence>GTTCCAAA</sequence>
  </segment>
  <segment type='site' id='PMSIT.BE_DMEL.004528.15' length='8' chromosome='3L' location='15622763' strand='revcomp'>
   <sequence>AATCCAAA</sequence>
  </segment>
  <segment type='site' id='PMSIT.BE_DMEL.004531.16' length='8' chromosome='3L' location='15622976' strand='revcomp'>
   <sequence>AAAACTAA</sequence>
  </segment>
  <segment type='site' id='PMSIT.BE_DMEL.004532.17' length='8' chromosome='3L' location='15623027' strand='direct'>
   <sequence>GGTCCTAA</sequence>
  </segment>
 </group>
</smallbismark>