<?xml version='1.0' encoding='UTF-8'?>
<smallbismark>
 <comment name='WARNING'>This is a draft version of small-BiSMark. Specification is the subject to change!</comment>
 <motif name='br-Z1' id='BR_Z1.MTF'>
  <comment name='discrete information content by position'>[-0.716357918175883, -0.580911736235056, -0.713621446664492, -1.1284364833124, -0.448276769810564, -0.716357918175883, -0.754394810230293, -0.790049857499054, -0.457344456862674, -0.659721991851821, -0.166659608473895, -0.60351543625852]</comment>
  <comment name='discrete information content'>-7.73564843355053</comment>
  <comment name='number of sequences in the corresponding alignment'>17</comment>
  <PPM length='12'>
   <pm-column position='1'>
    <a>0.411764705882353</a>
    <c>0.0</c>
    <g>0.0588235294117647</g>
    <t>0.529411764705882</t>
   </pm-column>
   <pm-column position='2'>
    <a>0.0</a>
    <c>0.0</c>
    <g>0.411764705882353</g>
    <t>0.588235294117647</t>
   </pm-column>
   <pm-column position='3'>
    <a>0.647058823529412</a>
    <c>0.117647058823529</c>
    <g>0.0</g>
    <t>0.235294117647059</t>
   </pm-column>
   <pm-column position='4'>
    <a>0.235294117647059</a>
    <c>0.235294117647059</c>
    <g>0.235294117647059</g>
    <t>0.294117647058824</t>
   </pm-column>
   <pm-column position='5'>
    <a>0.823529411764706</a>
    <c>0.117647058823529</c>
    <g>0.0588235294117647</g>
    <t>0.0</t>
   </pm-column>
   <pm-column position='6'>
    <a>0.529411764705882</a>
    <c>0.0</c>
    <g>0.0588235294117647</g>
    <t>0.411764705882353</t>
   </pm-column>
   <pm-column position='7'>
    <a>0.647058823529412</a>
    <c>0.0588235294117647</c>
    <g>0.0588235294117647</g>
    <t>0.235294117647059</t>
   </pm-column>
   <pm-column position='8'>
    <a>0.588235294117647</a>
    <c>0.235294117647059</c>
    <g>0.176470588235294</g>
    <t>0.0</t>
   </pm-column>
   <pm-column position='9'>
    <a>0.764705882352941</a>
    <c>0.235294117647059</c>
    <g>0.0</g>
    <t>0.0</t>
   </pm-column>
   <pm-column position='10'>
    <a>0.0588235294117647</a>
    <c>0.294117647058824</c>
    <g>0.0</g>
    <t>0.647058823529412</t>
   </pm-column>
   <pm-column position='11'>
    <a>0.941176470588235</a>
    <c>0.0588235294117647</c>
    <g>0.0</g>
    <t>0.0</t>
   </pm-column>
   <pm-column position='12'>
    <a>0.764705882352941</a>
    <c>0.117647058823529</c>
    <g>0.0588235294117647</g>
    <t>0.0588235294117647</t>
   </pm-column>
  </PPM>
  <PWM length='12'>
   <pm-column position='1'>
    <a>0.476924072090309</a>
    <c>-2.89037175789617</c>
    <g>-1.28093384546206</g>
    <t>0.72054615474806</t>
   </pm-column>
   <pm-column position='2'>
    <a>-2.89037175789617</a>
    <c>-2.89037175789617</c>
    <g>0.476924072090309</g>
    <t>0.823200308808143</t>
   </pm-column>
   <pm-column position='3'>
    <a>0.916290731874155</a>
    <c>-0.693147180559945</c>
    <g>-2.89037175789617</g>
    <t>-0.0571584138399486</t>
   </pm-column>
   <pm-column position='4'>
    <a>-0.0571584138399486</a>
    <c>-0.0571584138399486</c>
    <g>-0.0571584138399486</g>
    <t>0.154150679827258</t>
   </pm-column>
   <pm-column position='5'>
    <a>1.15267950993839</a>
    <c>-0.693147180559945</c>
    <g>-1.28093384546206</g>
    <t>-2.89037175789617</t>
   </pm-column>
   <pm-column position='6'>
    <a>0.72054615474806</a>
    <c>-2.89037175789617</c>
    <g>-1.28093384546206</g>
    <t>0.476924072090309</t>
   </pm-column>
   <pm-column position='7'>
    <a>0.916290731874155</a>
    <c>-1.28093384546206</c>
    <g>-1.28093384546206</g>
    <t>-0.0571584138399486</t>
   </pm-column>
   <pm-column position='8'>
    <a>0.823200308808143</a>
    <c>-0.0571584138399486</c>
    <g>-0.325422400434628</g>
    <t>-2.89037175789617</t>
   </pm-column>
   <pm-column position='9'>
    <a>1.07992015565596</a>
    <c>-0.0571584138399486</c>
    <g>-2.89037175789617</g>
    <t>-2.89037175789617</t>
   </pm-column>
   <pm-column position='10'>
    <a>-1.28093384546206</a>
    <c>0.154150679827258</c>
    <g>-2.89037175789617</g>
    <t>0.916290731874155</t>
   </pm-column>
   <pm-column position='11'>
    <a>1.28401551199947</a>
    <c>-1.28093384546206</c>
    <g>-2.89037175789617</g>
    <t>-2.89037175789617</t>
   </pm-column>
   <pm-column position='12'>
    <a>1.07992015565596</a>
    <c>-0.693147180559945</c>
    <g>-1.28093384546206</g>
    <t>-1.28093384546206</t>
   </pm-column>
  </PWM>
  <word-list size='18'>
   <word score='5.74279245493456'>AGAACAAAAAAA</word>
   <word score='5.47138722697262'>TGAAAACAATAG</word>
   <word score='6.12876718367393'>TTAGATACACAT</word>
   <word score='7.63145887882169'>AGACATAGACAA</word>
   <word score='9.88849787682919'>ATAAATAAATAA</word>
   <word score='7.14525389842309'>TGTGAAAGACAA</word>
   <word score='7.76054199500595'>TTCTATTAATAA</word>
   <word score='4.73652239177341'>AGATAGTGCTAA</word>
   <word score='7.04814309856283'>ATTGAATACTAA</word>
   <word score='9.6136019900978'>TTATAATAATAA</word>
   <word score='7.2350718179652'>ATACATACATAC</word>
   <word score='7.2350718179652'>ATACATACATAC</word>
   <word score='7.65788784094586'>TGCAAAAAACAA</word>
   <word score='7.47869390062295'>ATACAAACATAC</word>
   <word score='6.08832081838205'>TTTGGAACATAA</word>
   <word score='7.38406442377103'>TTATATGAACAA</word>
   <word score='9.449972566316'>TTATAAAACTAA</word>
   <word score='1.26305995938911'>GGTCCTAACTCA</word>
  </word-list>
 </motif>
</smallbismark>