<?xml version='1.0' encoding='UTF-8'?>
<smallbismark>
 <comment name='WARNING'>This is a draft version of small-BiSMark. Specification is the subject to change!</comment>
 <group name='mapping of ../BE_DMEL-footprint-Bigfoot/BR_Z1/BR_Z1_ready.xml on ../BE_DMEL-footprint-Bigfoot/BR_Z1/BR_Z1_footprints.xml (flank_length=3)' size='17'>
  <segment id='BE_DMEL.004473' length='19' chromosome='X' location='3105508'>
   <sequence>caaatctctcAGAACAAAa</sequence>
  </segment>
  <segment id='BE_DMEL.004475' length='25' chromosome='X' location='3105541'>
   <sequence>aacaatagagctggtgaTTGGTCTC</sequence>
  </segment>
  <segment id='BE_DMEL.004478' length='26' chromosome='X' location='3105593'>
   <sequence>TGTGTATCtaattggcaaatgacagg</sequence>
  </segment>
  <segment id='BE_DMEL.004481' length='28' chromosome='X' location='3105645'>
   <sequence>ttgtctaTGTCTAACcatcgccacaagt</sequence>
  </segment>
  <segment id='BE_DMEL.004488' length='38' chromosome='X' location='3105781'>
   <sequence>ataAATAATAAacaaAATAATAAacaaaaccacgatca</sequence>
  </segment>
  <segment id='BE_DMEL.004494' length='46' chromosome='X' location='3105912'>
   <sequence>acataccTTTCTATTctgtaaatatttgtgaaagacaagttcgagg</sequence>
  </segment>
  <segment id='BE_DMEL.005446' length='19' chromosome='2L' location='19115435'>
   <sequence>tgTTATTAATagaagtgcg</sequence>
  </segment>
  <segment id='BE_DMEL.005451' length='17' chromosome='2L' location='19115465'>
   <sequence>AGTGCTAAtcagtgcag</sequence>
  </segment>
  <segment id='BE_DMEL.005454' length='20' chromosome='2L' location='19115530'>
   <sequence>attgAATACTAAttacttga</sequence>
  </segment>
  <segment id='BE_DMEL.005457' length='22' chromosome='2L' location='19115561'>
   <sequence>atGATGATAAtagttataataa</sequence>
  </segment>
  <segment id='BE_DMEL.001199' length='32' chromosome='3L' location='9354219'>
   <sequence>ccatatacaTTTGTATCtacatacatacatac</sequence>
  </segment>
  <segment id='BE_DMEL.001203' length='28' chromosome='3L' location='9354329'>
   <sequence>gttgaaaagctccaaAATGCAAAaaaca</sequence>
  </segment>
  <segment id='BE_DMEL.001205' length='30' chromosome='3L' location='9354460'>
   <sequence>atatattatattatatagtatgTTTGTATT</sequence>
  </segment>
  <segment id='BE_DMEL.004527' length='33' chromosome='3L' location='15622698'>
   <sequence>aacaaggaagtgttatGTTCCAAAtaggaccac</sequence>
  </segment>
  <segment id='BE_DMEL.004528' length='28' chromosome='3L' location='15622751'>
   <sequence>tgacctattgaaTTTGGATTgttcatat</sequence>
  </segment>
  <segment id='BE_DMEL.004531' length='30' chromosome='3L' location='15622967'>
   <sequence>ggagaatacTTAGTTTTataattccaatcc</sequence>
  </segment>
  <segment id='BE_DMEL.004532' length='20' chromosome='3L' location='15623020'>
   <sequence>tgtgccaGGTCCTAActcag</sequence>
  </segment>
 </group>
</smallbismark>