<?xml version='1.0' encoding='UTF-8'?>
<smallbismark>
 <comment name='WARNING'>This is a draft version of small-BiSMark. Specification is the subject to change!</comment>
 <comment name='bismark extraction parameters'>source_id=BE_DMEL,factor_name=br-Z1</comment>
 <group name='bismark extracted sequences' size='17'>
  <segment id='BE_DMEL.004473' length='29' chromosome='X' location='3105503'>
   <sequence>AATATCAAATCTCTCAGAACAAAAAAAAA</sequence>
  </segment>
  <segment id='BE_DMEL.004475' length='35' chromosome='X' location='3105536'>
   <sequence>TTGAAAACAATAGAGCTGGTGATTGGTCTCCGCGA</sequence>
  </segment>
  <segment id='BE_DMEL.004478' length='36' chromosome='X' location='3105588'>
   <sequence>AAAAATGTGTATCTAATTGGCAAATGACAGGGTAAC</sequence>
  </segment>
  <segment id='BE_DMEL.004481' length='38' chromosome='X' location='3105640'>
   <sequence>GAGTCTTGTCTATGTCTAACCATCGCCACAAGTAATAA</sequence>
  </segment>
  <segment id='BE_DMEL.004488' length='48' chromosome='X' location='3105776'>
   <sequence>AATAAATAAATAATAAACAAAATAATAAACAAAACCACGATCAATATG</sequence>
  </segment>
  <segment id='BE_DMEL.004494' length='56' chromosome='X' location='3105907'>
   <sequence>GGAAAACATACCTTTCTATTCTGTAAATATTTGTGAAAGACAAGTTCGAGGCACCC</sequence>
  </segment>
  <segment id='BE_DMEL.005446' length='29' chromosome='2L' location='19115430'>
   <sequence>GAAAGTGTTATTAATAGAAGTGCGTTTTT</sequence>
  </segment>
  <segment id='BE_DMEL.005451' length='27' chromosome='2L' location='19115460'>
   <sequence>AAGATAGTGCTAATCAGTGCAGCAGCT</sequence>
  </segment>
  <segment id='BE_DMEL.005454' length='30' chromosome='2L' location='19115525'>
   <sequence>ACGACATTGAATACTAATTACTTGATAGGC</sequence>
  </segment>
  <segment id='BE_DMEL.005457' length='32' chromosome='2L' location='19115556'>
   <sequence>AAACGATGATGATAATAGTTATAATAATAAGG</sequence>
  </segment>
  <segment id='BE_DMEL.001199' length='42' chromosome='3L' location='9354214'>
   <sequence>TATCTCCATATACATTTGTATCTACATACATACATACATACC</sequence>
  </segment>
  <segment id='BE_DMEL.001203' length='38' chromosome='3L' location='9354324'>
   <sequence>AACCGGTTGAAAAGCTCCAAAATGCAAAAAACAACAAC</sequence>
  </segment>
  <segment id='BE_DMEL.001205' length='40' chromosome='3L' location='9354455'>
   <sequence>TGGCCATATATTATATTATATAGTATGTTTGTATTGATAT</sequence>
  </segment>
  <segment id='BE_DMEL.004527' length='43' chromosome='3L' location='15622693'>
   <sequence>TTGGAAACAAGGAAGTGTTATGTTCCAAATAGGACCACATCTG</sequence>
  </segment>
  <segment id='BE_DMEL.004528' length='38' chromosome='3L' location='15622746'>
   <sequence>GAATCTGACCTATTGAATTTGGATTGTTCATATAAAAT</sequence>
  </segment>
  <segment id='BE_DMEL.004531' length='40' chromosome='3L' location='15622962'>
   <sequence>ATGAAGGAGAATACTTAGTTTTATAATTCCAATCCTTTAG</sequence>
  </segment>
  <segment id='BE_DMEL.004532' length='30' chromosome='3L' location='15623015'>
   <sequence>ATTGATGTGCCAGGTCCTAACTCAGGAAGC</sequence>
  </segment>
 </group>
</smallbismark>