<?xml version='1.0' encoding='UTF-8'?>
<smallbismark>
 <comment name='WARNING'>This is a draft version of small-BiSMark. Specification is the subject to change!</comment>
 <motif name='br-Z1' id='BR_Z1.MTF'>
  <comment name='discrete information content by position'>[-0.92549603943988, -0.513551012452527, -0.288979699157493, -0.166659608473895, -0.554324376014876, -0.383652517539339]</comment>
  <comment name='discrete information content'>-2.83266325307801</comment>
  <comment name='number of sequences in the corresponding alignment'>17</comment>
  <PPM length='6'>
   <pm-column position='1'>
    <a>0.176470588235294</a>
    <c>0.235294117647059</c>
    <g>0.0588235294117647</g>
    <t>0.529411764705882</t>
   </pm-column>
   <pm-column position='2'>
    <a>0.294117647058824</a>
    <c>0.705882352941177</c>
    <g>0.0</g>
    <t>0.0</t>
   </pm-column>
   <pm-column position='3'>
    <a>0.117647058823529</a>
    <c>0.0</c>
    <g>0.0</g>
    <t>0.882352941176471</t>
   </pm-column>
   <pm-column position='4'>
    <a>0.941176470588235</a>
    <c>0.0588235294117647</c>
    <g>0.0</g>
    <t>0.0</t>
   </pm-column>
   <pm-column position='5'>
    <a>0.647058823529412</a>
    <c>0.0</c>
    <g>0.0</g>
    <t>0.352941176470588</t>
   </pm-column>
   <pm-column position='6'>
    <a>0.0</a>
    <c>0.176470588235294</c>
    <g>0.0</g>
    <t>0.823529411764706</t>
   </pm-column>
  </PPM>
  <PWM length='6'>
   <pm-column position='1'>
    <a>-0.325422400434628</a>
    <c>-0.0571584138399486</c>
    <g>-1.28093384546206</g>
    <t>0.72054615474806</t>
   </pm-column>
   <pm-column position='2'>
    <a>0.154150679827258</a>
    <c>1.00144854021446</c>
    <g>-2.89037175789617</g>
    <t>-2.89037175789617</t>
   </pm-column>
   <pm-column position='3'>
    <a>-0.693147180559945</a>
    <c>-2.89037175789617</c>
    <g>-2.89037175789617</g>
    <t>1.22050210627715</t>
   </pm-column>
   <pm-column position='4'>
    <a>1.28401551199947</a>
    <c>-1.28093384546206</c>
    <g>-2.89037175789617</g>
    <t>-2.89037175789617</t>
   </pm-column>
   <pm-column position='5'>
    <a>0.916290731874155</a>
    <c>-2.89037175789617</c>
    <g>-2.89037175789617</g>
    <t>0.328504066972036</t>
   </pm-column>
   <pm-column position='6'>
    <a>-2.89037175789617</a>
    <c>-0.325422400434628</c>
    <g>-2.89037175789617</g>
    <t>1.15267950993839</t>
   </pm-column>
  </PWM>
  <word-list size='19'>
   <word score='1.66464462231501'>TCTCTC</word>
   <word score='5.70769589014956'>TCTATT</word>
   <word score='6.29548255505168'>TCTAAT</word>
   <word score='4.81738064467867'>TCTAAC</word>
   <word score='4.40221613948179'>AATAAT</word>
   <word score='4.40221613948179'>AATAAT</word>
   <word score='5.70769589014956'>TCTATT</word>
   <word score='5.70769589014956'>TCTATT</word>
   <word score='4.29400255484156'>GCTAAT</word>
   <word score='5.24951399986899'>ACTAAT</word>
   <word score='5.44818469466448'>TATAAT</word>
   <word score='3.3358647130319'>ACAAAT</word>
   <word score='2.75683083923938'>CAAAAT</word>
   <word score='5.44818469466448'>TATAAT</word>
   <word score='5.44818469466448'>TATAAT</word>
   <word score='4.92999132156155'>CCTATT</word>
   <word score='4.92999132156155'>CCTATT</word>
   <word score='5.44818469466448'>TATAAT</word>
   <word score='4.03967607609066'>CCTAAC</word>
  </word-list>
 </motif>
</smallbismark>