<?xml version='1.0' encoding='UTF-8'?>
<smallbismark>
 <comment name='WARNING'>This is a draft version of small-BiSMark. Specification is the subject to change!</comment>
 <comment name='bismark extraction parameters'>source_id=BE_DMEL,factor_name=dl</comment>
 <group name='bismark extracted sequences' size='38'>
  <segment id='BE_DMEL.005229' length='39' chromosome='2L' location='2456168'>
   <sequence>CTTTTTATAAGAAGAATAATTTCCATTTTTATTGATTTC</sequence>
  </segment>
  <segment id='BE_DMEL.005230' length='37' chromosome='2L' location='2456198'>
   <sequence>ATTGATTTCAATCTGGTTTATCTAGATCGCATGGTAC</sequence>
  </segment>
  <segment id='BE_DMEL.005231' length='40' chromosome='2L' location='2456341'>
   <sequence>ATTACTTCCTATACCTGAATTTTCCACCTGCCATCCGCCT</sequence>
  </segment>
  <segment id='BE_DMEL.005234' length='36' chromosome='2L' location='2456415'>
   <sequence>ATTAGCCGTAATTTATATTCCCACTCATCGCAATGC</sequence>
  </segment>
  <segment id='BE_DMEL.005235' length='42' chromosome='2L' location='2456435'>
   <sequence>CCACTCATCGCAATGCGTACTTTCCGCTACCAAAATGCGAAT</sequence>
  </segment>
  <segment id='BE_DMEL.005237' length='38' chromosome='2L' location='2456474'>
   <sequence>AATGAAGAGCCAGTCGGATTTTCCTGAAATTTCTGTTT</sequence>
  </segment>
  <segment id='BE_DMEL.005239' length='40' chromosome='2L' location='2456596'>
   <sequence>CGCTGTGAAATCACGCGGAAATTCCACGGCTTTCCAAAAT</sequence>
  </segment>
  <segment id='BE_DMEL.005244' length='39' chromosome='2L' location='2456691'>
   <sequence>GGCAGTGACCTTGAAATTTTTCCTAAGAATTACACCAGG</sequence>
  </segment>
  <segment id='BE_DMEL.005245' length='38' chromosome='2L' location='2456738'>
   <sequence>GCGCATGCGCTAAATGGCTTTTATATTGTATTTGTAGG</sequence>
  </segment>
  <segment id='BE_DMEL.005247' length='39' chromosome='2L' location='2456789'>
   <sequence>ATTAAAGCGTATTTCGCATTATTTTCCGCAGGATTATAG</sequence>
  </segment>
  <segment id='BE_DMEL.005248' length='42' chromosome='2L' location='2456812'>
   <sequence>TTCCGCAGGATTATAGGGTCGAACAATAAAGCAGTTAGGTGC</sequence>
  </segment>
  <segment id='BE_DMEL.005249' length='35' chromosome='2L' location='2456986'>
   <sequence>TGGTTTTCGGACTCGGAACCCAACCCTCCGGTTGA</sequence>
  </segment>
  <segment id='BE_DMEL.005250' length='40' chromosome='2L' location='2457000'>
   <sequence>GGAACCCAACCCTCCGGTTGATTCCCGCTTCCCAAAAGAA</sequence>
  </segment>
  <segment id='BE_DMEL.005251' length='36' chromosome='2L' location='2457280'>
   <sequence>ACCTTTGTCGTCCCCGATTTCCCTGCACTTTCCACG</sequence>
  </segment>
  <segment id='BE_DMEL.006285' length='41' chromosome='2L' location='15475277'>
   <sequence>CTCCAACTATCGATGGGAAACTTTCCCAACTCCCACTCCCG</sequence>
  </segment>
  <segment id='BE_DMEL.006286' length='38' chromosome='2L' location='15475478'>
   <sequence>AAAAAATTCCAGCGCGGAATTCCAATTCCCCGCGATCC</sequence>
  </segment>
  <segment id='BE_DMEL.006287' length='38' chromosome='2L' location='15475566'>
   <sequence>CCGCATTTCCATTTCGTATTTCCCTGCAATGGATTTTC</sequence>
  </segment>
  <segment id='BE_DMEL.006288' length='38' chromosome='2L' location='15475631'>
   <sequence>GCGAAGGATTTAAAGTAATTTCCCATCTTATCCAATTA</sequence>
  </segment>
  <segment id='BE_DMEL.006289' length='38' chromosome='2L' location='15475710'>
   <sequence>GAAAAACTGGCTGGGGGTTTTCTATATGTCCTCACATC</sequence>
  </segment>
  <segment id='BE_DMEL.006290' length='38' chromosome='2L' location='15475743'>
   <sequence>ACATCCTACCTGGTGGGTCATCCCGGATATCTCGGTTA</sequence>
  </segment>
  <segment id='BE_DMEL.006291' length='39' chromosome='2L' location='15475908'>
   <sequence>CTCATTGATGTCGCGGGAAAATCCGCACTTGTCGAACCC</sequence>
  </segment>
  <segment id='BE_DMEL.006292' length='38' chromosome='2L' location='15475974'>
   <sequence>AAAAATTCCTGGTCGGGTTGGCCCGCTCATTAGTATTA</sequence>
  </segment>
  <segment id='BE_DMEL.006293' length='38' chromosome='2L' location='15476014'>
   <sequence>TAGATTGGCGGCCAGTGTTTTCCGCTTCATTCATTACT</sequence>
  </segment>
  <segment id='BE_DMEL.006294' length='38' chromosome='2L' location='15476049'>
   <sequence>ACTTCATTATTTTGGGGAAAACCCTTTCGGGGGTTAAA</sequence>
  </segment>
  <segment id='BE_DMEL.006449' length='33' chromosome='2R' location='18552798'>
   <sequence>TCCGGAAATTTGACTTTTCGCTCGTATTTTTCT</sequence>
  </segment>
  <segment id='BE_DMEL.006450' length='42' chromosome='2R' location='18552811'>
   <sequence>CTTTTCGCTCGTATTTTTCTGGATTTTCGGAGCTCCGAGCCG</sequence>
  </segment>
  <segment id='BE_DMEL.006451' length='33' chromosome='2R' location='18552852'>
   <sequence>GCATTCGCCTGCGATTTTCTCGGTACGTGTGTG</sequence>
  </segment>
  <segment id='BE_DMEL.002699' length='33' chromosome='2R' location='18553597'>
   <sequence>ATACTTCCCAGGCATTTTCCCAAATCGAGAGAA</sequence>
  </segment>
  <segment id='BE_DMEL.002701' length='33' chromosome='2R' location='18553613'>
   <sequence>TTCCCAAATCGAGAGAAAACCCAAAGAATAACC</sequence>
  </segment>
  <segment id='BE_DMEL.002703' length='33' chromosome='2R' location='18553643'>
   <sequence>ACCCAAGAGAAACAGAAAAATCCAGAGCGTCGA</sequence>
  </segment>
  <segment id='BE_DMEL.002705' length='33' chromosome='2R' location='18553731'>
   <sequence>CCGCTGCCGCTCGAGAAAATCGAAATCCCCCGC</sequence>
  </segment>
  <segment id='BE_DMEL.000901' length='33' chromosome='3L' location='1445363'>
   <sequence>AAACATGCGGTGGGAAAAACACACATCGCGAAA</sequence>
  </segment>
  <segment id='BE_DMEL.000905' length='33' chromosome='3L' location='1445499'>
   <sequence>CAAGTGGCGGGCGGAATTTCCTGATTCGCGATG</sequence>
  </segment>
  <segment id='BE_DMEL.000909' length='33' chromosome='3L' location='1445558'>
   <sequence>ACATGTTTTGGGGGAAATTCCCGGGCGACGGGC</sequence>
  </segment>
  <segment id='BE_DMEL.000910' length='33' chromosome='3L' location='1445605'>
   <sequence>CTGTCCTGCGTGGGAAAAGCCCACGTCCTACCC</sequence>
  </segment>
  <segment id='BE_DMEL.006272' length='32' chromosome='3R' location='2581091'>
   <sequence>GATTCAGAGCTTGGTTTTCCCAGGACATCCAT</sequence>
  </segment>
  <segment id='BE_DMEL.006274' length='33' chromosome='3R' location='2581159'>
   <sequence>ACTCTATAACTGGGAGAAACCCAATCAATATTC</sequence>
  </segment>
  <segment id='BE_DMEL.006277' length='32' chromosome='3R' location='2581209'>
   <sequence>TATTGGACTTCTGGATTTCCCAAAACTTATAT</sequence>
  </segment>
 </group>
</smallbismark>