<?xml version='1.0' encoding='UTF-8'?>
<smallbismark>
 <comment name='WARNING'>This is a draft version of small-BiSMark. Specification is the subject to change!</comment>
 <motif name='dl' id='DL.MTF'>
  <comment name='discrete information content by position'>[-1.1313676220134, -0.633762796471053, -0.934773781016749, -0.633762796471053, -1.0375593111846, -0.552757211848208, -0.294982032683372, -0.43493255883408, -0.713881807990091, -0.266812521847582, -0.956945480534993, -0.896476748581272, -1.21970821076756]</comment>
  <comment name='discrete information content'>-9.70772288024402</comment>
  <comment name='number of sequences in the corresponding alignment'>38</comment>
  <PPM length='13'>
   <pm-column position='1'>
    <a>0.131578947368421</a>
    <c>0.263157894736842</c>
    <g>0.157894736842105</g>
    <t>0.447368421052632</t>
   </pm-column>
   <pm-column position='2'>
    <a>0.0</a>
    <c>0.0</c>
    <g>0.552631578947368</g>
    <t>0.447368421052632</t>
   </pm-column>
   <pm-column position='3'>
    <a>0.0526315789473684</a>
    <c>0.105263157894737</c>
    <g>0.578947368421053</g>
    <t>0.263157894736842</t>
   </pm-column>
   <pm-column position='4'>
    <a>0.447368421052632</a>
    <c>0.0</c>
    <g>0.552631578947368</g>
    <t>0.0</t>
   </pm-column>
   <pm-column position='5'>
    <a>0.394736842105263</a>
    <c>0.105263157894737</c>
    <g>0.0789473684210526</g>
    <t>0.421052631578947</t>
   </pm-column>
   <pm-column position='6'>
    <a>0.105263157894737</a>
    <c>0.0526315789473684</c>
    <g>0.0263157894736842</g>
    <t>0.815789473684211</t>
   </pm-column>
   <pm-column position='7'>
    <a>0.0</a>
    <c>0.0</c>
    <g>0.105263157894737</g>
    <t>0.894736842105263</t>
   </pm-column>
   <pm-column position='8'>
    <a>0.0526315789473684</a>
    <c>0.0526315789473684</c>
    <g>0.0263157894736842</g>
    <t>0.868421052631579</t>
   </pm-column>
   <pm-column position='9'>
    <a>0.0263157894736842</a>
    <c>0.526315789473684</c>
    <g>0.0</g>
    <t>0.447368421052632</t>
   </pm-column>
   <pm-column position='10'>
    <a>0.0263157894736842</a>
    <c>0.921052631578947</c>
    <g>0.0</g>
    <t>0.0526315789473684</t>
   </pm-column>
   <pm-column position='11'>
    <a>0.0</a>
    <c>0.473684210526316</c>
    <g>0.263157894736842</g>
    <t>0.263157894736842</t>
   </pm-column>
   <pm-column position='12'>
    <a>0.315789473684211</a>
    <c>0.526315789473684</c>
    <g>0.157894736842105</g>
    <t>0.0</t>
   </pm-column>
   <pm-column position='13'>
    <a>0.289473684210526</a>
    <c>0.184210526315789</c>
    <g>0.210526315789474</g>
    <t>0.315789473684211</t>
   </pm-column>
  </PPM>
  <PWM length='13'>
   <pm-column position='1'>
    <a>-0.619039208406224</a>
    <c>0.0500104205746614</c>
    <g>-0.444685821261446</g>
    <t>0.570544858467613</t>
   </pm-column>
   <pm-column position='2'>
    <a>-3.66356164612965</a>
    <c>-3.66356164612965</c>
    <g>0.77908961036067</g>
    <t>0.570544858467613</t>
   </pm-column>
   <pm-column position='3'>
    <a>-1.46633706879343</a>
    <c>-0.83034830207343</c>
    <g>0.825074723602493</g>
    <t>0.0500104205746614</t>
   </pm-column>
   <pm-column position='4'>
    <a>0.570544858467613</a>
    <c>-3.66356164612965</c>
    <g>0.77908961036067</g>
    <t>-3.66356164612965</t>
   </pm-column>
   <pm-column position='5'>
    <a>0.447312218043665</a>
    <c>-0.83034830207343</c>
    <g>-1.09861228866811</g>
    <t>0.510825623765991</t>
   </pm-column>
   <pm-column position='6'>
    <a>-0.83034830207343</a>
    <c>-1.46633706879343</c>
    <g>-2.05412373369555</g>
    <t>1.16475209117265</t>
   </pm-column>
   <pm-column position='7'>
    <a>-3.66356164612965</a>
    <c>-3.66356164612965</c>
    <g>-0.83034830207343</g>
    <t>1.25641927969848</t>
   </pm-column>
   <pm-column position='8'>
    <a>-1.46633706879343</a>
    <c>-1.46633706879343</c>
    <g>-2.05412373369555</g>
    <t>1.22678748209211</t>
   </pm-column>
   <pm-column position='9'>
    <a>-2.05412373369555</a>
    <c>0.730887508542792</c>
    <g>-3.66356164612965</g>
    <t>0.570544858467613</t>
   </pm-column>
   <pm-column position='10'>
    <a>-2.05412373369555</a>
    <c>1.28519824424852</c>
    <g>-3.66356164612965</g>
    <t>-1.46633706879343</t>
   </pm-column>
   <pm-column position='11'>
    <a>-3.66356164612965</a>
    <c>0.626897795018745</c>
    <g>0.0500104205746614</g>
    <t>0.0500104205746614</t>
   </pm-column>
   <pm-column position='12'>
    <a>0.22825865198098</a>
    <c>0.730887508542792</c>
    <g>-0.444685821261446</g>
    <t>-3.66356164612965</t>
   </pm-column>
   <pm-column position='13'>
    <a>0.143100843640673</a>
    <c>-0.296265816143172</c>
    <g>-0.167054084663166</g>
    <t>0.22825865198098</t>
   </pm-column>
  </PWM>
  <word-list size='38'>
   <word score='2.33412050726867'>TGGAAATTATTCT</word>
   <word score='5.65733762945775'>CTGGTTTATCTAG</word>
   <word score='8.52607966569197'>CTGAATTTTCCAC</word>
   <word score='6.50030546310851'>TTTATATTCCCAC</word>
   <word score='7.29250819475716'>CGTACTTTCCGCT</word>
   <word score='8.14801528547987'>CGGATTTTCCTGA</word>
   <word score='9.4704547191509'>TGGAATTTCCGCG</word>
   <word score='5.23936507472608'>TGAAATTTTTCCT</word>
   <word score='3.39622938422305'>ATGGCTTTTATAT</word>
   <word score='7.67092993138234'>ATTATTTTCCGCA</word>
   <word score='5.67140825006343'>TTTATTGTTCGAC</word>
   <word score='2.41273054825222'>GTTGGGTTCCGAG</word>
   <word score='5.38234792215262'>GTTGATTCCCGCT</word>
   <word score='4.61793445455148'>TTTGTCGTCCCCG</word>
   <word score='4.25942273973258'>GGAAACTTTCCCA</word>
   <word score='7.47535432590481'>TTGGAATTCCGCG</word>
   <word score='6.69530216696426'>TTCGTATTTCCCT</word>
   <word score='7.97537760377564'>AGTAATTTCCCAT</word>
   <word score='6.85018551461028'>GGGGGTTTTCTAT</word>
   <word score='4.32361968689582'>CGGGATGACCCAC</word>
   <word score='8.28553600014011'>CGGATTTTCCCGC</word>
   <word score='3.12640195447361'>CGGGTTGGCCCGC</word>
   <word score='8.17317724350876'>AGTGTTTTCCGCT</word>
   <word score='9.43997111264037'>AGGGTTTTCCCCA</word>
   <word score='8.21921953370971'>TTGACTTTTCGCT</word>
   <word score='7.92415922968237'>CTGGATTTTCGGA</word>
   <word score='7.86323379529285'>TGCGATTTTCTCG</word>
   <word score='7.24772786565435'>GGCATTTTCCCAA</word>
   <word score='8.15950029900809'>TTGGGTTTTCTCT</word>
   <word score='8.59336488163795'>TGGATTTTTCTGT</word>
   <word score='7.65468904339979'>TTCGATTTTCTCG</word>
   <word score='9.69414822641119'>TGTGTTTTTCCCA</word>
   <word score='8.08450187975755'>CGGAATTTCCTGA</word>
   <word score='8.90289968238592'>GGGAATTTCCCCC</word>
   <word score='9.1280386035996'>TGGGCTTTTCCCA</word>
   <word score='9.60822664275549'>TTGGTTTTCCCAG</word>
   <word score='7.77608797855349'>TGGGTTTCTCCCA</word>
   <word score='9.33433372744405'>CTGGATTTCCCAA</word>
  </word-list>
 </motif>
</smallbismark>