<?xml version='1.0' encoding='UTF-8'?>
<smallbismark>
 <comment name='WARNING'>This is a draft version of small-BiSMark. Specification is the subject to change!</comment>
 <motif name='dl' id='DL.MTF'>
  <comment name='discrete information content by position'>[-1.19274757085929, -1.22498901854288, -1.14282336073071, -0.699940681022045, -0.934773781016749, -0.637819393308613, -1.02765200667842, -0.510403582573627, -0.17250939188821, -0.479794350738179, -0.716654453138981, -0.266812521847582, -0.979071353676204, -0.934773781018294]</comment>
  <comment name='discrete information content'>-10.9207652470398</comment>
  <comment name='number of sequences in the corresponding alignment'>38</comment>
  <PPM length='14'>
   <pm-column position='1'>
    <a>0.315789473684211</a>
    <c>0.342105263157895</c>
    <g>0.184210526315789</g>
    <t>0.157894736842105</t>
   </pm-column>
   <pm-column position='2'>
    <a>0.184210526315789</a>
    <c>0.263157894736842</c>
    <g>0.236842105263158</g>
    <t>0.315789473684211</t>
   </pm-column>
   <pm-column position='3'>
    <a>0.131578947368421</a>
    <c>0.289473684210526</c>
    <g>0.157894736842105</g>
    <t>0.421052631578947</t>
   </pm-column>
   <pm-column position='4'>
    <a>0.0</a>
    <c>0.0263157894736842</c>
    <g>0.578947368421053</g>
    <t>0.394736842105263</t>
   </pm-column>
   <pm-column position='5'>
    <a>0.0526315789473684</a>
    <c>0.105263157894737</c>
    <g>0.578947368421053</g>
    <t>0.263157894736842</t>
   </pm-column>
   <pm-column position='6'>
    <a>0.526315789473684</a>
    <c>0.0</c>
    <g>0.473684210526316</g>
    <t>0.0</t>
   </pm-column>
   <pm-column position='7'>
    <a>0.342105263157895</a>
    <c>0.105263157894737</c>
    <g>0.0789473684210526</g>
    <t>0.473684210526316</t>
   </pm-column>
   <pm-column position='8'>
    <a>0.131578947368421</a>
    <c>0.0</c>
    <g>0.0526315789473684</g>
    <t>0.815789473684211</t>
   </pm-column>
   <pm-column position='9'>
    <a>0.0</a>
    <c>0.0</c>
    <g>0.0526315789473684</g>
    <t>0.947368421052632</t>
   </pm-column>
   <pm-column position='10'>
    <a>0.0263157894736842</a>
    <c>0.105263157894737</c>
    <g>0.0263157894736842</g>
    <t>0.842105263157895</t>
   </pm-column>
   <pm-column position='11'>
    <a>0.0263157894736842</a>
    <c>0.5</c>
    <g>0.0</g>
    <t>0.473684210526316</t>
   </pm-column>
   <pm-column position='12'>
    <a>0.0263157894736842</a>
    <c>0.921052631578947</c>
    <g>0.0</g>
    <t>0.0526315789473684</t>
   </pm-column>
   <pm-column position='13'>
    <a>0.0</a>
    <c>0.421052631578947</c>
    <g>0.263157894736842</g>
    <t>0.315789473684211</t>
   </pm-column>
   <pm-column position='14'>
    <a>0.289473684210526</a>
    <c>0.5</c>
    <g>0.210526315789474</g>
    <t>0.0</t>
   </pm-column>
  </PPM>
  <PWM length='14'>
   <pm-column position='1'>
    <a>0.22825865198098</a>
    <c>0.306730267422475</c>
    <g>-0.296265816143172</g>
    <t>-0.444685821261446</t>
   </pm-column>
   <pm-column position='2'>
    <a>-0.296265816143172</a>
    <c>0.0500104205746614</c>
    <g>-0.052643733485422</g>
    <t>0.22825865198098</t>
   </pm-column>
   <pm-column position='3'>
    <a>-0.619039208406224</a>
    <c>0.143100843640673</c>
    <g>-0.444685821261446</g>
    <t>0.510825623765991</t>
   </pm-column>
   <pm-column position='4'>
    <a>-3.66356164612965</a>
    <c>-2.05412373369555</c>
    <g>0.825074723602493</g>
    <t>0.447312218043665</t>
   </pm-column>
   <pm-column position='5'>
    <a>-1.46633706879343</a>
    <c>-0.83034830207343</c>
    <g>0.825074723602493</g>
    <t>0.0500104205746614</t>
   </pm-column>
   <pm-column position='6'>
    <a>0.730887508542792</a>
    <c>-3.66356164612965</c>
    <g>0.626897795018745</g>
    <t>-3.66356164612965</t>
   </pm-column>
   <pm-column position='7'>
    <a>0.306730267422475</a>
    <c>-0.83034830207343</c>
    <g>-1.09861228866811</g>
    <t>0.626897795018745</t>
   </pm-column>
   <pm-column position='8'>
    <a>-0.619039208406224</a>
    <c>-3.66356164612965</c>
    <g>-1.46633706879343</g>
    <t>1.16475209117265</t>
   </pm-column>
   <pm-column position='9'>
    <a>-3.66356164612965</a>
    <c>-3.66356164612965</c>
    <g>-1.46633706879343</g>
    <t>1.31317209629093</t>
   </pm-column>
   <pm-column position='10'>
    <a>-2.05412373369555</a>
    <c>-0.83034830207343</c>
    <g>-2.05412373369555</g>
    <t>1.19625075823203</t>
   </pm-column>
   <pm-column position='11'>
    <a>-2.05412373369555</a>
    <c>0.680243775724037</c>
    <g>-3.66356164612965</g>
    <t>0.626897795018745</t>
   </pm-column>
   <pm-column position='12'>
    <a>-2.05412373369555</a>
    <c>1.28519824424852</c>
    <g>-3.66356164612965</g>
    <t>-1.46633706879343</t>
   </pm-column>
   <pm-column position='13'>
    <a>-3.66356164612965</a>
    <c>0.510825623765991</c>
    <g>0.0500104205746614</g>
    <t>0.22825865198098</t>
   </pm-column>
   <pm-column position='14'>
    <a>0.143100843640673</a>
    <c>0.680243775724037</c>
    <g>-0.167054084663166</g>
    <t>-3.66356164612965</t>
   </pm-column>
  </PWM>
  <word-list size='38'>
   <word score='2.40901095410683'>AATGGAAATTATTC</word>
   <word score='5.83305666794324'>ATCTGGTTTATCTA</word>
   <word score='8.97157208617728'>ACCTGAATTTTCCA</word>
   <word score='6.80767853527962'>AATTTATATTCCCA</word>
   <word score='6.79126680150719'>TGCGTACTTTCCGC</word>
   <word score='8.78384996323099'>GTCGGATTTTCCTG</word>
   <word score='9.82255054284017'>CGTGGAATTTCCGC</word>
   <word score='5.46797504535473'>CTTGAAATTTTTCC</word>
   <word score='3.00019856466352'>AAATGGCTTTTATA</word>
   <word score='7.359684500172'>GCATTATTTTCCGC</word>
   <word score='5.1195512544712'>GCTTTATTGTTCGA</word>
   <word score='2.43365184399634'>GGGTTGGGTTCCGA</word>
   <word score='5.58362351539656'>CGGTTGATTCCCGC</word>
   <word score='4.30280029778682'>CCCCGATTTCCCTG</word>
   <word score='3.60059127925284'>TGGGAAAGTTTCCC</word>
   <word score='7.23491332607917'>AATTGGAATTCCGC</word>
   <word score='6.8316515186097'>ATTTCGTATTTCCC</word>
   <word score='7.51919998064884'>AAAGTAATTTCCCA</word>
   <word score='7.22636853228216'>CTGGGGGTTTTCTA</word>
   <word score='5.16661324339437'>CCCGGATATCTCGG</word>
   <word score='8.63709454443132'>TGCGGATTTTCCCG</word>
   <word score='2.93254356448002'>GTCGGGTTGGCCCG</word>
   <word score='8.23645337577242'>CCAGTGTTTTCCGC</word>
   <word score='9.04758502983226'>AAAGGGTTTTCCCC</word>
   <word score='8.45679425710505'>ATTTGACTTTTCGC</word>
   <word score='8.55843576306351'>CTCGTATTTTTCTG</word>
   <word score='8.2906942084013'>CCTGCGATTTTCTC</word>
   <word score='7.21183378818329'>CAGGCATTTTCCCA</word>
   <word score='8.34126040383413'>CTTTGGGTTTTCTC</word>
   <word score='8.77156052612642'>TCTGGATTTTTCTG</word>
   <word score='8.0127083188073'>ATTTCGATTTTCTC</word>
   <word score='8.91971718768667'>TGTGTGTTTTTCCC</word>
   <word score='8.18278005016832'>GGCGGAATTTCCTG</word>
   <word score='9.43050845506414'>CCGGGAATTTCCCC</word>
   <word score='8.98895148230625'>CGTGGGCTTTTCCC</word>
   <word score='9.08429619295596'>GCTTGGTTTTCCCA</word>
   <word score='8.62202928911787'>ATTGGGTTTCTCCC</word>
   <word score='8.42623211152242'>TTCTGGATTTCCCA</word>
  </word-list>
 </motif>
</smallbismark>