<?xml version='1.0' encoding='UTF-8'?>
<smallbismark>
 <comment name='WARNING'>This is a draft version of small-BiSMark. Specification is the subject to change!</comment>
 <motif name='dl' id='DL.MTF'>
  <comment name='discrete information content by position'>[-0.639169216845127, -1.05279704470546, -0.266812521847582, -0.237901672147297, -0.498035066014493, -0.605059158780601, -0.0957259515717476]</comment>
  <comment name='discrete information content'>-3.3955006319123</comment>
  <comment name='number of sequences in the corresponding alignment'>38</comment>
  <PPM length='7'>
   <pm-column position='1'>
    <a>0.5</a>
    <c>0.0</c>
    <g>0.5</g>
    <t>0.0</t>
   </pm-column>
   <pm-column position='2'>
    <a>0.315789473684211</a>
    <c>0.131578947368421</c>
    <g>0.0789473684210526</g>
    <t>0.473684210526316</t>
   </pm-column>
   <pm-column position='3'>
    <a>0.0526315789473684</a>
    <c>0.0</c>
    <g>0.0263157894736842</g>
    <t>0.921052631578947</t>
   </pm-column>
   <pm-column position='4'>
    <a>0.0</a>
    <c>0.0</c>
    <g>0.0789473684210526</g>
    <t>0.921052631578947</t>
   </pm-column>
   <pm-column position='5'>
    <a>0.0526315789473684</a>
    <c>0.0789473684210526</c>
    <g>0.0263157894736842</g>
    <t>0.842105263157895</t>
   </pm-column>
   <pm-column position='6'>
    <a>0.0</a>
    <c>0.631578947368421</c>
    <g>0.0</g>
    <t>0.368421052631579</t>
   </pm-column>
   <pm-column position='7'>
    <a>0.0263157894736842</a>
    <c>0.973684210526316</c>
    <g>0.0</g>
    <t>0.0</t>
   </pm-column>
  </PPM>
  <PWM length='7'>
   <pm-column position='1'>
    <a>0.680243775724037</a>
    <c>-3.66356164612965</c>
    <g>0.680243775724037</g>
    <t>-3.66356164612965</t>
   </pm-column>
   <pm-column position='2'>
    <a>0.22825865198098</a>
    <c>-0.619039208406224</c>
    <g>-1.09861228866811</g>
    <t>0.626897795018745</t>
   </pm-column>
   <pm-column position='3'>
    <a>-1.46633706879343</a>
    <c>-3.66356164612965</c>
    <g>-2.05412373369555</g>
    <t>1.28519824424852</t>
   </pm-column>
   <pm-column position='4'>
    <a>-3.66356164612965</a>
    <c>-3.66356164612965</c>
    <g>-1.09861228866811</g>
    <t>1.28519824424852</t>
   </pm-column>
   <pm-column position='5'>
    <a>-1.46633706879343</a>
    <c>-1.09861228866811</c>
    <g>-2.05412373369555</g>
    <t>1.19625075823203</t>
   </pm-column>
   <pm-column position='6'>
    <a>-3.66356164612965</a>
    <c>0.911149332373736</c>
    <g>-3.66356164612965</g>
    <t>0.379489621704904</t>
   </pm-column>
   <pm-column position='7'>
    <a>-2.05412373369555</a>
    <c>1.34038465981581</c>
    <g>-3.66356164612965</g>
    <t>-3.66356164612965</t>
   </pm-column>
  </PWM>
  <word-list size='39'>
   <word score='6.92668366662364'>AATTTCC</word>
   <word score='4.13107527196711'>GTTTATC</word>
   <word score='7.3253228096614'>ATTTTCC</word>
   <word score='4.57378749661945'>ATATTCC</word>
   <word score='6.07938580623643'>ACTTTCC</word>
   <word score='7.3253228096614'>ATTTTCC</word>
   <word score='6.92668366662364'>AATTTCC</word>
   <word score='6.79366309899257'>ATTTTTC</word>
   <word score='2.15321770205624'>GCTTTTA</word>
   <word score='7.3253228096614'>ATTTTCC</word>
   <word score='4.40985256607594'>ATTGTTC</word>
   <word score='2.26049074803048'>GGGTTCC</word>
   <word score='4.6318206197235'>GATTCCC</word>
   <word score='6.92668366662364'>GATTTCC</word>
   <word score='6.07938580623643'>ACTTTCC</word>
   <word score='4.17514835358169'>GAATTCC</word>
   <word score='4.17514835358169'>GAATTCC</word>
   <word score='5.03045976276127'>ATTTCCC</word>
   <word score='6.92668366662364'>AATTTCC</word>
   <word score='5.06815301530571'>GGTTTTC</word>
   <word score='1.88028530668155'>GATGACC</word>
   <word score='7.3253228096614'>ATTTTCC</word>
   <word score='1.6911377848172'>GTTGGCC</word>
   <word score='7.3253228096614'>GTTTTCC</word>
   <word score='7.3253228096614'>GTTTTCC</word>
   <word score='5.5477260955676'>ACTTTTC</word>
   <word score='6.79366309899257'>ATTTTTC</word>
   <word score='6.3950239559548'>GATTTTC</word>
   <word score='7.3253228096614'>ATTTTCC</word>
   <word score='5.06815301530571'>GGTTTTC</word>
   <word score='6.79366309899257'>ATTTTTC</word>
   <word score='6.3950239559548'>GATTTTC</word>
   <word score='6.79366309899257'>GTTTTTC</word>
   <word score='6.92668366662364'>AATTTCC</word>
   <word score='6.92668366662364'>AATTTCC</word>
   <word score='5.5477260955676'>GCTTTTC</word>
   <word score='7.3253228096614'>GTTTTCC</word>
   <word score='4.49880005209243'>GTTTCTC</word>
   <word score='6.92668366662364'>GATTTCC</word>
  </word-list>
 </motif>
</smallbismark>