<?xml version='1.0' encoding='UTF-8'?>
<smallbismark>
 <comment name='WARNING'>This is a draft version of small-BiSMark. Specification is the subject to change!</comment>
 <motif name='cad' id='CAD.MTF'>
  <PPM length='14'>
   <pm-column position='1'>
    <a>0.0</a>
    <c>0.230769230769231</c>
    <g>0.307692307692308</g>
    <t>0.461538461538462</t>
   </pm-column>
   <pm-column position='2'>
    <a>0.230769230769231</a>
    <c>0.0</c>
    <g>0.0</g>
    <t>0.769230769230769</t>
   </pm-column>
   <pm-column position='3'>
    <a>0.0</a>
    <c>0.0</c>
    <g>0.0769230769230769</g>
    <t>0.923076923076923</t>
   </pm-column>
   <pm-column position='4'>
    <a>0.0</a>
    <c>0.0</c>
    <g>0.0</g>
    <t>1.0</t>
   </pm-column>
   <pm-column position='5'>
    <a>0.538461538461538</a>
    <c>0.0</c>
    <g>0.153846153846154</g>
    <t>0.307692307692308</t>
   </pm-column>
   <pm-column position='6'>
    <a>0.0</a>
    <c>0.307692307692308</c>
    <g>0.0769230769230769</g>
    <t>0.615384615384615</t>
   </pm-column>
   <pm-column position='7'>
    <a>0.230769230769231</a>
    <c>0.0769230769230769</c>
    <g>0.692307692307692</g>
    <t>0.0</t>
   </pm-column>
   <pm-column position='8'>
    <a>0.384615384615385</a>
    <c>0.307692307692308</c>
    <g>0.230769230769231</g>
    <t>0.0769230769230769</t>
   </pm-column>
   <pm-column position='9'>
    <a>0.0</a>
    <c>0.384615384615385</c>
    <g>0.153846153846154</g>
    <t>0.461538461538462</t>
   </pm-column>
   <pm-column position='10'>
    <a>0.307692307692308</a>
    <c>0.0</c>
    <g>0.0</g>
    <t>0.692307692307692</t>
   </pm-column>
   <pm-column position='11'>
    <a>0.384615384615385</a>
    <c>0.384615384615385</c>
    <g>0.0</g>
    <t>0.230769230769231</t>
   </pm-column>
   <pm-column position='12'>
    <a>0.0</a>
    <c>0.384615384615385</c>
    <g>0.230769230769231</g>
    <t>0.384615384615385</t>
   </pm-column>
   <pm-column position='13'>
    <a>0.0769230769230769</a>
    <c>0.153846153846154</c>
    <g>0.153846153846154</g>
    <t>0.615384615384615</t>
   </pm-column>
   <pm-column position='14'>
    <a>0.384615384615385</a>
    <c>0.153846153846154</c>
    <g>0.384615384615385</g>
    <t>0.0769230769230769</t>
   </pm-column>
  </PPM>
  <PWM length='14'>
   <pm-column position='1'>
    <a>-2.63905732961526</a>
    <c>-0.0741079721537218</c>
    <g>0.194156014440957</g>
    <t>0.579818495252942</t>
   </pm-column>
   <pm-column position='2'>
    <a>-0.0741079721537218</a>
    <c>-2.63905732961526</c>
    <g>-2.63905732961526</g>
    <t>1.07451473708905</t>
   </pm-column>
   <pm-column position='3'>
    <a>-2.63905732961526</a>
    <c>-2.63905732961526</c>
    <g>-1.02961941718116</g>
    <t>1.25276296849537</t>
   </pm-column>
   <pm-column position='4'>
    <a>-2.63905732961526</a>
    <c>-2.63905732961526</c>
    <g>-2.63905732961526</g>
    <t>1.33123458393686</t>
   </pm-column>
   <pm-column position='5'>
    <a>0.728238500371216</a>
    <c>-2.63905732961526</c>
    <g>-0.441832752279039</g>
    <t>0.194156014440957</t>
   </pm-column>
   <pm-column position='6'>
    <a>-2.63905732961526</a>
    <c>0.194156014440957</c>
    <g>-1.02961941718116</g>
    <t>0.857450231851222</t>
   </pm-column>
   <pm-column position='7'>
    <a>-0.0741079721537218</a>
    <c>-1.02961941718116</c>
    <g>0.971860583028966</g>
    <t>-2.63905732961526</t>
   </pm-column>
   <pm-column position='8'>
    <a>0.405465108108164</a>
    <c>0.194156014440957</c>
    <g>-0.0741079721537218</g>
    <t>-1.02961941718116</t>
   </pm-column>
   <pm-column position='9'>
    <a>-2.63905732961526</a>
    <c>0.405465108108164</c>
    <g>-0.441832752279039</g>
    <t>0.579818495252942</t>
   </pm-column>
   <pm-column position='10'>
    <a>0.194156014440957</a>
    <c>-2.63905732961526</c>
    <g>-2.63905732961526</g>
    <t>0.971860583028966</t>
   </pm-column>
   <pm-column position='11'>
    <a>0.405465108108164</a>
    <c>0.405465108108164</c>
    <g>-2.63905732961526</g>
    <t>-0.0741079721537218</t>
   </pm-column>
   <pm-column position='12'>
    <a>-2.63905732961526</a>
    <c>0.405465108108164</c>
    <g>-0.0741079721537218</g>
    <t>0.405465108108164</t>
   </pm-column>
   <pm-column position='13'>
    <a>-1.02961941718116</a>
    <c>-0.441832752279039</c>
    <g>-0.441832752279039</g>
    <t>0.857450231851222</t>
   </pm-column>
   <pm-column position='14'>
    <a>0.405465108108164</a>
    <c>-0.441832752279039</c>
    <g>0.405465108108164</g>
    <t>-1.02961941718116</t>
   </pm-column>
  </PWM>
  <word-list size='13'>
   <word score='6.35954644832159'>GATTATAATTCCAG</word>
   <word score='7.38751994939144'>CTTTGCGACAATTA</word>
   <word score='7.91120430621919'>TATTTTGCGTACTA</word>
   <word score='7.32624693521831'>TTTTTCAATATTTG</word>
   <word score='5.8824188553188'>GATTTCGTTACCTA</word>
   <word score='6.92913528377184'>TTTTAGGCCAATTC</word>
   <word score='5.36976683481326'>GTTTGCACGTTGTG</word>
   <word score='8.21973392364782'>CTTTATGACTCGCA</word>
   <word score='9.04801377819927'>TTTTATGGTTACGA</word>
   <word score='5.57762243918582'>TTGTTTGGCTCGGG</word>
   <word score='7.11285642092021'>TTTTATCCCTTTTC</word>
   <word score='7.22726677209796'>GTTTATGGTTCCCT</word>
   <word score='10.1729433751847'>CTTTATGATTATTG</word>
  </word-list>
 </motif>
</smallbismark>