<?xml version='1.0' encoding='UTF-8'?>
<smallbismark>
 <comment name='WARNING'>This is a draft version of small-BiSMark. Specification is the subject to change!</comment>
 <motif name='cad' id='CAD.MTF'>
  <PPM length='12'>
   <pm-column position='1'>
    <a>0.230769230769231</a>
    <c>0.0</c>
    <g>0.0</g>
    <t>0.769230769230769</t>
   </pm-column>
   <pm-column position='2'>
    <a>0.0</a>
    <c>0.0</c>
    <g>0.0769230769230769</g>
    <t>0.923076923076923</t>
   </pm-column>
   <pm-column position='3'>
    <a>0.0</a>
    <c>0.0</c>
    <g>0.0</g>
    <t>1.0</t>
   </pm-column>
   <pm-column position='4'>
    <a>0.461538461538462</a>
    <c>0.0769230769230769</c>
    <g>0.153846153846154</g>
    <t>0.307692307692308</t>
   </pm-column>
   <pm-column position='5'>
    <a>0.0</a>
    <c>0.384615384615385</c>
    <g>0.0769230769230769</g>
    <t>0.538461538461538</t>
   </pm-column>
   <pm-column position='6'>
    <a>0.230769230769231</a>
    <c>0.0</c>
    <g>0.769230769230769</g>
    <t>0.0</t>
   </pm-column>
   <pm-column position='7'>
    <a>0.384615384615385</a>
    <c>0.307692307692308</c>
    <g>0.230769230769231</g>
    <t>0.0769230769230769</t>
   </pm-column>
   <pm-column position='8'>
    <a>0.0</a>
    <c>0.307692307692308</c>
    <g>0.153846153846154</g>
    <t>0.538461538461538</t>
   </pm-column>
   <pm-column position='9'>
    <a>0.307692307692308</a>
    <c>0.0</c>
    <g>0.0</g>
    <t>0.692307692307692</t>
   </pm-column>
   <pm-column position='10'>
    <a>0.461538461538462</a>
    <c>0.384615384615385</c>
    <g>0.0</g>
    <t>0.153846153846154</t>
   </pm-column>
   <pm-column position='11'>
    <a>0.0769230769230769</a>
    <c>0.384615384615385</c>
    <g>0.230769230769231</g>
    <t>0.307692307692308</t>
   </pm-column>
   <pm-column position='12'>
    <a>0.153846153846154</a>
    <c>0.153846153846154</c>
    <g>0.153846153846154</g>
    <t>0.538461538461538</t>
   </pm-column>
  </PPM>
  <PWM length='12'>
   <pm-column position='1'>
    <a>-0.0741079721537218</a>
    <c>-2.63905732961526</c>
    <g>-2.63905732961526</g>
    <t>1.07451473708905</t>
   </pm-column>
   <pm-column position='2'>
    <a>-2.63905732961526</a>
    <c>-2.63905732961526</c>
    <g>-1.02961941718116</g>
    <t>1.25276296849537</t>
   </pm-column>
   <pm-column position='3'>
    <a>-2.63905732961526</a>
    <c>-2.63905732961526</c>
    <g>-2.63905732961526</g>
    <t>1.33123458393686</t>
   </pm-column>
   <pm-column position='4'>
    <a>0.579818495252942</a>
    <c>-1.02961941718116</c>
    <g>-0.441832752279039</g>
    <t>0.194156014440957</t>
   </pm-column>
   <pm-column position='5'>
    <a>-2.63905732961526</a>
    <c>0.405465108108164</c>
    <g>-1.02961941718116</g>
    <t>0.728238500371216</t>
   </pm-column>
   <pm-column position='6'>
    <a>-0.0741079721537218</a>
    <c>-2.63905732961526</c>
    <g>1.07451473708905</g>
    <t>-2.63905732961526</t>
   </pm-column>
   <pm-column position='7'>
    <a>0.405465108108164</a>
    <c>0.194156014440957</c>
    <g>-0.0741079721537218</g>
    <t>-1.02961941718116</t>
   </pm-column>
   <pm-column position='8'>
    <a>-2.63905732961526</a>
    <c>0.194156014440957</c>
    <g>-0.441832752279039</g>
    <t>0.728238500371216</t>
   </pm-column>
   <pm-column position='9'>
    <a>0.194156014440957</a>
    <c>-2.63905732961526</c>
    <g>-2.63905732961526</g>
    <t>0.971860583028966</t>
   </pm-column>
   <pm-column position='10'>
    <a>0.579818495252942</a>
    <c>0.405465108108164</c>
    <g>-2.63905732961526</g>
    <t>-0.441832752279039</t>
   </pm-column>
   <pm-column position='11'>
    <a>-1.02961941718116</a>
    <c>0.405465108108164</c>
    <g>-0.0741079721537218</g>
    <t>0.194156014440957</t>
   </pm-column>
   <pm-column position='12'>
    <a>-0.441832752279039</a>
    <c>-0.441832752279039</c>
    <g>-0.441832752279039</g>
    <t>0.728238500371216</t>
   </pm-column>
  </PWM>
  <word-list size='13'>
   <word score='6.21850025919458'>ATTATAATTCCA</word>
   <word score='6.99264952949465'>TTTGCGACAATT</word>
   <word score='6.94450478110294'>ATTTTGCGTACT</word>
   <word score='5.99244682537015'>TTTTCAATATTT</word>
   <word score='5.61596925413524'>ATTTCGTTACCT</word>
   <word score='6.3679071580701'>TTTAGGCCAATT</word>
   <word score='4.48451829432602'>TTTGCACGTTGT</word>
   <word score='7.50209011148798'>TTTATGACTCGC</word>
   <word score='8.21052598456301'>TTTATGGTTACG</word>
   <word score='4.35447216473758'>TGTTTGGCTCGG</word>
   <word score='5.11149414117122'>TTTCCGCTTAAA</word>
   <word score='8.03617259741824'>TTTATGGTTCCC</word>
   <word score='9.64886122380795'>TTTATGATTATT</word>
  </word-list>
 </motif>
</smallbismark>