<?xml version='1.0' encoding='UTF-8'?>
<smallbismark>
 <comment name='WARNING'>This is a draft version of small-BiSMark. Specification is the subject to change!</comment>
 <motif name='cad' id='CAD.MTF'>
  <PPM length='7'>
   <pm-column position='1'>
    <a>0.0</a>
    <c>0.153846153846154</c>
    <g>0.307692307692308</g>
    <t>0.538461538461538</t>
   </pm-column>
   <pm-column position='2'>
    <a>0.230769230769231</a>
    <c>0.0</c>
    <g>0.0</g>
    <t>0.769230769230769</t>
   </pm-column>
   <pm-column position='3'>
    <a>0.0</a>
    <c>0.0</c>
    <g>0.153846153846154</g>
    <t>0.846153846153846</t>
   </pm-column>
   <pm-column position='4'>
    <a>0.0</a>
    <c>0.0</c>
    <g>0.0</g>
    <t>1.0</t>
   </pm-column>
   <pm-column position='5'>
    <a>0.461538461538462</a>
    <c>0.0769230769230769</c>
    <g>0.153846153846154</g>
    <t>0.307692307692308</t>
   </pm-column>
   <pm-column position='6'>
    <a>0.0</a>
    <c>0.461538461538462</c>
    <g>0.0</g>
    <t>0.538461538461538</t>
   </pm-column>
   <pm-column position='7'>
    <a>0.307692307692308</a>
    <c>0.0</c>
    <g>0.692307692307692</g>
    <t>0.0</t>
   </pm-column>
  </PPM>
  <PWM length='7'>
   <pm-column position='1'>
    <a>-2.63905732961526</a>
    <c>-0.441832752279039</c>
    <g>0.194156014440957</g>
    <t>0.728238500371216</t>
   </pm-column>
   <pm-column position='2'>
    <a>-0.0741079721537218</a>
    <c>-2.63905732961526</c>
    <g>-2.63905732961526</g>
    <t>1.07451473708905</t>
   </pm-column>
   <pm-column position='3'>
    <a>-2.63905732961526</a>
    <c>-2.63905732961526</c>
    <g>-0.441832752279039</g>
    <t>1.16760516015506</t>
   </pm-column>
   <pm-column position='4'>
    <a>-2.63905732961526</a>
    <c>-2.63905732961526</c>
    <g>-2.63905732961526</g>
    <t>1.33123458393686</t>
   </pm-column>
   <pm-column position='5'>
    <a>0.579818495252942</a>
    <c>-1.02961941718116</c>
    <g>-0.441832752279039</g>
    <t>0.194156014440957</t>
   </pm-column>
   <pm-column position='6'>
    <a>-2.63905732961526</a>
    <c>0.579818495252942</c>
    <g>-2.63905732961526</g>
    <t>0.728238500371216</t>
   </pm-column>
   <pm-column position='7'>
    <a>0.194156014440957</a>
    <c>-2.63905732961526</c>
    <g>0.971860583028966</g>
    <t>-2.63905732961526</t>
   </pm-column>
  </PWM>
  <word-list size='13'>
   <word score='4.12110079644428'>GATTATA</word>
   <word score='4.2413680549048'>CTTTGCG</word>
   <word score='3.67502993341017'>TAGTACG</word>
   <word score='5.26972350568705'>TTTTTCA</word>
   <word score='4.36472287910203'>GATTTCG</word>
   <word score='5.41814351080532'>TTTTTTA</word>
   <word score='4.09965225303679'>GTTTGCA</word>
   <word score='5.41143930755506'>CTTTATG</word>
   <word score='6.58151056020531'>TTTTATG</word>
   <word score='4.58641016695923'>TTGTTTG</word>
   <word score='4.82365264265294'>TTTTCCG</word>
   <word score='6.04742807427505'>GTTTATG</word>
   <word score='6.58151056020531'>TTTTATG</word>
  </word-list>
 </motif>
</smallbismark>