<?xml version='1.0' encoding='UTF-8'?>
<smallbismark>
 <comment name='WARNING'>This is a draft version of small-BiSMark. Specification is the subject to change!</comment>
 <motif name='cad' id='CAD.MTF'>
  <PPM length='15'>
   <pm-column position='1'>
    <a>0.384615384615385</a>
    <c>0.0769230769230769</c>
    <g>0.0769230769230769</g>
    <t>0.461538461538462</t>
   </pm-column>
   <pm-column position='2'>
    <a>0.307692307692308</a>
    <c>0.538461538461538</c>
    <g>0.0</g>
    <t>0.153846153846154</t>
   </pm-column>
   <pm-column position='3'>
    <a>0.846153846153846</a>
    <c>0.0</c>
    <g>0.153846153846154</g>
    <t>0.0</t>
   </pm-column>
   <pm-column position='4'>
    <a>0.538461538461538</a>
    <c>0.0</c>
    <g>0.0769230769230769</g>
    <t>0.384615384615385</t>
   </pm-column>
   <pm-column position='5'>
    <a>0.384615384615385</a>
    <c>0.153846153846154</c>
    <g>0.0</g>
    <t>0.461538461538462</t>
   </pm-column>
   <pm-column position='6'>
    <a>0.615384615384615</a>
    <c>0.0</c>
    <g>0.0769230769230769</g>
    <t>0.307692307692308</t>
   </pm-column>
   <pm-column position='7'>
    <a>0.307692307692308</a>
    <c>0.0769230769230769</c>
    <g>0.0</g>
    <t>0.615384615384615</t>
   </pm-column>
   <pm-column position='8'>
    <a>0.0</a>
    <c>0.307692307692308</c>
    <g>0.230769230769231</g>
    <t>0.461538461538462</t>
   </pm-column>
   <pm-column position='9'>
    <a>0.0</a>
    <c>0.307692307692308</c>
    <g>0.0769230769230769</g>
    <t>0.615384615384615</t>
   </pm-column>
   <pm-column position='10'>
    <a>0.461538461538462</a>
    <c>0.384615384615385</c>
    <g>0.153846153846154</g>
    <t>0.0</t>
   </pm-column>
   <pm-column position='11'>
    <a>0.615384615384615</a>
    <c>0.0</c>
    <g>0.0</g>
    <t>0.384615384615385</t>
   </pm-column>
   <pm-column position='12'>
    <a>0.0769230769230769</a>
    <c>0.0</c>
    <g>0.923076923076923</g>
    <t>0.0</t>
   </pm-column>
   <pm-column position='13'>
    <a>0.0</a>
    <c>0.461538461538462</c>
    <g>0.461538461538462</g>
    <t>0.0769230769230769</t>
   </pm-column>
   <pm-column position='14'>
    <a>0.0769230769230769</a>
    <c>0.615384615384615</c>
    <g>0.230769230769231</g>
    <t>0.0769230769230769</t>
   </pm-column>
   <pm-column position='15'>
    <a>0.230769230769231</a>
    <c>0.0769230769230769</c>
    <g>0.0769230769230769</g>
    <t>0.615384615384615</t>
   </pm-column>
  </PPM>
  <PWM length='15'>
   <pm-column position='1'>
    <a>0.405465108108164</a>
    <c>-1.02961941718116</c>
    <g>-1.02961941718116</g>
    <t>0.579818495252942</t>
   </pm-column>
   <pm-column position='2'>
    <a>0.194156014440957</a>
    <c>0.728238500371216</c>
    <g>-2.63905732961526</g>
    <t>-0.441832752279039</t>
   </pm-column>
   <pm-column position='3'>
    <a>1.16760516015506</a>
    <c>-2.63905732961526</c>
    <g>-0.441832752279039</g>
    <t>-2.63905732961526</t>
   </pm-column>
   <pm-column position='4'>
    <a>0.728238500371216</a>
    <c>-2.63905732961526</c>
    <g>-1.02961941718116</g>
    <t>0.405465108108164</t>
   </pm-column>
   <pm-column position='5'>
    <a>0.405465108108164</a>
    <c>-0.441832752279039</c>
    <g>-2.63905732961526</g>
    <t>0.579818495252942</t>
   </pm-column>
   <pm-column position='6'>
    <a>0.857450231851222</a>
    <c>-2.63905732961526</c>
    <g>-1.02961941718116</g>
    <t>0.194156014440957</t>
   </pm-column>
   <pm-column position='7'>
    <a>0.194156014440957</a>
    <c>-1.02961941718116</c>
    <g>-2.63905732961526</g>
    <t>0.857450231851222</t>
   </pm-column>
   <pm-column position='8'>
    <a>-2.63905732961526</a>
    <c>0.194156014440957</c>
    <g>-0.0741079721537218</g>
    <t>0.579818495252942</t>
   </pm-column>
   <pm-column position='9'>
    <a>-2.63905732961526</a>
    <c>0.194156014440957</c>
    <g>-1.02961941718116</g>
    <t>0.857450231851222</t>
   </pm-column>
   <pm-column position='10'>
    <a>0.579818495252942</a>
    <c>0.405465108108164</c>
    <g>-0.441832752279039</g>
    <t>-2.63905732961526</t>
   </pm-column>
   <pm-column position='11'>
    <a>0.857450231851222</a>
    <c>-2.63905732961526</c>
    <g>-2.63905732961526</g>
    <t>0.405465108108164</t>
   </pm-column>
   <pm-column position='12'>
    <a>-1.02961941718116</a>
    <c>-2.63905732961526</c>
    <g>1.25276296849537</g>
    <t>-2.63905732961526</t>
   </pm-column>
   <pm-column position='13'>
    <a>-2.63905732961526</a>
    <c>0.579818495252942</c>
    <g>0.579818495252942</g>
    <t>-1.02961941718116</t>
   </pm-column>
   <pm-column position='14'>
    <a>-1.02961941718116</a>
    <c>0.857450231851222</c>
    <g>-0.0741079721537218</g>
    <t>-1.02961941718116</t>
   </pm-column>
   <pm-column position='15'>
    <a>-0.0741079721537218</a>
    <c>-1.02961941718116</c>
    <g>-1.02961941718116</g>
    <t>0.857450231851222</t>
   </pm-column>
  </PWM>
  <word-list size='13'>
   <word score='8.48423515614683'>TTATAATTCCAGCCA</word>
   <word score='6.08525950294951'>GCGACAATTAAGGCA</word>
   <word score='8.63128309260134'>TAATTAAGCATGGCT</word>
   <word score='9.96742954522798'>TCAATATTTGAGCGT</word>
   <word score='7.06342366930905'>ACGAAATCGCTGGCT</word>
   <word score='9.98889303832284'>TAAAAAACTCAGCCT</word>
   <word score='4.30640343855736'>ACAACGTGCAAACGT</word>
   <word score='8.04486849636299'>TCATAAAGTCAGGCC</word>
   <word score='8.74393661943442'>ACAATTTTTATGGTT</word>
   <word score='5.36420516591526'>TTATAACCCGAGCCA</word>
   <word score='5.9724231356899'>CAATTTTTTAAGCGG</word>
   <word score='7.6498382655474'>AAAATTTCTCTGGAT</word>
   <word score='7.26371043848033'>ACAGTTTTTATGTCT</word>
  </word-list>
 </motif>
</smallbismark>