<?xml version='1.0' encoding='UTF-8'?>
<smallbismark>
 <comment name='WARNING'>This is a draft version of small-BiSMark. Specification is the subject to change!</comment>
 <motif name='cad' id='CAD.MTF'>
  <PPM length='10'>
   <pm-column position='1'>
    <a>0.153846153846154</a>
    <c>0.0</c>
    <g>0.0</g>
    <t>0.846153846153846</t>
   </pm-column>
   <pm-column position='2'>
    <a>0.0</a>
    <c>0.0</c>
    <g>0.153846153846154</g>
    <t>0.846153846153846</t>
   </pm-column>
   <pm-column position='3'>
    <a>0.0</a>
    <c>0.0769230769230769</c>
    <g>0.0</g>
    <t>0.923076923076923</t>
   </pm-column>
   <pm-column position='4'>
    <a>0.461538461538462</a>
    <c>0.0769230769230769</c>
    <g>0.153846153846154</g>
    <t>0.307692307692308</t>
   </pm-column>
   <pm-column position='5'>
    <a>0.0</a>
    <c>0.384615384615385</c>
    <g>0.0769230769230769</g>
    <t>0.538461538461538</t>
   </pm-column>
   <pm-column position='6'>
    <a>0.307692307692308</a>
    <c>0.0</c>
    <g>0.692307692307692</g>
    <t>0.0</t>
   </pm-column>
   <pm-column position='7'>
    <a>0.461538461538462</a>
    <c>0.230769230769231</c>
    <g>0.230769230769231</g>
    <t>0.0769230769230769</t>
   </pm-column>
   <pm-column position='8'>
    <a>0.0</a>
    <c>0.307692307692308</c>
    <g>0.0769230769230769</g>
    <t>0.615384615384615</t>
   </pm-column>
   <pm-column position='9'>
    <a>0.307692307692308</a>
    <c>0.0</c>
    <g>0.0</g>
    <t>0.692307692307692</t>
   </pm-column>
   <pm-column position='10'>
    <a>0.461538461538462</a>
    <c>0.384615384615385</c>
    <g>0.0</g>
    <t>0.153846153846154</t>
   </pm-column>
  </PPM>
  <PWM length='10'>
   <pm-column position='1'>
    <a>-0.441832752279039</a>
    <c>-2.63905732961526</c>
    <g>-2.63905732961526</g>
    <t>1.16760516015506</t>
   </pm-column>
   <pm-column position='2'>
    <a>-2.63905732961526</a>
    <c>-2.63905732961526</c>
    <g>-0.441832752279039</g>
    <t>1.16760516015506</t>
   </pm-column>
   <pm-column position='3'>
    <a>-2.63905732961526</a>
    <c>-1.02961941718116</c>
    <g>-2.63905732961526</g>
    <t>1.25276296849537</t>
   </pm-column>
   <pm-column position='4'>
    <a>0.579818495252942</a>
    <c>-1.02961941718116</c>
    <g>-0.441832752279039</g>
    <t>0.194156014440957</t>
   </pm-column>
   <pm-column position='5'>
    <a>-2.63905732961526</a>
    <c>0.405465108108164</c>
    <g>-1.02961941718116</g>
    <t>0.728238500371216</t>
   </pm-column>
   <pm-column position='6'>
    <a>0.194156014440957</a>
    <c>-2.63905732961526</c>
    <g>0.971860583028966</g>
    <t>-2.63905732961526</t>
   </pm-column>
   <pm-column position='7'>
    <a>0.579818495252942</a>
    <c>-0.0741079721537218</c>
    <g>-0.0741079721537218</g>
    <t>-1.02961941718116</t>
   </pm-column>
   <pm-column position='8'>
    <a>-2.63905732961526</a>
    <c>0.194156014440957</c>
    <g>-1.02961941718116</g>
    <t>0.857450231851222</t>
   </pm-column>
   <pm-column position='9'>
    <a>0.194156014440957</a>
    <c>-2.63905732961526</c>
    <g>-2.63905732961526</g>
    <t>0.971860583028966</t>
   </pm-column>
   <pm-column position='10'>
    <a>0.579818495252942</a>
    <c>0.405465108108164</c>
    <g>-2.63905732961526</g>
    <t>-0.441832752279039</t>
   </pm-column>
  </PWM>
  <word-list size='13'>
   <word score='6.2953428046778'>ATTATAATTC</word>
   <word score='6.07141524705138'>TTTGCGACAA</word>
   <word score='3.80165132533407'>TGCTTAATTA</word>
   <word score='5.57134241506165'>TTTTCAATAT</word>
   <word score='3.97746901916866'>ATTTCGTTAC</word>
   <word score='5.00405550188738'>TTTAGGCCAA</word>
   <word score='3.17206210049062'>TTTGCACGTT</word>
   <word score='8.01919106828964'>TTTATGACTC</word>
   <word score='8.20291220543802'>TTTATGGTTA</word>
   <word score='5.3701642076369'>TGTTTGGCTC</word>
   <word score='6.27070090074087'>TTTCCGCTTA</word>
   <word score='8.02855881829324'>TTTATGGTTC</word>
   <word score='8.85683867284469'>TTTATGATTA</word>
  </word-list>
 </motif>
</smallbismark>