<?xml version='1.0' encoding='UTF-8'?>
<smallbismark>
 <comment name='WARNING'>This is a draft version of small-BiSMark. Specification is the subject to change!</comment>
 <motif name='cad' id='CAD.MTF'>
  <PPM length='13'>
   <pm-column position='1'>
    <a>0.230769230769231</a>
    <c>0.0</c>
    <g>0.0</g>
    <t>0.769230769230769</t>
   </pm-column>
   <pm-column position='2'>
    <a>0.0</a>
    <c>0.0</c>
    <g>0.0769230769230769</g>
    <t>0.923076923076923</t>
   </pm-column>
   <pm-column position='3'>
    <a>0.0</a>
    <c>0.0</c>
    <g>0.0</g>
    <t>1.0</t>
   </pm-column>
   <pm-column position='4'>
    <a>0.538461538461538</a>
    <c>0.0</c>
    <g>0.153846153846154</g>
    <t>0.307692307692308</t>
   </pm-column>
   <pm-column position='5'>
    <a>0.0</a>
    <c>0.307692307692308</c>
    <g>0.0769230769230769</g>
    <t>0.615384615384615</t>
   </pm-column>
   <pm-column position='6'>
    <a>0.230769230769231</a>
    <c>0.0769230769230769</c>
    <g>0.692307692307692</g>
    <t>0.0</t>
   </pm-column>
   <pm-column position='7'>
    <a>0.384615384615385</a>
    <c>0.307692307692308</c>
    <g>0.230769230769231</g>
    <t>0.0769230769230769</t>
   </pm-column>
   <pm-column position='8'>
    <a>0.0</a>
    <c>0.384615384615385</c>
    <g>0.153846153846154</g>
    <t>0.461538461538462</t>
   </pm-column>
   <pm-column position='9'>
    <a>0.307692307692308</a>
    <c>0.0</c>
    <g>0.0</g>
    <t>0.692307692307692</t>
   </pm-column>
   <pm-column position='10'>
    <a>0.384615384615385</a>
    <c>0.384615384615385</c>
    <g>0.0</g>
    <t>0.230769230769231</t>
   </pm-column>
   <pm-column position='11'>
    <a>0.0</a>
    <c>0.384615384615385</c>
    <g>0.230769230769231</g>
    <t>0.384615384615385</t>
   </pm-column>
   <pm-column position='12'>
    <a>0.0769230769230769</a>
    <c>0.153846153846154</c>
    <g>0.153846153846154</g>
    <t>0.615384615384615</t>
   </pm-column>
   <pm-column position='13'>
    <a>0.384615384615385</a>
    <c>0.153846153846154</c>
    <g>0.384615384615385</g>
    <t>0.0769230769230769</t>
   </pm-column>
  </PPM>
  <PWM length='13'>
   <pm-column position='1'>
    <a>-0.0741079721537218</a>
    <c>-2.63905732961526</c>
    <g>-2.63905732961526</g>
    <t>1.07451473708905</t>
   </pm-column>
   <pm-column position='2'>
    <a>-2.63905732961526</a>
    <c>-2.63905732961526</c>
    <g>-1.02961941718116</g>
    <t>1.25276296849537</t>
   </pm-column>
   <pm-column position='3'>
    <a>-2.63905732961526</a>
    <c>-2.63905732961526</c>
    <g>-2.63905732961526</g>
    <t>1.33123458393686</t>
   </pm-column>
   <pm-column position='4'>
    <a>0.728238500371216</a>
    <c>-2.63905732961526</c>
    <g>-0.441832752279039</g>
    <t>0.194156014440957</t>
   </pm-column>
   <pm-column position='5'>
    <a>-2.63905732961526</a>
    <c>0.194156014440957</c>
    <g>-1.02961941718116</g>
    <t>0.857450231851222</t>
   </pm-column>
   <pm-column position='6'>
    <a>-0.0741079721537218</a>
    <c>-1.02961941718116</c>
    <g>0.971860583028966</g>
    <t>-2.63905732961526</t>
   </pm-column>
   <pm-column position='7'>
    <a>0.405465108108164</a>
    <c>0.194156014440957</c>
    <g>-0.0741079721537218</g>
    <t>-1.02961941718116</t>
   </pm-column>
   <pm-column position='8'>
    <a>-2.63905732961526</a>
    <c>0.405465108108164</c>
    <g>-0.441832752279039</g>
    <t>0.579818495252942</t>
   </pm-column>
   <pm-column position='9'>
    <a>0.194156014440957</a>
    <c>-2.63905732961526</c>
    <g>-2.63905732961526</g>
    <t>0.971860583028966</t>
   </pm-column>
   <pm-column position='10'>
    <a>0.405465108108164</a>
    <c>0.405465108108164</c>
    <g>-2.63905732961526</g>
    <t>-0.0741079721537218</t>
   </pm-column>
   <pm-column position='11'>
    <a>-2.63905732961526</a>
    <c>0.405465108108164</c>
    <g>-0.0741079721537218</g>
    <t>0.405465108108164</t>
   </pm-column>
   <pm-column position='12'>
    <a>-1.02961941718116</a>
    <c>-0.441832752279039</c>
    <g>-0.441832752279039</g>
    <t>0.857450231851222</t>
   </pm-column>
   <pm-column position='13'>
    <a>0.405465108108164</a>
    <c>-0.441832752279039</c>
    <g>0.405465108108164</g>
    <t>-1.02961941718116</t>
   </pm-column>
  </PWM>
  <word-list size='13'>
   <word score='6.16539043388063'>ATTATAATTCCAG</word>
   <word score='7.46162792154517'>TTTGCGACAATTA</word>
   <word score='7.33138581096625'>ATTTTGCGTACTA</word>
   <word score='6.74642843996537'>TTTTCAATATTTG</word>
   <word score='5.68826284087785'>ATTTCGTTACCTA</word>
   <word score='6.34931678851889'>TTTAGGCCAATTC</word>
   <word score='5.1756108203723'>TTTGCACGTTGTG</word>
   <word score='8.29384189580155'>TTTATGACTCGCA</word>
   <word score='8.46819528294633'>TTTATGGTTACGA</word>
   <word score='4.99780394393287'>TGTTTGGCTCGGG</word>
   <word score='6.53303792566727'>TTTATCCCTTTTC</word>
   <word score='7.033110757657'>TTTATGGTTCCCT</word>
   <word score='10.2470513473385'>TTTATGATTATTG</word>
  </word-list>
 </motif>
</smallbismark>