<?xml version='1.0' encoding='UTF-8'?>
<smallbismark>
 <comment name='WARNING'>This is a draft version of small-BiSMark. Specification is the subject to change!</comment>
 <motif name='Med' id='MED.MTF'>
  <PPM length='14'>
   <pm-column position='1'>
    <a>0.0</a>
    <c>0.25</c>
    <g>0.75</g>
    <t>0.0</t>
   </pm-column>
   <pm-column position='2'>
    <a>0.0</a>
    <c>1.0</c>
    <g>0.0</g>
    <t>0.0</t>
   </pm-column>
   <pm-column position='3'>
    <a>0.625</a>
    <c>0.25</c>
    <g>0.0</g>
    <t>0.125</t>
   </pm-column>
   <pm-column position='4'>
    <a>0.0</a>
    <c>0.375</c>
    <g>0.5</g>
    <t>0.125</t>
   </pm-column>
   <pm-column position='5'>
    <a>0.0</a>
    <c>0.625</c>
    <g>0.375</g>
    <t>0.0</t>
   </pm-column>
   <pm-column position='6'>
    <a>0.0</a>
    <c>0.75</c>
    <g>0.25</g>
    <t>0.0</t>
   </pm-column>
   <pm-column position='7'>
    <a>0.0</a>
    <c>0.5</c>
    <g>0.5</g>
    <t>0.0</t>
   </pm-column>
   <pm-column position='8'>
    <a>0.375</a>
    <c>0.625</c>
    <g>0.0</g>
    <t>0.0</t>
   </pm-column>
   <pm-column position='9'>
    <a>0.375</a>
    <c>0.5</c>
    <g>0.125</g>
    <t>0.0</t>
   </pm-column>
   <pm-column position='10'>
    <a>0.25</a>
    <c>0.0</c>
    <g>0.625</g>
    <t>0.125</t>
   </pm-column>
   <pm-column position='11'>
    <a>0.125</a>
    <c>0.125</c>
    <g>0.0</g>
    <t>0.75</t>
   </pm-column>
   <pm-column position='12'>
    <a>0.125</a>
    <c>0.5</c>
    <g>0.25</g>
    <t>0.125</t>
   </pm-column>
   <pm-column position='13'>
    <a>0.125</a>
    <c>0.0</c>
    <g>0.75</g>
    <t>0.125</t>
   </pm-column>
   <pm-column position='14'>
    <a>0.5</a>
    <c>0.375</c>
    <g>0.125</g>
    <t>0.0</t>
   </pm-column>
  </PPM>
  <PWM length='14'>
   <pm-column position='1'>
    <a>-2.19722457733622</a>
    <c>0.0</c>
    <g>1.02165124753198</g>
    <t>-2.19722457733622</t>
   </pm-column>
   <pm-column position='2'>
    <a>-2.19722457733622</a>
    <c>1.29928298413026</c>
    <g>-2.19722457733622</g>
    <t>-2.19722457733622</t>
   </pm-column>
   <pm-column position='3'>
    <a>0.847297860387204</a>
    <c>0.0</c>
    <g>-2.19722457733622</g>
    <t>-0.587786664902119</t>
   </pm-column>
   <pm-column position='4'>
    <a>-2.19722457733622</a>
    <c>0.367724780125317</c>
    <g>0.635988766719997</g>
    <t>-0.587786664902119</t>
   </pm-column>
   <pm-column position='5'>
    <a>-2.19722457733622</a>
    <c>0.847297860387204</c>
    <g>0.367724780125317</g>
    <t>-2.19722457733622</t>
   </pm-column>
   <pm-column position='6'>
    <a>-2.19722457733622</a>
    <c>1.02165124753198</c>
    <g>0.0</g>
    <t>-2.19722457733622</t>
   </pm-column>
   <pm-column position='7'>
    <a>-2.19722457733622</a>
    <c>0.635988766719997</c>
    <g>0.635988766719997</g>
    <t>-2.19722457733622</t>
   </pm-column>
   <pm-column position='8'>
    <a>0.367724780125317</a>
    <c>0.847297860387204</c>
    <g>-2.19722457733622</g>
    <t>-2.19722457733622</t>
   </pm-column>
   <pm-column position='9'>
    <a>0.367724780125317</a>
    <c>0.635988766719997</c>
    <g>-0.587786664902119</g>
    <t>-2.19722457733622</t>
   </pm-column>
   <pm-column position='10'>
    <a>0.0</a>
    <c>-2.19722457733622</c>
    <g>0.847297860387204</g>
    <t>-0.587786664902119</t>
   </pm-column>
   <pm-column position='11'>
    <a>-0.587786664902119</a>
    <c>-0.587786664902119</c>
    <g>-2.19722457733622</g>
    <t>1.02165124753198</t>
   </pm-column>
   <pm-column position='12'>
    <a>-0.587786664902119</a>
    <c>0.635988766719997</c>
    <g>0.0</g>
    <t>-0.587786664902119</t>
   </pm-column>
   <pm-column position='13'>
    <a>-0.587786664902119</a>
    <c>-2.19722457733622</c>
    <g>1.02165124753198</g>
    <t>-0.587786664902119</t>
   </pm-column>
   <pm-column position='14'>
    <a>0.635988766719997</a>
    <c>0.367724780125317</c>
    <g>-0.587786664902119</g>
    <t>-2.19722457733622</t>
   </pm-column>
  </PWM>
  <word-list size='8'>
   <word score='8.3739728384942'>GCATCCCAAGACGA</word>
   <word score='8.58528193216141'>GCAGCCGCAGCAGC</word>
   <word score='7.80924194989201'>GCCCGCCACTTGGA</word>
   <word score='6.54197943709745'>CCACCGGCAGTCAG</word>
   <word score='9.72389955544322'>GCAGGCGCCATGGC</word>
   <word score='9.91727094842376'>CCACGCCCCGTCGC</word>
   <word score='8.55707901674857'>GCCGCCGACATTGA</word>
   <word score='6.66507413252946'>GCTGCGCCGGTCTA</word>
  </word-list>
 </motif>
</smallbismark>