<?xml version='1.0' encoding='UTF-8'?>
<smallbismark>
 <comment name='WARNING'>This is a draft version of small-BiSMark. Specification is the subject to change!</comment>
 <motif name='Med' id='MED.MTF'>
  <comment name='discrete information content by position'>[-0.25993019270998, -0.531061905256154, 0.0, -0.704348700395974, 0.0, -0.503168961341719]</comment>
  <comment name='discrete information content'>-1.99850975970383</comment>
  <comment name='number of sequences in the corresponding alignment'>8</comment>
  <PPM length='6'>
   <pm-column position='1'>
    <a>0.125</a>
    <c>0.875</c>
    <g>0.0</g>
    <t>0.0</t>
   </pm-column>
   <pm-column position='2'>
    <a>0.5</a>
    <c>0.5</c>
    <g>0.0</g>
    <t>0.0</t>
   </pm-column>
   <pm-column position='3'>
    <a>0.0</a>
    <c>0.0</c>
    <g>1.0</g>
    <t>0.0</t>
   </pm-column>
   <pm-column position='4'>
    <a>0.125</a>
    <c>0.5</c>
    <g>0.375</g>
    <t>0.0</t>
   </pm-column>
   <pm-column position='5'>
    <a>0.0</a>
    <c>1.0</c>
    <g>0.0</g>
    <t>0.0</t>
   </pm-column>
   <pm-column position='6'>
    <a>0.375</a>
    <c>0.0</c>
    <g>0.625</g>
    <t>0.0</t>
   </pm-column>
  </PPM>
  <PWM length='6'>
   <pm-column position='1'>
    <a>-0.587786664902119</a>
    <c>1.17007125265025</c>
    <g>-2.19722457733622</g>
    <t>-2.19722457733622</t>
   </pm-column>
   <pm-column position='2'>
    <a>0.635988766719997</a>
    <c>0.635988766719997</c>
    <g>-2.19722457733622</g>
    <t>-2.19722457733622</t>
   </pm-column>
   <pm-column position='3'>
    <a>-2.19722457733622</a>
    <c>-2.19722457733622</c>
    <g>1.29928298413026</g>
    <t>-2.19722457733622</t>
   </pm-column>
   <pm-column position='4'>
    <a>-0.587786664902119</a>
    <c>0.635988766719997</c>
    <g>0.367724780125317</g>
    <t>-2.19722457733622</t>
   </pm-column>
   <pm-column position='5'>
    <a>-2.19722457733622</a>
    <c>1.29928298413026</c>
    <g>-2.19722457733622</g>
    <t>-2.19722457733622</t>
   </pm-column>
   <pm-column position='6'>
    <a>0.367724780125317</a>
    <c>-2.19722457733622</c>
    <g>0.847297860387204</g>
    <t>-2.19722457733622</t>
   </pm-column>
  </PWM>
  <word-list size='8'>
   <word score='2.90627926556348'>AAGACG</word>
   <word score='5.88791261473797'>CAGCCG</word>
   <word score='5.40833953447609'>CCGCCA</word>
   <word score='5.14007554788141'>CCGGCA</word>
   <word score='5.61964862814329'>CAGGCG</word>
   <word score='5.40833953447609'>CAGCCA</word>
   <word score='5.88791261473797'>CCGCCG</word>
   <word score='5.61964862814329'>CCGGCG</word>
  </word-list>
 </motif>
</smallbismark>