<?xml version='1.0' encoding='UTF-8'?>
<smallbismark>
 <comment name='WARNING'>This is a draft version of small-BiSMark. Specification is the subject to change!</comment>
 <motif name='en' id='EN.MTF'>
  <comment name='discrete information content by position'>[-1.07907467857341, -1.24057086004403, -1.03212743403306, -1.19630226128804, -1.13886703459783, -0.340848900796567, -0.182676954523258, -0.143440801356565, -1.15002881488693, -0.308853195988923, -1.13489849595144, -0.989313979554033]</comment>
  <comment name='discrete information content'>-9.93700341159409</comment>
  <comment name='number of sequences in the corresponding alignment'>56</comment>
  <PPM length='12'>
   <pm-column position='1'>
    <a>0.517857142857143</a>
    <c>0.196428571428571</c>
    <g>0.0714285714285714</g>
    <t>0.214285714285714</t>
   </pm-column>
   <pm-column position='2'>
    <a>0.232142857142857</a>
    <c>0.160714285714286</c>
    <g>0.25</g>
    <t>0.357142857142857</t>
   </pm-column>
   <pm-column position='3'>
    <a>0.0357142857142857</a>
    <c>0.142857142857143</c>
    <g>0.428571428571429</g>
    <t>0.392857142857143</t>
   </pm-column>
   <pm-column position='4'>
    <a>0.0892857142857143</a>
    <c>0.321428571428571</c>
    <g>0.303571428571429</g>
    <t>0.285714285714286</t>
   </pm-column>
   <pm-column position='5'>
    <a>0.303571428571429</a>
    <c>0.375</c>
    <g>0.0535714285714286</g>
    <t>0.267857142857143</t>
   </pm-column>
   <pm-column position='6'>
    <a>0.892857142857143</a>
    <c>0.0178571428571429</c>
    <g>0.0892857142857143</g>
    <t>0.0</t>
   </pm-column>
   <pm-column position='7'>
    <a>0.946428571428571</a>
    <c>0.0535714285714286</c>
    <g>0.0</g>
    <t>0.0</t>
   </pm-column>
   <pm-column position='8'>
    <a>0.0178571428571429</a>
    <c>0.0</c>
    <g>0.0178571428571429</g>
    <t>0.964285714285714</t>
   </pm-column>
   <pm-column position='9'>
    <a>0.214285714285714</a>
    <c>0.142857142857143</c>
    <g>0.160714285714286</g>
    <t>0.482142857142857</t>
   </pm-column>
   <pm-column position='10'>
    <a>0.892857142857143</a>
    <c>0.0</c>
    <g>0.107142857142857</g>
    <t>0.0</t>
   </pm-column>
   <pm-column position='11'>
    <a>0.5</a>
    <c>0.142857142857143</c>
    <g>0.196428571428571</g>
    <t>0.160714285714286</t>
   </pm-column>
   <pm-column position='12'>
    <a>0.321428571428571</a>
    <c>0.232142857142857</c>
    <g>0.0</g>
    <t>0.446428571428571</t>
   </pm-column>
  </PPM>
  <PWM length='12'>
   <pm-column position='1'>
    <a>0.719122666963206</a>
    <c>-0.23638877806423</c>
    <g>-1.20983792377833</g>
    <t>-0.151230969723924</t>
   </pm-column>
   <pm-column position='2'>
    <a>-0.0727593542824283</a>
    <c>-0.432133355190326</c>
    <g>0.0</g>
    <t>0.351397886837889</t>
   </pm-column>
   <pm-column position='3'>
    <a>-1.84582669049833</a>
    <c>-0.54654370636807</c>
    <g>0.531659710668833</g>
    <t>0.44558510189759</t>
   </pm-column>
   <pm-column position='4'>
    <a>-0.998528830111127</a>
    <c>0.247408173313841</c>
    <g>0.191055236762709</g>
    <t>0.131336002061087</t>
   </pm-column>
   <pm-column position='5'>
    <a>0.191055236762709</a>
    <c>0.399599988655766</c>
    <g>-1.47810191037301</g>
    <t>0.0678225963387611</t>
   </pm-column>
   <pm-column position='6'>
    <a>1.26025364022453</a>
    <c>-2.43361335540045</c>
    <g>-0.998528830111127</g>
    <t>-4.04305126783455</t>
   </pm-column>
   <pm-column position='7'>
    <a>1.31824089787488</a>
    <c>-1.47810191037301</c>
    <g>-4.04305126783455</g>
    <t>-4.04305126783455</t>
   </pm-column>
   <pm-column position='8'>
    <a>-2.43361335540045</a>
    <c>-4.04305126783455</c>
    <g>-2.43361335540045</g>
    <t>1.33684608570591</t>
   </pm-column>
   <pm-column position='9'>
    <a>-0.151230969723924</a>
    <c>-0.54654370636807</c>
    <g>-0.432133355190326</g>
    <t>0.648296614394594</t>
   </pm-column>
   <pm-column position='10'>
    <a>1.26025364022453</a>
    <c>-4.04305126783455</c>
    <g>-0.824175442966349</g>
    <t>-4.04305126783455</t>
   </pm-column>
   <pm-column position='11'>
    <a>0.68433655087779</a>
    <c>-0.54654370636807</c>
    <g>-0.23638877806423</g>
    <t>-0.432133355190326</t>
   </pm-column>
   <pm-column position='12'>
    <a>0.247408173313841</a>
    <c>-0.0727593542824283</c>
    <g>-4.04305126783455</g>
    <t>0.572069249006709</t>
   </pm-column>
  </PWM>
  <word-list size='57'>
   <word score='5.70828520483733'>TATTAAATAATT</word>
   <word score='5.70828520483733'>TATTAAATAATT</word>
   <word score='6.07999189889122'>AAATTAATTAAT</word>
   <word score='6.29177677731871'>ACTTTAATAAGT</word>
   <word score='5.51956965008848'>ACTGCAATAGAT</word>
   <word score='5.00298798656658'>AGTATAATCATT</word>
   <word score='5.08482072600272'>ATTGTAAGTAAT</word>
   <word score='7.25004106956199'>AGGCAAATCAAA</word>
   <word score='6.27162726619957'>AACTAAATTACT</word>
   <word score='6.12245076458352'>ATTTAACTTAAT</word>
   <word score='6.09694623437995'>TTGCTAATAACT</word>
   <word score='6.54388176376237'>ACTCCAATAATT</word>
   <word score='6.86351215955235'>AATTCAATCAAC</word>
   <word score='6.80841972748987'>CTGCCAATTAGC</word>
   <word score='5.13237905977411'>AAGCTACTTAAC</word>
   <word score='3.2225877035926'>TTGCTGATGAGC</word>
   <word score='0.121738331614004'>ACTTGGATGGGT</word>
   <word score='7.469311811853'>ATTCAAATTAGC</word>
   <word score='5.60083106576383'>CTTACAATTATA</word>
   <word score='7.65075528393284'>ATGTTAATTACT</word>
   <word score='9.06458741630427'>ATGGAAATTAAT</word>
   <word score='5.6573187612453'>AATACAATAATT</word>
   <word score='4.34400221332729'>GGGGAAATCAGA</word>
   <word score='4.47892926041136'>CGCGCAATTGAA</word>
   <word score='6.57983548514417'>TTTGTAATGAAA</word>
   <word score='4.80337381645116'>AGGGGAATAATA</word>
   <word score='3.79773575922202'>AAACAAATGATA</word>
   <word score='6.09843642908122'>TCGCTAATTAGA</word>
   <word score='6.89357753583017'>TTGCCAATTAGC</word>
   <word score='7.58184252593752'>CGGTCAATTAAA</word>
   <word score='8.59413249713854'>ATTTAAATTAAA</word>
   <word score='6.74346703437968'>CCTTCAATTAAC</word>
   <word score='8.88875185780284'>ATGTCAATTAAA</word>
   <word score='1.10947528334106'>GAGCCACTCACC</word>
   <word score='7.86374180982947'>CATCCAATTAAT</word>
   <word score='7.2477180783295'>TATGCAATTAAC</word>
   <word score='6.79471339587688'>TAGTCAATAAAA</word>
   <word score='7.52360546259255'>AGGAAAATTAAT</word>
   <word score='5.13670464553966'>CCTGCAATGACT</word>
   <word score='7.36445142073973'>AGGCAAATGAAA</word>
   <word score='7.04011042384601'>AATAAAATTAAA</word>
   <word score='3.38416868571548'>TTTCAGATGATA</word>
   <word score='3.61188264442419'>TGGGCAATAGCA</word>
   <word score='4.19682452600791'>GGCCAAATTAGC</word>
   <word score='4.37126207871389'>ATGGTGATCATT</word>
   <word score='3.60071921816414'>TCGGCCATTAAA</word>
   <word score='5.39621236558794'>CTGCTAATGAGC</word>
   <word score='4.70314514297246'>ATGGCAAAAAAT</word>
   <word score='4.74373195855206'>CTTGAAATCGAT</word>
   <word score='7.09393589793106'>CAGGCAATAAAT</word>
   <word score='2.88775867132997'>ATCCAAATCGCC</word>
   <word score='6.90595402968245'>ATCGAAATGAAT</word>
   <word score='3.74889557956061'>AGCTTGATAAAC</word>
   <word score='7.60472377179489'>CGTCTAATTAAT</word>
   <word score='6.61189902714034'>ACGGGAATTAAT</word>
   <word score='5.35791665999506'>TGCTCAATTACA</word>
   <word score='4.60234831762035'>GGCTTAATTAGT</word>
  </word-list>
 </motif>
</smallbismark>