<?xml version='1.0' encoding='UTF-8'?>
<smallbismark>
 <comment name='WARNING'>This is a draft version of small-BiSMark. Specification is the subject to change!</comment>
 <motif name='ap' id='AP.MTF'>
  <comment name='discrete information content by position'>[-0.864407973581811, -0.188504094972519, 0.0, 0.0, -1.05291206855432, -0.322204250461298, -0.571954790570238, -0.835446180149701, -0.98746273056751]</comment>
  <comment name='discrete information content'>-4.8228920888574</comment>
  <comment name='number of sequences in the corresponding alignment'>14</comment>
  <PPM length='9'>
   <pm-column position='1'>
    <a>0.142857142857143</a>
    <c>0.214285714285714</c>
    <g>0.0714285714285714</g>
    <t>0.571428571428571</t>
   </pm-column>
   <pm-column position='2'>
    <a>0.928571428571429</a>
    <c>0.0714285714285714</c>
    <g>0.0</g>
    <t>0.0</t>
   </pm-column>
   <pm-column position='3'>
    <a>1.0</a>
    <c>0.0</c>
    <g>0.0</g>
    <t>0.0</t>
   </pm-column>
   <pm-column position='4'>
    <a>0.0</a>
    <c>0.0</c>
    <g>0.0</g>
    <t>1.0</t>
   </pm-column>
   <pm-column position='5'>
    <a>0.285714285714286</a>
    <c>0.214285714285714</c>
    <g>0.142857142857143</g>
    <t>0.357142857142857</t>
   </pm-column>
   <pm-column position='6'>
    <a>0.857142857142857</a>
    <c>0.0</c>
    <g>0.142857142857143</g>
    <t>0.0</t>
   </pm-column>
   <pm-column position='7'>
    <a>0.428571428571429</a>
    <c>0.0</c>
    <g>0.0</g>
    <t>0.571428571428571</t>
   </pm-column>
   <pm-column position='8'>
    <a>0.5</a>
    <c>0.285714285714286</c>
    <g>0.214285714285714</g>
    <t>0.0</t>
   </pm-column>
   <pm-column position='9'>
    <a>0.214285714285714</a>
    <c>0.357142857142857</c>
    <g>0.0714285714285714</g>
    <t>0.357142857142857</t>
   </pm-column>
  </PPM>
  <PWM length='9'>
   <pm-column position='1'>
    <a>-0.510825623765991</a>
    <c>-0.143100843640673</c>
    <g>-1.09861228866811</g>
    <t>0.78845736036427</t>
   </pm-column>
   <pm-column position='2'>
    <a>1.26224171244991</a>
    <c>-1.09861228866811</c>
    <g>-2.70805020110221</g>
    <t>-2.70805020110221</t>
   </pm-column>
   <pm-column position='3'>
    <a>1.33500106673234</a>
    <c>-2.70805020110221</c>
    <g>-2.70805020110221</g>
    <t>-2.70805020110221</t>
   </pm-column>
   <pm-column position='4'>
    <a>-2.70805020110221</a>
    <c>-2.70805020110221</c>
    <g>-2.70805020110221</g>
    <t>1.33500106673234</t>
   </pm-column>
   <pm-column position='5'>
    <a>0.125163142954006</a>
    <c>-0.143100843640673</c>
    <g>-0.510825623765991</g>
    <t>0.336472236621213</t>
   </pm-column>
   <pm-column position='6'>
    <a>1.18377009700842</a>
    <c>-2.70805020110221</c>
    <g>-0.510825623765991</g>
    <t>-2.70805020110221</t>
   </pm-column>
   <pm-column position='7'>
    <a>0.510825623765991</a>
    <c>-2.70805020110221</c>
    <g>-2.70805020110221</g>
    <t>0.78845736036427</t>
   </pm-column>
   <pm-column position='8'>
    <a>0.659245628884264</a>
    <c>0.125163142954006</c>
    <g>-0.143100843640673</g>
    <t>-2.70805020110221</t>
   </pm-column>
   <pm-column position='9'>
    <a>-0.143100843640673</a>
    <c>0.336472236621213</c>
    <g>-1.09861228866811</g>
    <t>0.336472236621213</t>
   </pm-column>
  </PWM>
  <word-list size='14'>
   <word score='5.98044420205051'>AAATAATCT</word>
   <word score='3.96388031570956'>CAATTGTAG</word>
   <word score='7.27972718618077'>TAATAATCC</word>
   <word score='6.90018916879276'>TAATGAAAT</word>
   <word score='5.53400927238819'>CAATCAAGC</word>
   <word score='6.09784269626782'>TAATGAAGC</word>
   <word score='4.37297746186979'>TCATTAACA</word>
   <word score='7.26791394891807'>TAATTAAAA</word>
   <word score='6.05289130840555'>TAATTGAAT</word>
   <word score='6.07990499558115'>CAATCATCT</word>
   <word score='6.51452668798077'>AAATAATAT</word>
   <word score='6.13804911674586'>GAATTATAC</word>
   <word score='7.06597260525447'>TAATCATAA</word>
   <word score='7.01146319958609'>TAATAATGC</word>
  </word-list>
 </motif>
</smallbismark>