<?xml version='1.0' encoding='UTF-8'?>
<smallbismark>
 <comment name='WARNING'>This is a draft version of small-BiSMark. Specification is the subject to change!</comment>
 <motif name='ap' id='AP.MTF'>
  <comment name='discrete information content by position'>[-0.499697582589012, -0.571954790570238, -0.875418736430897, -0.835446180149701, -1.00340155566147, -0.707463360914938, -0.322204250461298, 0.0, -1.00340155565309, 0.0, -0.54299299713394]</comment>
  <comment name='discrete information content'>-6.36198100956459</comment>
  <comment name='number of sequences in the corresponding alignment'>14</comment>
  <PPM length='11'>
   <pm-column position='1'>
    <a>0.142857142857143</a>
    <c>0.0714285714285714</c>
    <g>0.0</g>
    <t>0.785714285714286</t>
   </pm-column>
   <pm-column position='2'>
    <a>0.0</a>
    <c>0.0</c>
    <g>0.428571428571429</g>
    <t>0.571428571428571</t>
   </pm-column>
   <pm-column position='3'>
    <a>0.0</a>
    <c>0.428571428571429</c>
    <g>0.285714285714286</g>
    <t>0.285714285714286</t>
   </pm-column>
   <pm-column position='4'>
    <a>0.0</a>
    <c>0.285714285714286</c>
    <g>0.214285714285714</g>
    <t>0.5</t>
   </pm-column>
   <pm-column position='5'>
    <a>0.285714285714286</a>
    <c>0.0714285714285714</c>
    <g>0.285714285714286</g>
    <t>0.357142857142857</t>
   </pm-column>
   <pm-column position='6'>
    <a>0.642857142857143</a>
    <c>0.214285714285714</c>
    <g>0.142857142857143</g>
    <t>0.0</t>
   </pm-column>
   <pm-column position='7'>
    <a>0.857142857142857</a>
    <c>0.0</c>
    <g>0.0</g>
    <t>0.142857142857143</t>
   </pm-column>
   <pm-column position='8'>
    <a>0.0</a>
    <c>0.0</c>
    <g>0.0</g>
    <t>1.0</t>
   </pm-column>
   <pm-column position='9'>
    <a>0.142857142857143</a>
    <c>0.142857142857143</c>
    <g>0.285714285714286</g>
    <t>0.428571428571429</t>
   </pm-column>
   <pm-column position='10'>
    <a>1.0</a>
    <c>0.0</c>
    <g>0.0</g>
    <t>0.0</t>
   </pm-column>
   <pm-column position='11'>
    <a>0.357142857142857</a>
    <c>0.0</c>
    <g>0.0</g>
    <t>0.642857142857143</t>
   </pm-column>
  </PPM>
  <PWM length='11'>
   <pm-column position='1'>
    <a>-0.510825623765991</a>
    <c>-1.09861228866811</c>
    <g>-2.70805020110221</g>
    <t>1.09861228866811</t>
   </pm-column>
   <pm-column position='2'>
    <a>-2.70805020110221</a>
    <c>-2.70805020110221</c>
    <g>0.510825623765991</g>
    <t>0.78845736036427</t>
   </pm-column>
   <pm-column position='3'>
    <a>-2.70805020110221</a>
    <c>0.510825623765991</c>
    <g>0.125163142954006</g>
    <t>0.125163142954006</t>
   </pm-column>
   <pm-column position='4'>
    <a>-2.70805020110221</a>
    <c>0.125163142954006</c>
    <g>-0.143100843640673</g>
    <t>0.659245628884264</t>
   </pm-column>
   <pm-column position='5'>
    <a>0.125163142954006</a>
    <c>-1.09861228866811</c>
    <g>0.125163142954006</g>
    <t>0.336472236621213</t>
   </pm-column>
   <pm-column position='6'>
    <a>0.902867711542014</a>
    <c>-0.143100843640673</c>
    <g>-0.510825623765991</g>
    <t>-2.70805020110221</t>
   </pm-column>
   <pm-column position='7'>
    <a>1.18377009700842</a>
    <c>-2.70805020110221</c>
    <g>-2.70805020110221</g>
    <t>-0.510825623765991</t>
   </pm-column>
   <pm-column position='8'>
    <a>-2.70805020110221</a>
    <c>-2.70805020110221</c>
    <g>-2.70805020110221</g>
    <t>1.33500106673234</t>
   </pm-column>
   <pm-column position='9'>
    <a>-0.510825623765991</a>
    <c>-0.510825623765991</c>
    <g>0.125163142954006</g>
    <t>0.510825623765991</t>
   </pm-column>
   <pm-column position='10'>
    <a>1.33500106673234</a>
    <c>-2.70805020110221</c>
    <g>-2.70805020110221</g>
    <t>-2.70805020110221</t>
   </pm-column>
   <pm-column position='11'>
    <a>0.336472236621213</a>
    <c>-2.70805020110221</c>
    <g>-2.70805020110221</g>
    <t>0.902867711542014</t>
   </pm-column>
  </PWM>
  <word-list size='14'>
   <word score='6.4439164253954'>AGCTAAATAAT</word>
   <word score='7.55328150583977'>TTGTAGATTAT</word>
   <word score='5.14149712088073'>ATTGGGATTAT</word>
   <word score='8.3342567232959'>TGCTTAATGAA</word>
   <word score='5.30666559844843'>TTTCGCTTGAT</word>
   <word score='7.67395064892519'>TGCTTCATTAA</word>
   <word score='8.22622597908219'>TTGTTAATGAA</word>
   <word score='8.07780597396392'>TTTCTAATTAA</word>
   <word score='4.23112733151806'>CGCTAATTGAA</word>
   <word score='5.91920168946874'>TTGGCAATCAT</word>
   <word score='7.79690358849752'>TTCCAAATAAT</word>
   <word score='8.16462836862283'>TTTGGAATTAT</word>
   <word score='8.2646634314967'>TGCTTAATCAT</word>
   <word score='7.10929206343655'>TGGCGCATTAT</word>
  </word-list>
 </motif>
</smallbismark>