<?xml version='1.0' encoding='UTF-8'?>
<smallbismark>
 <comment name='WARNING'>This is a draft version of small-BiSMark. Specification is the subject to change!</comment>
 <motif name='ap' id='AP.MTF'>
  <PPM length='13'>
   <pm-column position='1'>
    <a>0.642857142857143</a>
    <c>0.0</c>
    <g>0.214285714285714</g>
    <t>0.142857142857143</t>
   </pm-column>
   <pm-column position='2'>
    <a>0.0714285714285714</a>
    <c>0.0</c>
    <g>0.0</g>
    <t>0.928571428571429</t>
   </pm-column>
   <pm-column position='3'>
    <a>0.285714285714286</a>
    <c>0.0</c>
    <g>0.0714285714285714</g>
    <t>0.642857142857143</t>
   </pm-column>
   <pm-column position='4'>
    <a>0.0</a>
    <c>0.142857142857143</c>
    <g>0.428571428571429</g>
    <t>0.428571428571429</t>
   </pm-column>
   <pm-column position='5'>
    <a>0.0</a>
    <c>0.5</c>
    <g>0.142857142857143</g>
    <t>0.357142857142857</t>
   </pm-column>
   <pm-column position='6'>
    <a>0.285714285714286</a>
    <c>0.0</c>
    <g>0.357142857142857</g>
    <t>0.357142857142857</t>
   </pm-column>
   <pm-column position='7'>
    <a>0.428571428571429</a>
    <c>0.285714285714286</c>
    <g>0.214285714285714</g>
    <t>0.0714285714285714</t>
   </pm-column>
   <pm-column position='8'>
    <a>0.928571428571429</a>
    <c>0.0</c>
    <g>0.0</g>
    <t>0.0714285714285714</t>
   </pm-column>
   <pm-column position='9'>
    <a>0.0714285714285714</a>
    <c>0.0</c>
    <g>0.0</g>
    <t>0.928571428571429</t>
   </pm-column>
   <pm-column position='10'>
    <a>0.142857142857143</a>
    <c>0.0</c>
    <g>0.357142857142857</g>
    <t>0.5</t>
   </pm-column>
   <pm-column position='11'>
    <a>0.928571428571429</a>
    <c>0.0</c>
    <g>0.0</g>
    <t>0.0714285714285714</t>
   </pm-column>
   <pm-column position='12'>
    <a>0.285714285714286</a>
    <c>0.0</c>
    <g>0.0</g>
    <t>0.714285714285714</t>
   </pm-column>
   <pm-column position='13'>
    <a>0.214285714285714</a>
    <c>0.0</c>
    <g>0.285714285714286</g>
    <t>0.5</t>
   </pm-column>
  </PPM>
  <PWM length='13'>
   <pm-column position='1'>
    <a>0.902867711542014</a>
    <c>-2.70805020110221</c>
    <g>-0.143100843640673</g>
    <t>-0.510825623765991</t>
   </pm-column>
   <pm-column position='2'>
    <a>-1.09861228866811</a>
    <c>-2.70805020110221</c>
    <g>-2.70805020110221</g>
    <t>1.26224171244991</t>
   </pm-column>
   <pm-column position='3'>
    <a>0.125163142954006</a>
    <c>-2.70805020110221</c>
    <g>-1.09861228866811</g>
    <t>0.902867711542014</t>
   </pm-column>
   <pm-column position='4'>
    <a>-2.70805020110221</a>
    <c>-0.510825623765991</c>
    <g>0.510825623765991</g>
    <t>0.510825623765991</t>
   </pm-column>
   <pm-column position='5'>
    <a>-2.70805020110221</a>
    <c>0.659245628884264</c>
    <g>-0.510825623765991</g>
    <t>0.336472236621213</t>
   </pm-column>
   <pm-column position='6'>
    <a>0.125163142954006</a>
    <c>-2.70805020110221</c>
    <g>0.336472236621213</g>
    <t>0.336472236621213</t>
   </pm-column>
   <pm-column position='7'>
    <a>0.510825623765991</a>
    <c>0.125163142954006</c>
    <g>-0.143100843640673</g>
    <t>-1.09861228866811</t>
   </pm-column>
   <pm-column position='8'>
    <a>1.26224171244991</a>
    <c>-2.70805020110221</c>
    <g>-2.70805020110221</g>
    <t>-1.09861228866811</t>
   </pm-column>
   <pm-column position='9'>
    <a>-1.09861228866811</a>
    <c>-2.70805020110221</c>
    <g>-2.70805020110221</g>
    <t>1.26224171244991</t>
   </pm-column>
   <pm-column position='10'>
    <a>-0.510825623765991</a>
    <c>-2.70805020110221</c>
    <g>0.336472236621213</g>
    <t>0.659245628884264</t>
   </pm-column>
   <pm-column position='11'>
    <a>1.26224171244991</a>
    <c>-2.70805020110221</c>
    <g>-2.70805020110221</g>
    <t>-1.09861228866811</t>
   </pm-column>
   <pm-column position='12'>
    <a>0.125163142954006</a>
    <c>-2.70805020110221</c>
    <g>-2.70805020110221</g>
    <t>1.0055218656021</t>
   </pm-column>
   <pm-column position='13'>
    <a>-0.143100843640673</a>
    <c>-2.70805020110221</c>
    <g>0.125163142954006</g>
    <t>0.659245628884264</t>
   </pm-column>
  </PWM>
  <word-list size='14'>
   <word score='10.0080755559548'>ATTGTAGATTATT</word>
   <word score='10.0080755559548'>ATTGTAGATTATT</word>
   <word score='7.01123278811682'>AATTGGGATTATT</word>
   <word score='8.29550285905037'>ATATTTCATTAAG</word>
   <word score='6.7131012997907'>TTTTCGCTTGATT</word>
   <word score='8.09012796100462'>GTTGTTAATGAAG</word>
   <word score='8.09012796100462'>GTTGTTAATGAAG</word>
   <word score='8.46741075893604'>GTTTCTAATTAAA</word>
   <word score='5.08809887081549'>TTAGCGCATATTT</word>
   <word score='6.98936096772521'>ATATCAAAAGATG</word>
   <word score='7.99070644291738'>ATTCCAAATAATA</word>
   <word score='9.22366678411657'>ATTTGGAATTATA</word>
   <word score='7.46451738847462'>ATACCTTATGATT</word>
   <word score='8.80894202826965'>ATGGCGCATTATT</word>
  </word-list>
 </motif>
</smallbismark>