<?xml version='1.0' encoding='UTF-8'?>
<smallbismark>
 <comment name='WARNING'>This is a draft version of small-BiSMark. Specification is the subject to change!</comment>
 <motif name='ap' id='AP.MTF'>
  <comment name='discrete information content by position'>[0.0, -0.188504094972519, 0.0, -1.05291206855432, -0.322204250461298, -0.699937609800813, -0.785935667252467]</comment>
  <comment name='discrete information content'>-3.04949369104142</comment>
  <comment name='number of sequences in the corresponding alignment'>14</comment>
  <PPM length='7'>
   <pm-column position='1'>
    <a>1.0</a>
    <c>0.0</c>
    <g>0.0</g>
    <t>0.0</t>
   </pm-column>
   <pm-column position='2'>
    <a>0.928571428571429</a>
    <c>0.0</c>
    <g>0.0</g>
    <t>0.0714285714285714</t>
   </pm-column>
   <pm-column position='3'>
    <a>0.0</a>
    <c>0.0</c>
    <g>0.0</g>
    <t>1.0</t>
   </pm-column>
   <pm-column position='4'>
    <a>0.357142857142857</a>
    <c>0.214285714285714</c>
    <g>0.142857142857143</g>
    <t>0.285714285714286</t>
   </pm-column>
   <pm-column position='5'>
    <a>0.857142857142857</a>
    <c>0.0</c>
    <g>0.142857142857143</g>
    <t>0.0</t>
   </pm-column>
   <pm-column position='6'>
    <a>0.357142857142857</a>
    <c>0.0714285714285714</c>
    <g>0.0</g>
    <t>0.571428571428571</t>
   </pm-column>
   <pm-column position='7'>
    <a>0.571428571428571</a>
    <c>0.214285714285714</c>
    <g>0.214285714285714</g>
    <t>0.0</t>
   </pm-column>
  </PPM>
  <PWM length='7'>
   <pm-column position='1'>
    <a>1.33500106673234</a>
    <c>-2.70805020110221</c>
    <g>-2.70805020110221</g>
    <t>-2.70805020110221</t>
   </pm-column>
   <pm-column position='2'>
    <a>1.26224171244991</a>
    <c>-2.70805020110221</c>
    <g>-2.70805020110221</g>
    <t>-1.09861228866811</t>
   </pm-column>
   <pm-column position='3'>
    <a>-2.70805020110221</a>
    <c>-2.70805020110221</c>
    <g>-2.70805020110221</g>
    <t>1.33500106673234</t>
   </pm-column>
   <pm-column position='4'>
    <a>0.336472236621213</a>
    <c>-0.143100843640673</c>
    <g>-0.510825623765991</g>
    <t>0.125163142954006</t>
   </pm-column>
   <pm-column position='5'>
    <a>1.18377009700842</a>
    <c>-2.70805020110221</c>
    <g>-0.510825623765991</g>
    <t>-2.70805020110221</t>
   </pm-column>
   <pm-column position='6'>
    <a>0.336472236621213</a>
    <c>-1.09861228866811</c>
    <g>-2.70805020110221</g>
    <t>0.78845736036427</t>
   </pm-column>
   <pm-column position='7'>
    <a>0.78845736036427</a>
    <c>-0.143100843640673</c>
    <g>-0.143100843640673</g>
    <t>-2.70805020110221</t>
   </pm-column>
  </PWM>
  <word-list size='14'>
   <word score='6.09784269626782'>AATAATC</word>
   <word score='5.12349608583115'>AATTGTA</word>
   <word score='6.09784269626782'>AATAATC</word>
   <word score='5.7301179161425'>AATGAAA</word>
   <word score='5.16628449226287'>AATCAAG</word>
   <word score='4.79855971213756'>AATGAAG</word>
   <word score='2.78147725012236'>ATTAACA</word>
   <word score='6.3661066828625'>AATTAAA</word>
   <word score='4.67151096208809'>AATTGAA</word>
   <word score='5.61826961600593'>AATCATC</word>
   <word score='7.02940090027276'>AATAATA</word>
   <word score='6.81809180660555'>AATTATA</word>
   <word score='6.54982782001087'>AATCATA</word>
   <word score='6.09784269626782'>AATAATG</word>
  </word-list>
 </motif>
</smallbismark>