<?xml version='1.0' encoding='UTF-8'?>
<smallbismark>
 <comment name='WARNING'>This is a draft version of small-BiSMark. Specification is the subject to change!</comment>
 <motif name='ap' id='AP.MTF'>
  <comment name='discrete information content by position'>[-0.864407973581811, 0.0, 0.0, -0.188504094972519, -1.05291206855432, -0.322204250461298, -0.699937609800813, -0.785935667252467]</comment>
  <comment name='discrete information content'>-3.91390166462323</comment>
  <comment name='number of sequences in the corresponding alignment'>14</comment>
  <PPM length='8'>
   <pm-column position='1'>
    <a>0.142857142857143</a>
    <c>0.214285714285714</c>
    <g>0.0714285714285714</g>
    <t>0.571428571428571</t>
   </pm-column>
   <pm-column position='2'>
    <a>1.0</a>
    <c>0.0</c>
    <g>0.0</g>
    <t>0.0</t>
   </pm-column>
   <pm-column position='3'>
    <a>1.0</a>
    <c>0.0</c>
    <g>0.0</g>
    <t>0.0</t>
   </pm-column>
   <pm-column position='4'>
    <a>0.0</a>
    <c>0.0714285714285714</c>
    <g>0.0</g>
    <t>0.928571428571429</t>
   </pm-column>
   <pm-column position='5'>
    <a>0.357142857142857</a>
    <c>0.214285714285714</c>
    <g>0.142857142857143</g>
    <t>0.285714285714286</t>
   </pm-column>
   <pm-column position='6'>
    <a>0.857142857142857</a>
    <c>0.0</c>
    <g>0.142857142857143</g>
    <t>0.0</t>
   </pm-column>
   <pm-column position='7'>
    <a>0.357142857142857</a>
    <c>0.0714285714285714</c>
    <g>0.0</g>
    <t>0.571428571428571</t>
   </pm-column>
   <pm-column position='8'>
    <a>0.571428571428571</a>
    <c>0.214285714285714</c>
    <g>0.214285714285714</g>
    <t>0.0</t>
   </pm-column>
  </PPM>
  <PWM length='8'>
   <pm-column position='1'>
    <a>-0.510825623765991</a>
    <c>-0.143100843640673</c>
    <g>-1.09861228866811</g>
    <t>0.78845736036427</t>
   </pm-column>
   <pm-column position='2'>
    <a>1.33500106673234</a>
    <c>-2.70805020110221</c>
    <g>-2.70805020110221</g>
    <t>-2.70805020110221</t>
   </pm-column>
   <pm-column position='3'>
    <a>1.33500106673234</a>
    <c>-2.70805020110221</c>
    <g>-2.70805020110221</g>
    <t>-2.70805020110221</t>
   </pm-column>
   <pm-column position='4'>
    <a>-2.70805020110221</a>
    <c>-1.09861228866811</c>
    <g>-2.70805020110221</g>
    <t>1.26224171244991</t>
   </pm-column>
   <pm-column position='5'>
    <a>0.336472236621213</a>
    <c>-0.143100843640673</c>
    <g>-0.510825623765991</g>
    <t>0.125163142954006</t>
   </pm-column>
   <pm-column position='6'>
    <a>1.18377009700842</a>
    <c>-2.70805020110221</c>
    <g>-0.510825623765991</g>
    <t>-2.70805020110221</t>
   </pm-column>
   <pm-column position='7'>
    <a>0.336472236621213</a>
    <c>-1.09861228866811</c>
    <g>-2.70805020110221</g>
    <t>0.78845736036427</t>
   </pm-column>
   <pm-column position='8'>
    <a>0.78845736036427</a>
    <c>-0.143100843640673</c>
    <g>-0.143100843640673</g>
    <t>-2.70805020110221</t>
   </pm-column>
  </PWM>
  <word-list size='14'>
   <word score='5.58701707250183'>AAATAATC</word>
   <word score='4.98039524219047'>CAATTGTA</word>
   <word score='6.88630005663209'>TAATAATC</word>
   <word score='6.51857527650677'>TAATGAAA</word>
   <word score='5.0231836486222'>CAATCAAG</word>
   <word score='5.58701707250183'>TAATGAAG</word>
   <word score='3.56993461048663'>TAACAACA</word>
   <word score='7.15456404322677'>TAATTAAA</word>
   <word score='5.45996832245236'>TAATTGAA</word>
   <word score='5.47516877236526'>CAATCATC</word>
   <word score='6.51857527650677'>AAATAATA</word>
   <word score='5.71947951793744'>GAATTATA</word>
   <word score='7.33828518037515'>TAATCATA</word>
   <word score='6.88630005663209'>TAATAATG</word>
  </word-list>
 </motif>
</smallbismark>