<?xml version='1.0' encoding='UTF-8'?>
<smallbismark>
 <comment name='WARNING'>This is a draft version of small-BiSMark. Specification is the subject to change!</comment>
 <motif name='ap' id='AP.MTF'>
  <PPM length='15'>
   <pm-column position='1'>
    <a>0.571428571428571</a>
    <c>0.0714285714285714</c>
    <g>0.0</g>
    <t>0.357142857142857</t>
   </pm-column>
   <pm-column position='2'>
    <a>0.928571428571429</a>
    <c>0.0714285714285714</c>
    <g>0.0</g>
    <t>0.0</t>
   </pm-column>
   <pm-column position='3'>
    <a>0.0</a>
    <c>0.0</c>
    <g>0.0</g>
    <t>1.0</t>
   </pm-column>
   <pm-column position='4'>
    <a>0.0</a>
    <c>0.142857142857143</c>
    <g>0.142857142857143</g>
    <t>0.714285714285714</t>
   </pm-column>
   <pm-column position='5'>
    <a>0.642857142857143</a>
    <c>0.0714285714285714</c>
    <g>0.142857142857143</g>
    <t>0.142857142857143</t>
   </pm-column>
   <pm-column position='6'>
    <a>0.0714285714285714</a>
    <c>0.0714285714285714</c>
    <g>0.214285714285714</g>
    <t>0.642857142857143</t>
   </pm-column>
   <pm-column position='7'>
    <a>0.285714285714286</a>
    <c>0.214285714285714</c>
    <g>0.0</g>
    <t>0.5</t>
   </pm-column>
   <pm-column position='8'>
    <a>0.142857142857143</a>
    <c>0.0</c>
    <g>0.5</g>
    <t>0.357142857142857</t>
   </pm-column>
   <pm-column position='9'>
    <a>0.214285714285714</a>
    <c>0.214285714285714</c>
    <g>0.428571428571429</g>
    <t>0.142857142857143</t>
   </pm-column>
   <pm-column position='10'>
    <a>0.0714285714285714</a>
    <c>0.0714285714285714</c>
    <g>0.285714285714286</g>
    <t>0.571428571428571</t>
   </pm-column>
   <pm-column position='11'>
    <a>0.285714285714286</a>
    <c>0.0</c>
    <g>0.0</g>
    <t>0.714285714285714</t>
   </pm-column>
   <pm-column position='12'>
    <a>0.428571428571429</a>
    <c>0.0</c>
    <g>0.142857142857143</g>
    <t>0.428571428571429</t>
   </pm-column>
   <pm-column position='13'>
    <a>0.142857142857143</a>
    <c>0.0</c>
    <g>0.0714285714285714</g>
    <t>0.785714285714286</t>
   </pm-column>
   <pm-column position='14'>
    <a>0.0714285714285714</a>
    <c>0.0</c>
    <g>0.0</g>
    <t>0.928571428571429</t>
   </pm-column>
   <pm-column position='15'>
    <a>0.357142857142857</a>
    <c>0.0</c>
    <g>0.0714285714285714</g>
    <t>0.571428571428571</t>
   </pm-column>
  </PPM>
  <PWM length='15'>
   <pm-column position='1'>
    <a>0.78845736036427</a>
    <c>-1.09861228866811</c>
    <g>-2.70805020110221</g>
    <t>0.336472236621213</t>
   </pm-column>
   <pm-column position='2'>
    <a>1.26224171244991</a>
    <c>-1.09861228866811</c>
    <g>-2.70805020110221</g>
    <t>-2.70805020110221</t>
   </pm-column>
   <pm-column position='3'>
    <a>-2.70805020110221</a>
    <c>-2.70805020110221</c>
    <g>-2.70805020110221</g>
    <t>1.33500106673234</t>
   </pm-column>
   <pm-column position='4'>
    <a>-2.70805020110221</a>
    <c>-0.510825623765991</c>
    <g>-0.510825623765991</g>
    <t>1.0055218656021</t>
   </pm-column>
   <pm-column position='5'>
    <a>0.902867711542014</a>
    <c>-1.09861228866811</c>
    <g>-0.510825623765991</g>
    <t>-0.510825623765991</t>
   </pm-column>
   <pm-column position='6'>
    <a>-1.09861228866811</a>
    <c>-1.09861228866811</c>
    <g>-0.143100843640673</g>
    <t>0.902867711542014</t>
   </pm-column>
   <pm-column position='7'>
    <a>0.125163142954006</a>
    <c>-0.143100843640673</c>
    <g>-2.70805020110221</g>
    <t>0.659245628884264</t>
   </pm-column>
   <pm-column position='8'>
    <a>-0.510825623765991</a>
    <c>-2.70805020110221</c>
    <g>0.659245628884264</g>
    <t>0.336472236621213</t>
   </pm-column>
   <pm-column position='9'>
    <a>-0.143100843640673</a>
    <c>-0.143100843640673</c>
    <g>0.510825623765991</g>
    <t>-0.510825623765991</t>
   </pm-column>
   <pm-column position='10'>
    <a>-1.09861228866811</a>
    <c>-1.09861228866811</c>
    <g>0.125163142954006</g>
    <t>0.78845736036427</t>
   </pm-column>
   <pm-column position='11'>
    <a>0.125163142954006</a>
    <c>-2.70805020110221</c>
    <g>-2.70805020110221</g>
    <t>1.0055218656021</t>
   </pm-column>
   <pm-column position='12'>
    <a>0.510825623765991</a>
    <c>-2.70805020110221</c>
    <g>-0.510825623765991</g>
    <t>0.510825623765991</t>
   </pm-column>
   <pm-column position='13'>
    <a>-0.510825623765991</a>
    <c>-2.70805020110221</c>
    <g>-1.09861228866811</g>
    <t>1.09861228866811</t>
   </pm-column>
   <pm-column position='14'>
    <a>-1.09861228866811</a>
    <c>-2.70805020110221</c>
    <g>-2.70805020110221</g>
    <t>1.26224171244991</t>
   </pm-column>
   <pm-column position='15'>
    <a>0.336472236621213</a>
    <c>-2.70805020110221</c>
    <g>-1.09861228866811</g>
    <t>0.78845736036427</t>
   </pm-column>
  </PWM>
  <word-list size='14'>
   <word score='10.8786882323369'>AATTGTAGATTATTT</word>
   <word score='10.8786882323369'>AATTGTAGATTATTT</word>
   <word score='11.20767832605'>TATTAGTTGTTTTTA</word>
   <word score='8.45178068580363'>AATGAAATATTTTTT</word>
   <word score='7.97933508577613'>AATTTTCGCTTGATT</word>
   <word score='6.7100021488811'>AATTCCTGGCATTTT</word>
   <word score='6.58391931040952'>TATGAGTGTGTTGTT</word>
   <word score='8.37349933816464'>TCTTTTTGGTATTTT</word>
   <word score='9.09107937683515'>AATTAGCGCATATTT</word>
   <word score='6.73419763558462'>AATCATCTTTTGATA</word>
   <word score='10.7099939411743'>TATTATTTGGAATTA</word>
   <word score='10.7099939411743'>TATTATTTGGAATTA</word>
   <word score='6.78375595076187'>AATCATAAGGTATAA</word>
   <word score='7.88225350286014'>CATTATTACTTTTTG</word>
  </word-list>
 </motif>
</smallbismark>